YEAR,STATE,ARR_HOUR,ARR_MIN,CF1,CF2,CF3,CITY,COUNTY,DAY,DAY_WEEK,DRUNK_DR,FATALS,HARM_EV,HOUR,LGT_COND,MAN_COLL,MINUTE,MONTH,NOT_HOUR,NOT_MIN,PERSONS,RAIL,REL_ROAD,SCH_BUS,SP_JUR,ST_CASE,VE_FORMS,WEATHER
76,46,94.71891892,94.71891892,4.405405405,2.205405405,1.605405405,200.0540541,75.88648649,14.81081081,4.367567568,0.427027027,1.183783784,11.15675676,14.8,1.913513514,1.259459459,25.57837838,6.794594595,94.71891892,94.71891892,2.681081081,1,2.362162162,0,0.367567568,460093,1.432432432,1.740540541
76,47,34.85784798,47.4047384,4.864758144,5.453109576,2.270483712,676.8371175,97.82922014,15.84698914,4.175715696,0.350444225,1.134254689,14.71372162,13.84698914,1.98124383,1.157946693,26.54787759,6.811451135,33.26752221,44.02566634,2.529121422,1,2.5982231,0,0.008884501,470507,1.463968411,1.393879566
76,48,35.96593407,47.0970696,0.81978022,0.072527473,0.072527473,1719.897436,233.8234432,15.8047619,4.230769231,0.00989011,1.161904762,12.90952381,13.03736264,1.795604396,1.310989011,26.47802198,6.593406593,35.94322344,46.8956044,2.643589744,1,1.838095238,0,0.000732601,481365.5,1.408424908,1.172893773
76,49,96.84615385,96.760181,2.475113122,1.126696833,0.895927602,627.4253394,32.37556561,15.66063348,4.330316742,0.176470588,1.131221719,10.85972851,13.52488688,1.909502262,0.918552036,27.5520362,6.497737557,96.84162896,97,3.095022624,1,2.131221719,0,0.004524887,490111,1.407239819,1.194570136
76,50,82.94,83.27,1.9,0.76,0,2325.49,14.54,15.27,4.4,0.37,1.13,14.39,17.47,1.75,1.32,28.95,7.42,85.55,85.91,2.73,1,2.68,0,0.08,500050.5,1.35,2.05
76,51,98.59977324,98.58730159,4.747165533,1.361678005,0.836734694,458.5770975,234.4546485,15.57936508,4.368480726,0.105442177,1.133786848,14.55555556,13.70181406,1.989795918,1.083900227,26.39455782,6.691609977,98.68707483,98.73696145,2.509070295,1,2.270975057,0,0.040816327,510441.5,1.361678005,2.774376417
76,53,27.23775216,40.36311239,0.561959654,0,0,417.556196,41.37175793,15.08069164,4.237752161,0.386167147,1.158501441,12.68731988,13.24495677,1.981268012,1.123919308,26.59221902,6.821325648,98.63976945,98.69596542,2.623919308,1,1.847262248,0,0.011527378,530347.5,1.413544669,1.540345821
76,54,39.80941176,50.03294118,5.416470588,3.145882353,3.028235294,327.3929412,51,16.31058824,4.503529412,0.04,1.150588235,13.61647059,16.66117647,1.769411765,1.192941176,27.59058824,6.889411765,39.92470588,48.55529412,2.804705882,1,2.96,0,0.018823529,540213,1.421176471,1.649411765
76,55,41.38366337,51.83910891,3.673267327,0.875,0.034653465,819.2933168,73.28217822,16.00866337,3.977722772,0.305693069,1.157178218,13.96905941,13.37747525,1.867574257,1.356435644,27.90222772,6.867574257,36.26732673,47.67450495,2.58539604,1,2.023514851,0,0.003712871,550404.5,1.464108911,1.285891089
76,56,39.73076923,48.39423077,2.264423077,0.533653846,0,34.95192308,21.24038462,16.67788462,3.975961538,0.163461538,1.216346154,9.764423077,13.41826923,1.725961538,0.788461538,26.96634615,7.096153846,38.35096154,47.34134615,2.706730769,1,2.4375,0,0.019230769,560104.5,1.326923077,1.610576923
77,1,16.0654699,29.58394931,5.366420275,4.363252376,4.084477297,486.4963041,72.16789863,15.32523759,4.309398099,0.244984161,1.141499472,12.97148891,13.28299894,1.720168955,1.334741288,26.67265048,6.856388596,95.44561774,95.44561774,2.457233369,1,2.126715945,0.003167899,0,10474,1.464625132,1.198521647
77,2,80.02362205,82.38582677,4.267716535,2.362204724,1.598425197,309.2519685,113.8582677,15.8976378,4.141732283,0.559055118,1.062992126,10.16535433,13.67716535,2.165354331,1.133858268,28.41732283,6.519685039,83.43307087,84.35433071,2.551181102,1,1.716535433,0.015748031,0.039370079,20064,1.401574803,1.393700787
77,4,30.3681592,40.52363184,4.196517413,3.455223881,3.447761194,170.9626866,14.55970149,15.98383085,4.07960199,0.407960199,1.160447761,12.33084577,12.68905473,2.083333333,1.129353234,25.81094527,6.843283582,27.18159204,38.53109453,2.940298507,1,2.059701493,0.007462687,0.256218905,40402.5,1.330845771,1.416666667
77,5,54.29690722,54.29690722,2.870103093,0.513402062,0.408247423,598.0329897,79.38762887,15.25154639,4.251546392,0.296907216,1.136082474,12.80824742,13.35670103,1.641237113,1.173195876,27.31752577,6.682474227,54.29690722,54.29690722,2.789690722,1,1.997938144,0.004123711,0.004123711,50243,1.44742268,1.218556701
77,8,13.48856209,31.23366013,7.949346405,5.781045752,5.661764706,359.0522876,56.32679739,15.48529412,4.240196078,0.357843137,1.133986928,10.99673203,13.08986928,1.982026144,0.980392157,26.10130719,7.102941176,13.51797386,29.38562092,2.462418301,1,2.446078431,0.003267974,0.004901961,82561.0049,1.359477124,1.282679739
77,9,57.26470588,63.94362745,4.200980392,0.995098039,0.487745098,525.9534314,5.901960784,15.54411765,4.367647059,0.37745098,1.080882353,15.56862745,12.95588235,2.029411765,1.181372549,28.79656863,7.323529412,56.53921569,62.93382353,2.649509804,1,2.318627451,0,0.009803922,90204.5,1.468137255,1.350490196
77,10,14.60194175,31.63106796,4.475728155,3.291262136,1.922330097,36.11650485,3,14.86407767,4.262135922,0.640776699,1.155339806,15,13.15533981,2.097087379,1.262135922,27.96116505,6.640776699,30.38834951,43.46601942,2.86407767,1,2.058252427,0.009708738,0.009708738,100052,1.54368932,1.252427184
77,11,14.66666667,24.9122807,0.035087719,0,0,10,1,13.89473684,3.789473684,0.280701754,1.01754386,12.01754386,14.35087719,2.175438596,0.807017544,20.96491228,5.824561404,14.57894737,25.1754386,2.157894737,1,1.578947368,0.01754386,0.035087719,110029,1.333333333,1.210526316
77,12,93.95351411,94.01881572,1.95960155,0.54510238,0.152739347,1115.436635,63.89208633,15.41615938,4.317653569,0.293303818,1.118428334,12.37520753,13.36303265,1.982844494,1.166021029,27.61372441,6.744327615,94.15495296,94.14167128,2.762036525,1,2.030990592,0.003320421,0.007747648,120904,1.429994466,1.193691201
77,13,57.14983165,64.23232323,0.684343434,0.323232323,0.25,617.5816498,147.3611111,15.65319865,4.297138047,0.303030303,1.154882155,13.51683502,13.60690236,1.794612795,1.244949495,26.17340067,7.031144781,57.22053872,64.23653199,2.632154882,1,2.151515152,0.003367003,0.002525253,132552.6709,1.453703704,1.505050505
77,15,17.2238806,32.99253731,2.201492537,0.5,0,3680.358209,3.701492537,15.82089552,4.365671642,0.47761194,1.111940299,14.58208955,13.45522388,1.902985075,0.985074627,26.60447761,6.47761194,18.21641791,31.97014925,2.746268657,1,2.246268657,0.02238806,0,150067.5,1.432835821,1.28358209
77,16,26.64727273,37.90909091,2.021818182,0.167272727,0,136.2945455,38.28,16.08727273,3.956363636,0.527272727,1.181818182,10.04,16.09090909,1.92,0.883636364,28.06181818,6.941818182,24.30909091,35.88727273,2.723636364,1,2.210909091,0.007272727,0.032727273,160138,1.290909091,1.458181818
77,17,95.09129738,95.21943406,9.58302189,8.642285104,8.510411105,1440.854778,87.51468233,15.85157501,4.238654565,0.331019754,1.135077416,13.69567539,12.15216231,1.949279231,1.24345969,27.59636946,6.856914042,95.27229044,95.40950347,2.777896423,1,1.843566471,0.009076348,0.006940737,172953.1628,1.495995729,1.414842499
77,18,98.54005655,98.62865221,0.783223374,0.486333648,0.473138549,930.6927427,89.6936852,15.90197926,4.362865221,0.351555137,1.140433553,13.99151744,12.50518379,1.737040528,1.402450518,27.37229029,7.047125353,98.70216777,98.75589067,2.566446748,1,1.958529689,0.001885014,0,180534.8087,1.511781338,1.392082941
77,19,78.49726776,82.29690346,3.551912568,1.091074681,0.76867031,1358.335155,106.723133,15.32422587,4.344262295,0.380692168,1.143897996,13.80145719,13.79417122,1.95992714,1.366120219,26.36247723,6.757741348,73.37704918,77.89435337,2.344262295,1,1.974499089,0.007285974,0.012750455,190275,1.451730419,1.375227687
77,20,96.74534161,96.81780538,4.757763975,2.788819876,2.064182195,1218.418219,113.4554865,15.69358178,4.227743271,0.316770186,1.142857143,13.19461698,11.51759834,1.898550725,1.298136646,25.02691511,6.925465839,96.74534161,96.79710145,2.585921325,1,2.202898551,0.002070393,0.020703934,200242,1.449275362,1.238095238
77,21,94.55904523,94.57160804,5.124371859,1.40201005,0.83919598,831.8530151,112.4723618,15.55904523,4.346733668,0.34798995,1.180904523,15.01256281,13.44346734,1.798994975,1.174623116,26.70477387,6.988693467,94.3580402,94.39447236,2.773869347,1,2.385678392,0,0,210398.5,1.451005025,1.369346734
77,22,30.26927503,41.77330265,0.241657077,0.026467204,0,553.0817031,63.44418872,15.716916,4.195627158,0.367088608,1.139240506,13.46950518,12.43843498,1.83429229,1.158803222,25.91484465,6.569620253,28.84004603,39.68929804,2.592635213,1,1.735327963,0.004602992,0.002301496,220441.1588,1.443037975,1.226697353
77,23,51.06666667,55.42564103,1.876923077,0.230769231,0,5316.282051,14.36410256,16.0974359,4.292307692,0.492307692,1.092307692,15.65641026,12.16923077,1.928205128,0.774358974,24.94871795,7.430769231,51.43076923,56.28717949,2.579487179,1,2.969230769,0.005128205,0.092307692,230098.5282,1.307692308,1.507692308
77,24,80.718802,83.73710483,1.738768719,0.083194676,0,1125.90183,74.87520799,15.67387687,4.437603993,0.264559068,1.099833611,14.47088186,12.96672213,1.978369384,0.945091514,27.93843594,6.790349418,80.71214642,83.44592346,2.37437604,1,2.712146423,0.001663894,0.008319468,240301.4775,1.339434276,1.241264559
77,25,98.28279883,98.55393586,1.116618076,0.744897959,0.358600583,812.1763848,16.10204082,15.94023324,4.447521866,0.364431487,1.084548105,15.37026239,13.23177843,2.371720117,0.839650146,27.63702624,7.147230321,97.34402332,97.63848397,2.396501458,1,1.963556851,0.002915452,0.004373178,250343.5,1.303206997,1.2303207
77,26,96.77291302,96.80151781,1.129597198,0.130180969,0.057793345,1020.95505,103.5931115,16.1336836,4.220081728,0.505545826,1.117921775,13.45475773,12.77174548,1.878575598,1.463514302,28.60011675,6.967308815,96.98190309,96.98073555,2.85931115,1,1.892586106,0.004670169,0,260857.3433,1.529480444,1.351430239
77,27,53.24279835,61.08916324,5.518518519,3.600823045,3.396433471,1861.266118,87.70507545,15.78875171,4.37037037,0.388203018,1.146776406,12.06035665,14.65569273,2.0521262,1.204389575,28.84910837,7.006858711,48.17146776,56.7133059,2.528120713,1,1.942386831,0.002743484,0.075445816,270365.3018,1.433470508,1.510288066
99,27,0,0,99,99,99,0,49,99,7,0,1,19,99,9,0,99,99,0,0,1,1,4,0,0,270510,1,9
77,28,99,99,0.832179931,0.171280277,0.171280277,287.3321799,78.70934256,15.29757785,4.335640138,0.134948097,1.183391003,11.87197232,13.30276817,1.884083045,1.373702422,24.46193772,6.906574394,99,99,2.527681661,1,2.468858131,0.003460208,0.005190311,280291.218,1.472318339,1.953287197
77,29,17.21167161,31.96340257,3.885262117,0.952522255,0.130563798,2039.130564,144.9525223,16.03857567,4.412462908,0.224530168,1.168150346,13.65776459,12.94856578,1.803165183,1.270029674,27.10089021,6.837784372,17.30365974,31.05736894,2.535113749,1,2.015825915,0.004945598,0,290506,1.481701286,1.243323442
77,30,98.61627907,98.61627907,4.480620155,3.240310078,3.069767442,49.98449612,52.01550388,15.22093023,3.957364341,0.581395349,1.224806202,9.581395349,13.28682171,1.829457364,0.968992248,27.71317829,6.930232558,98.61627907,98.61627907,2.945736434,1,3.434108527,0.003875969,0.387596899,300129.5,1.325581395,1.627906977
77,31,18.86805556,31.53472222,27.54861111,25.67361111,24.68055556,864.71875,89.66666667,15.625,4.194444444,0.447916667,1.197916667,12.88541667,14.56944444,1.9375,1.524305556,29.65277778,6.621527778,16.32986111,29.65972222,2.555555556,1,2.274305556,0,0.038194444,310144.5,1.53125,1.395833333
77,32,10.68778281,24.69230769,1.511312217,0,0,36.99095023,18.32579186,15.17647059,4.049773756,0.407239819,1.135746606,13.38914027,12.11764706,2.004524887,0.800904977,26.2760181,6.515837104,9.733031674,23.07692308,2.411764706,1,2.570135747,0,0.031674208,320111,1.28959276,1.054298643
77,33,13.60869565,29.97826087,1.927536232,0.666666667,0,136.9565217,10.63768116,16.52173913,4.413043478,0.550724638,1.079710145,15.62318841,12.99275362,1.884057971,1.144927536,27.47101449,6.956521739,12.92028986,29.69565217,2.565217391,1,2.079710145,0,0,333071.413,1.391304348,1.188405797
77,34,97.60122699,98.0603272,0.939672802,0.091002045,0,4205.338446,18.47443763,15.53374233,4.297546012,0.40797546,1.106339468,14.95194274,11.91308793,2.147239264,0.985685072,28.54396728,6.927402863,97.49795501,97.75357873,2.555214724,1,2.103271984,0.006134969,0,340490.3681,1.437627812,1.270961145
77,35,99,99,1.716049383,1.035273369,0.319223986,111.3950617,31.41269841,15.88536155,4.395061728,0.372134039,1.178130511,8.391534392,12.87830688,1.902998236,1.088183422,24.80599647,6.952380952,99,99,2.874779541,1,2.216931217,0.007054674,0.141093474,350284,1.349206349,1.19047619
77,36,90.62057574,90.65266635,4.311939594,0.437470505,0.093440302,1868.084474,62.6809816,15.94148183,4.32892874,0.175082586,1.102406796,13.72770175,12.8404908,2.094856064,0.995280793,26.4988202,6.934874941,90.61774422,90.6946673,2.670599339,1,1.665408211,0.00660689,0.008966494,361060,1.385087305,1.341670599
77,37,24.07833733,36.23741007,1.502797762,1.030375699,0.972821743,526.2781775,103.0815348,15.05915268,4.254996003,0.346123102,1.141486811,12.59152678,13.51558753,1.800159872,1.016786571,26.28457234,6.695443645,98.84172662,98.84172662,2.787370104,1,2.197442046,0.001598721,0.005595524,370627.6699,1.398081535,1.128697042
77,38,99,99,22.54666667,21.11333333,20.46,273.8333333,52.36,15.36666667,4.113333333,0.186666667,1.166666667,9.866666667,12.84,1.8,1.2,23.83333333,6.986666667,99,99,2.713333333,1,2.1,0,0.16,380078.1467,1.46,1.266666667
77,39,98.93948655,98.93948655,1.410757946,0.240831296,0,1362.667482,84.70171149,15.57518337,4.278728606,0.322127139,1.121638142,14.8202934,12.62224939,1.897310513,1.287897311,28.30378973,7.106968215,98.93948655,98.93948655,2.64608802,1,2.431540342,0.001833741,0.003667482,390818.5,1.462102689,1.361246944
77,40,96.58208955,96.58208955,2.119402985,0.15468114,0,1252.940299,87.71913161,15.16960651,4.249660787,0.284938942,1.156037992,12.85074627,12.87109905,1.651289009,1.286295794,26.62686567,6.862957938,96.58208955,96.58208955,2.485753053,1,2.016282225,0.004070556,0,400369,1.506105834,1.13568521
77,41,14.89391304,27.78086957,1.92,0.156521739,0,371.7095652,36.97913043,16.34782609,4.35826087,0.476521739,1.142608696,12.28521739,15.28869565,2.012173913,1.116521739,29.32173913,7.172173913,12.97913043,25.77913043,2.728695652,1,2.255652174,0.005217391,0.048695652,410288.32,1.424347826,1.580869565
77,42,97.58674569,97.61853448,2.429418103,1.255387931,0.255926724,1350.157328,60.29094828,15.72198276,4.338900862,0.344827586,1.113685345,14.88631466,12.52101293,1.882543103,1.191810345,26.31088362,6.923491379,97.67672414,97.67726293,2.746228448,1,1.876077586,0.003232759,0.003232759,420929.3227,1.449353448,1.327586207
77,44,16.94871795,32.11965812,3.478632479,1.239316239,0.846153846,98.03418803,6.094017094,15.79487179,4.136752137,0.418803419,1.136752137,15.30769231,12.58119658,2.247863248,1.094017094,29.74358974,6.897435897,15.56410256,30.71794872,2.230769231,1,2.418803419,0,0.017094017,440059,1.324786325,1.358974359
77,45,12.30607187,27.62825279,0.247831475,0,0,214.5130112,50.36307311,14.56629492,4.458488228,0.293680297,1.148698885,12.50681537,12.59355638,1.714993804,1.037174721,25.08798017,6.892193309,12.44237918,27.48203222,2.375464684,1,1.669144981,0.008674102,0,450407.8724,1.365551425,1.234200743
77,46,86.27932961,86.27932961,2.927374302,1.659217877,1.659217877,326.7877095,71.61452514,14.58100559,4.005586592,0.469273743,1.162011173,13.29608939,13.60335196,1.698324022,1.206703911,25.82122905,6.810055866,86.27932961,86.27932961,2.575418994,1,2.329608939,0,0.424581006,460090,1.407821229,1.715083799
77,47,31.21111111,43.52592593,2.774074074,1.173148148,0.480555556,571.0268519,97.53333333,15.00277778,4.455555556,0.380555556,1.132407407,14.2037037,14.12314815,1.913888889,1.119444444,26.40555556,6.832407407,29.88240741,40.76666667,2.558333333,1,2.694444444,0.011111111,0.010185185,470540.5,1.475925926,1.340740741
77,48,37.31779528,48.15590551,0.754645669,0.028346457,0,1750.648819,237.223622,15.58425197,4.206299213,0.23496063,1.14488189,12.67212598,13.01354331,1.822992126,1.34992126,26.19779528,6.902677165,37.45700787,48.0103937,2.571968504,1,1.825826772,0.001889764,0.003149606,481588,1.412913386,1.197795276
77,49,80.99016393,83.38360656,2.068852459,0.721311475,0.649180328,555.6065574,34.92131148,16.73114754,4.331147541,0.367213115,1.163934426,9.947540984,12.20327869,1.737704918,0.983606557,25.22295082,6.898360656,80.92131148,83.9704918,2.8,1,2.626229508,0,0.029508197,490153,1.354098361,1.272131148
77,50,83.78846154,84.69230769,3.711538462,2.134615385,1.903846154,2351.961538,15.01923077,14.98076923,4.278846154,0.442307692,1.115384615,15.35576923,12.16346154,1.778846154,1.028846154,25.85576923,7.230769231,81.84615385,82.39423077,2.817307692,1,2.769230769,0.009615385,0,500052.5,1.355769231,1.865384615
77,51,98.45128205,98.55692308,3.531282051,1.583589744,1.172307692,450.6851282,227.0205128,14.89025641,4.343589744,0.403076923,1.146666667,14.00615385,13.39897436,1.915897436,1.101538462,26.86769231,7.098461538,98.62358974,98.67179487,2.547692308,1,2.124102564,0.009230769,0.005128205,510488,1.420512821,1.225641026
77,53,24.70263488,37.20326223,0.336260979,0,0,409.7967378,42.83939774,15.94479297,4.273525721,0.611041405,1.144291092,13.26976161,13.0489335,1.969887077,1.215809285,26.70138018,6.920953576,81.5370138,83.5859473,2.626097867,1,1.816813049,0.00250941,0.035131744,532661.4341,1.43663739,1.34629862
77,54,42.33777778,52.40666667,1.733333333,0.115555556,0,302.9977778,50.87111111,15.06222222,4.373333333,0.215555556,1.142222222,14.30888889,16.10666667,1.82,1.166666667,26.88888889,7.142222222,42.27555556,51.58444444,2.797777778,1,2.868888889,0,0.008888889,540225.5,1.446666667,1.377777778
77,55,43.64868256,53.76286073,4.312421581,0.834378921,0.055207026,796.272271,77.00250941,16.40276035,4.110414053,0.575909661,1.168130489,13.44291092,11.99749059,1.839397742,1.361355082,27.46047679,6.65621079,38.30112923,49.50062735,2.562107905,1,1.927227102,0.00250941,0.003764115,550399,1.43663739,1.362609787
77,56,29.89423077,41.6875,3.259615385,0.538461538,0,46.80288462,20.54807692,16.62019231,4.591346154,0.423076923,1.182692308,10.02403846,12.68269231,1.894230769,0.975961538,27.74038462,6.826923077,29.34134615,39.89903846,2.668269231,1,2.538461538,0,0.057692308,560104.5,1.418269231,1.360576923
78,1,16.65731463,30.249499,2.086172345,1.791583166,1.785571142,466.2695391,73.97194389,15.77054108,4.22745491,0.273547094,1.144288577,12.54008016,13.16332665,1.761523046,1.360721443,25.8507014,7.080160321,94.23847695,94.23847695,2.358717435,1,2.176352705,0.008016032,0.004008016,12314.52104,1.448897796,1.191382766
78,2,85.57142857,85.91964286,2.794642857,0.410714286,0,187.1071429,107.9464286,16,4.0625,0.544642857,1.133928571,9.919642857,12.35714286,1.973214286,1,24.98214286,6.696428571,89.30357143,89.41071429,2.553571429,1,2.214285714,0,0,22835.70536,1.4375,1.535714286
78,4,32.43646409,42.87403315,3.826519337,2.637569061,2.516022099,147.4077348,14.75248619,15.45856354,4.166850829,0.487292818,1.13480663,13.0640884,12.37569061,2.032044199,1.267403315,25.54696133,6.815469613,30.58563536,41.04198895,3.003314917,1,2.032044199,0.006629834,0.220994475,42148.68619,1.437569061,1.335911602
78,5,34.57403651,34.57403651,2.267748479,0.095334686,0,507.0060852,81.60040568,15.29817444,4.415821501,0.292089249,1.15821501,13.4158215,13.22109533,1.61663286,1.139959432,25.87221095,7.024340771,34.57403651,34.55780933,2.738336714,1,2.044624746,0.004056795,0.024340771,51590.44422,1.464503043,1.204868154
78,8,30.6360601,43.84808013,4.14524207,2.893155259,2.809682805,327.081803,54.55258765,15.21702838,4.193656093,0.584307179,1.158597663,12.50751252,13.02838063,1.936560935,1.038397329,26.9081803,6.634390651,30.85642738,44.42570952,2.514190317,1,2.542570952,0.001669449,0.025041736,80303.50417,1.422370618,1.370617696
78,9,33.17966903,44.13475177,3.539007092,0.503546099,0.234042553,609.4444444,6.304964539,15.84869976,4.276595745,0.486997636,1.06855792,16.22695035,12.93144208,2.111111111,0.912529551,26.93380615,6.98108747,31.04491726,41.57210402,2.406619385,1,2.645390071,0,0,91261.44444,1.38534279,1.262411348
78,10,12.53571429,32.38392857,5.428571429,2.866071429,1.767857143,40.46428571,3.232142857,14.65178571,4.544642857,0.580357143,1.116071429,15.08035714,12.65178571,1.857142857,1.017857143,29.4375,7.044642857,13.75,31.71428571,2.508928571,1,2.223214286,0.026785714,0,102012.9286,1.392857143,1.366071429
78,11,13.95744681,31.70212766,0,0,0,10,1,15.85106383,4.29787234,0.276595745,1.042553191,12.65957447,13.87234043,2.042553191,0.978723404,24.42553191,7.361702128,13.93617021,27.12765957,2.319148936,1,1.170212766,0,0.042553191,112055.8298,1.361702128,1.319148936
78,12,93.18734553,93.18141374,1.852199703,0.416213544,0.169055858,1104.186851,63.87543253,15.53138903,4.221453287,0.27879387,1.104794859,12.25111221,13.56203658,1.852694019,1.380622837,27.57093426,6.704399407,93.18734553,93.17795353,2.798319328,1,2.107760751,0.003954523,0.003460208,122773.085,1.43054869,1.202669303
78,13,56.4124031,63.15426357,0.627131783,0.040310078,0,576.7596899,146.9682171,15.83255814,4.372868217,0.276744186,1.141085271,13.61860465,14.33178295,1.834883721,1.096899225,27.6124031,6.826356589,56.36589147,63.04186047,2.526356589,1,2.121705426,0.003875969,0.000775194,130651.4969,1.43255814,1.372868217
78,15,26.52298851,39.01724138,3.540229885,1.873563218,1.706896552,4257.057471,3.793103448,16.93103448,4.229885057,0.568965517,1.114942529,14.45977011,17.51724138,2.189655172,0.954022989,30.20689655,6.534482759,24.56321839,39.79310345,2.448275862,1,2.465517241,0.005747126,0,151873.6494,1.385057471,1.287356322
78,16,12.8700361,27.79061372,4.198555957,0.548736462,0,131.2815884,36.37906137,15.22021661,4.068592058,0.472924188,1.180505415,12.05054152,16.36462094,1.747292419,1.14801444,28.46931408,6.812274368,12.41155235,26.83393502,2.837545126,1,2.299638989,0.003610108,0.007220217,162004.704,1.38267148,1.231046931
78,17,95.19925413,95.28982419,11.29941396,10.33883857,10.29142248,1414.435802,87.03409696,15.95364944,4.285562067,0.345231753,1.140117208,13.30261055,12.44219499,1.94405967,1.238145978,26.45657965,7.198188599,95.38678743,95.44326052,2.729888119,1,1.864677677,0.006925946,0.007991476,170957.3538,1.512519979,1.36814065
78,18,98.92779783,98.94584838,3.313176895,2.959386282,2.948555957,958.4169675,86.97472924,15.97833935,4.373646209,0.30866426,1.142599278,14.27888087,13.11642599,1.875451264,1.526173285,26.80144404,7.306859206,98.92599278,98.94223827,2.501805054,1,2.054151625,0.002707581,0.035198556,182745.343,1.49368231,1.648916968
78,19,75.51811594,79.04891304,6.532608696,3.724637681,1.266304348,1238.768116,105.4764493,15.4057971,4.393115942,0.360507246,1.155797101,13.91847826,13.07789855,1.947463768,1.567028986,27.50543478,7.045289855,71.07427536,76.35688406,2.626811594,1,2.327898551,0.009057971,0.036231884,190402.3188,1.52173913,1.539855072
78,20,68.23493976,73.96787149,4.134538153,1.847389558,1.192771084,1261.431727,116.8594378,16.29518072,4.520080321,0.327309237,1.148594378,13.05823293,12.67269076,1.927710843,1.409638554,26.87148594,7.042168675,67.66666667,73.00401606,2.630522088,1,2.118473896,0.010040161,0.030120482,200877.1707,1.504016064,1.238955823
78,21,91.85751295,91.97150259,3.555699482,0.378238342,0.128238342,645.8341969,115.746114,15.46891192,4.269430052,0.437823834,1.137305699,14.72409326,13.18911917,1.803108808,1.154145078,24.68782383,7.299222798,91.96502591,92.02202073,2.788860104,1,2.449481865,0.001295337,0,212350.2241,1.474093264,1.344559585
78,22,18.58472803,31.40062762,0.160041841,0.023012552,0,493.916318,61.17154812,15.56589958,4.140167364,0.341004184,1.128661088,14.31799163,12.75,1.935146444,1.020920502,26.55334728,6.890167364,17.44665272,30.13702929,2.417364017,1,2.135983264,0.0041841,0.010460251,221725.1402,1.382845188,1.30125523
78,23,74.61165049,75.17961165,4.300970874,1.888349515,1.441747573,5830.694175,13.83495146,16.14563107,4.257281553,0.572815534,1.150485437,15.19417476,12.22330097,1.975728155,0.791262136,29.65533981,7.524271845,74.34466019,74.95145631,2.436893204,1,2.723300971,0,0.048543689,232526.2573,1.300970874,1.582524272
78,24,93.61956522,93.61956522,1.936335404,0.226708075,0.153726708,1332.444099,73.30900621,15.21428571,4.226708075,0.375776398,1.104037267,14.49223602,13.32608696,2.072981366,1.027950311,27.89906832,7.085403727,93.61956522,93.61956522,2.363354037,1,2.701863354,0.001552795,0.010869565,240939.1413,1.358695652,1.218944099
78,25,98.15297092,98.22882427,1.03539823,0.259165613,0.06068268,794.8495575,17.46017699,15.49051833,4.317319848,0.384323641,1.088495575,16.15929204,11.59039191,2.232616941,0.877370417,27.61314791,7.504424779,97.91150442,98.15423515,2.312262958,1,2.092288243,0.006321113,0.002528445,252077.4046,1.316055626,1.283185841
78,26,95.9209198,95.95849692,1.030286035,0.037016265,0,949.0544027,103.9489624,15.97027482,4.226023556,0.520471116,1.132922042,13.31463825,12.67975322,1.893998878,1.370162647,27.65563657,7.040942232,96.12170499,96.15143017,2.745372967,1,1.924845766,0.002804262,0.00224341,262380.3887,1.523275379,1.331463825
78,27,51.28057554,58.90407674,4.440047962,2.587529976,2.172661871,1862.847722,83.70983213,15.73261391,4.194244604,0.543165468,1.153477218,12.67146283,16.06594724,2.034772182,1.368105516,29.74940048,6.90647482,45.12470024,53.882494,2.607913669,1,1.992805755,0.003597122,0.038369305,272189.7254,1.492805755,1.401678657
78,28,99,99,1.014925373,0.313432836,0,321.780597,79.26567164,15.05820896,4.223880597,0.256716418,1.170149254,12.74626866,13.2358209,1.759701493,1.234328358,23.85671642,6.871641791,99,99,2.652238806,1,2.380597015,0.002985075,0.01641791,282604.3552,1.491044776,1.911940299
78,29,19.39059501,33.50095969,2.522072937,0.629558541,0.262955854,1953.904031,141.4961612,15.5950096,4.302303263,0.222648752,1.142034549,13.19673704,12.57869482,1.792706334,1.164107486,27.10460653,6.992322457,19.37332054,32.54606526,2.549904031,1,2.008637236,0.011516315,0.000959693,290616.8186,1.464491363,1.267754319
78,30,99,99,4.60944206,2.74248927,2.549356223,64.0472103,55.30042918,15.54077253,4.145922747,0.587982833,1.158798283,11.0944206,13.13304721,1.806866953,0.969957082,24.50214592,6.489270386,99,99,2.755364807,1,3.369098712,0,0.454935622,303125.9657,1.35193133,1.52360515
78,31,19.15172414,31.25862069,27.61724138,26.1,24.47931034,1028.4,83.70344828,15.58275862,4.210344828,0.406896552,1.172413793,13.10689655,13.95862069,1.962068966,1.506896552,27.53793103,6.937931034,17.16896552,29.33793103,2.431034483,1,2.182758621,0,0.020689655,311215.4034,1.489655172,1.413793103
78,32,14.04924242,28.18560606,0.984848485,0.375,0.375,38.66287879,29.17045455,15.22727273,4.21969697,0.583333333,1.15530303,11.38636364,12.96590909,1.886363636,1.079545455,27.68560606,6.359848485,13.88636364,27.47348485,2.878787879,1,2.333333333,0.003787879,0.037878788,322451.8144,1.435606061,1.102272727