YEAR,STATE,ARR_HOUR,ARR_MIN,CF1,CF2,CF3,CITY,COUNTY,DAY,DAY_WEEK,DRUNK_DR,FATALS,HARM_EV,HOUR,LGT_COND,MAN_COLL,MINUTE,MONTH,NOT_HOUR,NOT_MIN,PERSONS,RAIL,REL_ROAD,SCH_BUS,SP_JUR,ST_CASE,VE_FORMS,WEATHER
78,33,12.86451613,29.84516129,3.606451613,0.793548387,0,115.2322581,11.21935484,15.27096774,4.451612903,0.632258065,1.103225806,15.6,13.22580645,1.832258065,1.187096774,26.87741935,7.193548387,13.16129032,30.77419355,2.670967742,1,2.064516129,0,0,330079.4065,1.44516129,1.258064516
78,34,95.53687316,96.16322517,0.978367748,0.125860374,0.097345133,4205.665683,18.71681416,15.69714848,4.259587021,0.451327434,1.105211406,14.73746313,12.1553589,2.232055064,1.151425762,29.32448378,7.108161259,93.48574238,94.57522124,2.664700098,1,1.997050147,0.005899705,0,342922.1337,1.47394297,1.296951819
78,35,88.11904762,90.03401361,2.267006803,1.226190476,0.795918367,110.4217687,28.33843537,15.61054422,4.287414966,0.365646259,1.137755102,9.615646259,12.88265306,1.906462585,1.008503401,24.94387755,6.899659864,88.13265306,89.69557823,2.705782313,1,2.130952381,0.003401361,0.285714286,351396.0119,1.346938776,1.244897959
78,36,90.84636364,90.87136364,4.181363636,0.37,0.066818182,1896.904091,63.46909091,15.54045455,4.245909091,0.2,1.107272727,14.26363636,12.43818182,2.103636364,0.908181818,27.64954545,7.269090909,90.75272727,90.82227273,2.565,1,1.682727273,0.003636364,0.016363636,363042.9886,1.39,1.318636364
78,37,22.96168295,36.01202104,0.465063862,0.15026296,0.09391435,512.231405,100.1179564,15.81517656,4.279489106,0.34109692,1.120961683,13.44628099,13.39143501,1.784372652,1.09391435,25.77310293,6.966190834,98.85123967,98.85123967,2.770097671,1,2.085649887,0.012021037,0.002253944,370809.4147,1.4162284,1.116453794
78,38,96.99324324,96.99324324,9.716216216,8.175675676,8.027027027,241.1486486,54.87837838,17.39864865,4.52027027,0.337837838,1.222972973,11.58108108,13.98648649,1.864864865,1.27027027,22.66216216,6.898648649,96.99324324,96.99324324,2.554054054,1,2.351351351,0.013513514,0.141891892,382321.2568,1.412162162,1.358108108
78,39,98.945,98.945,1.042222222,0.130555556,0.055,1406.568333,86.07777778,15.86722222,4.270555556,0.370555556,1.137222222,14.815,12.76333333,1.902777778,1.353888889,27.35555556,7.323888889,98.945,98.945,2.473888889,1,2.363888889,0.005555556,0.005,392506.8428,1.466666667,1.350555556
78,40,95.88597641,95.88597641,2.340760157,0.453473132,0.389252949,1116.896461,86.17693316,16.32503277,4.267365662,0.403669725,1.180865007,13.5570118,13.25950197,1.809960682,1.359108781,26.94757536,6.943643512,95.88597641,95.88597641,2.480996068,1,1.878112713,0.003931848,0.002621232,402102.5636,1.452162516,1.176933159
78,41,19.33386581,28.50958466,1.257188498,0,0,317.8738019,39.59744409,15.04153355,4.167731629,0.413738019,1.130990415,12.95207668,15.2284345,1.8514377,1.118210863,28.75239617,6.963258786,17.51277955,27.44888179,2.706070288,1,2.3514377,0.001597444,0.052715655,410313.5,1.434504792,1.490415335
78,42,93.35942492,93.35942492,5.861022364,0.256656017,0.00372737,1408.275825,59.75186368,16.17625133,4.244408946,0.386048988,1.108093717,15.99467519,12.54100106,1.984025559,1.075612354,0.354632588,7.13684771,93.35942492,93.35942492,2.788604899,1,2.539403621,0.007454739,0.01970181,420954.9659,1.459531416,1.369009585
78,44,19.61,35.39,1.85,0.99,0.99,120.95,5.8,15.26,4.28,0.53,1.08,14.88,15.08,2.56,0.85,34.46,6.69,17.93,35.14,2.06,1,2.33,0,0,441527.16,1.27,1.26
78,45,13.37532134,27.2159383,0.249357326,0.030848329,0,177.2300771,49.12467866,15.93573265,4.38688946,0.401028278,1.13496144,12.36375321,13.6285347,1.754498715,0.994858612,25.20051414,7.152956298,13.44473008,27.69280206,2.412596401,1,1.565552699,0.006426735,0,452149.4139,1.390745501,1.16966581
78,46,93.6,93.6,3.218181818,1.2,1.2,231.3636364,76.83030303,15.72121212,4.090909091,0.575757576,1.157575758,11.38787879,13.38181818,1.872727273,1.284848485,26.6969697,6.793939394,93.6,93.6,2.715151515,1,2.224242424,0,0.351515152,462367.3818,1.466666667,1.412121212
78,47,23.25750682,36.86169245,2.713375796,0.282984531,0.090081893,613.477707,95.14649682,15.86806187,4.196542311,0.394904459,1.129208371,14.99545041,15.23566879,1.994540491,1.195632393,27.90809827,7.039126479,23.19017288,36.94722475,2.482256597,1,2.682438581,0.006369427,0.016378526,472047.7862,1.464968153,1.487716106
78,48,37.39976519,48.32873496,1.422072204,0.035221603,0,1847.792486,233.4845905,15.43498679,4.216319343,0.229527443,1.148811271,12.49574406,12.94804814,1.793660112,1.423246258,26.45905489,6.8197828,37.51276783,48.10859994,2.428235985,1,1.760199589,0.006750807,0.003228647,481911.688,1.412386264,1.212210156
78,49,52.45483871,60.33548387,1.880645161,0.403225806,0.319354839,634.4935484,33.99354839,15.83870968,4.187096774,0.319354839,1.193548387,11.50645161,13.74516129,1.829032258,1.461290323,27.92258065,6.941935484,49.50645161,58.12258065,2.877419355,1,2.293548387,0.003225806,0.04516129,492653.3097,1.538709677,1.258064516
78,50,83.65137615,86.31192661,3.137614679,0,0,1440.174312,15.22018349,16.89908257,4.513761468,0.541284404,1.091743119,14.6146789,16.44036697,1.926605505,0.917431193,33.01834862,7.266055046,88.73394495,90.47706422,2.403669725,1,3.091743119,0.018348624,0,500834.5321,1.28440367,1.669724771
78,51,98.60988433,98.6256572,4.350157729,2.38170347,2.112513144,464.190326,237.6161935,15.64458465,4.273396425,0.366982124,1.117770768,14.07360673,13.63617245,1.85278654,1.116719243,26.93059937,7.03785489,98.50473186,98.5362776,2.506834911,1,2.120925342,0.010515247,0.014721346,511963.5552,1.446898002,1.251314406
78,53,19.19421965,29.12254335,0.354913295,0,0,429.2971098,41.67514451,15.59884393,4.175722543,0.547976879,1.138728324,13.44277457,13.01156069,1.949132948,1.208092486,26.46473988,6.78265896,52.86589595,56.77919075,2.610404624,1,1.67283237,0.005780347,0.013872832,530433.6948,1.458959538,1.287861272
78,54,40.34825871,49.34328358,1.791044776,0.348258706,0,289.0522388,50.94527363,15.32089552,4.164179104,0.169154229,1.13681592,14.13681592,14.45771144,1.78358209,0.94278607,26.7761194,7.28358209,40.32338308,49.58457711,2.626865672,1,2.950248756,0.004975124,0.111940299,541676.9254,1.437810945,1.42039801
78,55,44.28367104,54.4147795,3.655542312,0.530393325,0.026221692,879.0691299,74.86054827,15.5363528,4.239570918,0.573301549,1.157330155,13.82002384,12.88915375,1.933253874,1.3170441,26.93087008,7.052443385,37.90464839,48.85697259,2.539928486,1,2.413587604,0.005959476,0,552080.6496,1.469606675,1.276519666
78,56,28.95121951,39.67804878,3.404878049,0.697560976,0,33.95121951,21.09756098,14.76097561,4.282926829,0.482926829,1.175609756,9.312195122,14.50731707,2.014634146,0.975609756,22.57073171,6.897560976,28.2097561,37.14146341,2.595121951,1,2.390243902,0,0.029268293,562454.2683,1.385365854,1.43902439
79,1,15.56949153,29.42485876,0.898305085,0.355932203,0.33559322,537.5446328,73.61468927,15.64632768,4.470056497,0.282485876,1.127683616,13.6440678,13.03389831,1.761581921,1.30960452,25.40677966,6.77740113,93.96610169,93.96610169,2.444067797,11.94350282,2.151412429,0.001129944,0,10445.43616,1.475706215,1.273446328
79,2,82.225,82.5,4.1625,1.2375,1.2375,218.225,104.75,14.675,4.275,0.5875,1.125,11.4125,18.775,2.175,0.8375,33.4375,7.7375,85.575,85.45,2.3625,1,1.95,0,0,20041.925,1.375,1.5
79,4,39.86757991,48.27739726,4.866438356,3.53652968,3.503424658,160.0285388,14.46575342,16.043379,4.210045662,0.528538813,1.174657534,13.90525114,12.68150685,2.014840183,1.329908676,26.38127854,6.636986301,37.21004566,46.51826484,2.809360731,10.09360731,2.097031963,0.001141553,0.237442922,40442.28995,1.430365297,1.376712329
79,5,45.54831933,45.54831933,1.972689076,0.147058824,0,668.4726891,78.58823529,16.02310924,4.24789916,0.304621849,1.151260504,13.80042017,12.75,1.768907563,1.140756303,25.95798319,6.99789916,45.54831933,45.54831933,2.659663866,16.2605042,1.918067227,0.006302521,0.012605042,50239.4958,1.451680672,1.292016807
79,8,45.05016181,55.87864078,0.574433657,0.072815534,0,333.2831715,54.5210356,15.4223301,4.200647249,0.582524272,1.118122977,13.16666667,12.04045307,1.996763754,0.970873786,25.01941748,6.917475728,45.34789644,53.92718447,2.433656958,4.731391586,2.724919094,0,0.021035599,80324.06796,1.432038835,1.263754045
79,9,32.70428016,44.8151751,3.029182879,0.79766537,0.005836576,916.9124514,16.09727626,15.78599222,4.295719844,0.527237354,1.105058366,16.39883268,11.91828794,2.157587549,1.021400778,28.92801556,6.593385214,30.6770428,42.59143969,2.453307393,1.628404669,2.233463035,0.001945525,0,90268.28599,1.39688716,1.215953307
79,10,12.44954128,28.05504587,10.34862385,6.798165138,6.357798165,30.39449541,3.110091743,16.52293578,4,0.642201835,1.082568807,14.88990826,12.82568807,2.19266055,1.082568807,30.80733945,6.559633028,12.51376147,31.53211009,2.724770642,4.146788991,2.119266055,0.009174312,0,100057,1.458715596,1.348623853
79,11,13.97619048,28.69047619,0,0,0,10,1,13.5,4.095238095,0.404761905,1.047619048,12.47619048,13.71428571,2.571428571,0.738095238,27.76190476,7.071428571,13.83333333,28.57142857,2.023809524,1,1.571428571,0.023809524,0.023809524,110021.5,1.380952381,1.142857143
79,12,89.1627907,89.17958656,1.07751938,0.173987941,0,878.6378122,61.06244617,15.75366064,4.268303187,0.375107666,1.116709733,12.14685616,12.957795,2.048664944,1.301894918,27.40223945,6.640826873,89.1627907,89.17786391,2.674418605,6.188199828,2.051248923,0.003014643,0.046511628,121166.0788,1.399224806,1.228251507
79,13,57.45379414,64.1930879,0.796393689,0.009767092,0,571.5003757,144.797145,15.36288505,4.329075883,0.332081142,1.145003757,13.8174305,14.18332081,1.861758077,1.107438017,27.53117956,6.777610819,57.72877536,64.31029301,2.48985725,10.8121713,2.190833959,0.002253944,0.006010518,130672.1503,1.450788881,1.33959429
79,15,19.84699454,34.92896175,3.93442623,2.202185792,2.163934426,4459.868852,3.907103825,14.51912568,4.021857923,0.557377049,1.120218579,14.1147541,15.86885246,2.18579235,1,32.39344262,6.841530055,17.80874317,34.65027322,2.912568306,1,2.202185792,0,0.005464481,150093.8087,1.366120219,1.202185792
79,16,13.17192982,28.08421053,2.424561404,0.326315789,0.084210526,158.8701754,39.72280702,15.84210526,4.449122807,0.470175439,1.168421053,12.17192982,14.09122807,1.750877193,0.940350877,28.81052632,7.175438596,13.06666667,27.53333333,2.536842105,15.46666667,2.242105263,0,0.010526316,160146.1754,1.357894737,1.38245614
79,17,93.58750703,93.63927968,16.55880698,14.55374226,14.34046145,1576.714688,88.25267304,15.56443444,4.148564997,0.396173326,1.135059088,14.20258863,12.40574001,1.970737198,1.16882386,27.16938661,7.164321891,93.76702307,93.85368599,2.684862127,8.672481711,1.907146877,0.005627462,0.001125492,170901.3815,1.504783343,1.494653911
79,18,98.48212729,98.48212729,1.169136879,1.035745423,1.035745423,973.5257193,91.54141238,15.78465562,4.292938099,0.322580645,1.132519616,14.81255449,12.89712293,1.876198779,1.335658239,28.55884917,6.982563208,98.48212729,98.48212729,2.389712293,19.01482127,2.224062772,0.004359198,0.00087184,180575.9712,1.47951177,1.47951177
79,19,90,90.34452297,7.581272085,4.139575972,2.575971731,1245.095406,103.8021201,15.86572438,4.247349823,0.454063604,1.157243816,14.18374558,13.59540636,1.93639576,1.330388693,27.3409894,7.167844523,90,90.18021201,2.434628975,5.450530035,2.04770318,0.001766784,0.001766784,190303.4647,1.535335689,1.616607774
79,20,25.32594235,38.07095344,2.831485588,0.529933481,0,1450.177384,120.0465632,16.46119734,4.283813747,0.388026608,1.150776053,13.44345898,12.86474501,1.929046563,1.248337029,25.81374723,7.201773836,24.21507761,36.71840355,2.618625277,10.26829268,2.243902439,0.011086475,0.00886918,200231.8359,1.461197339,1.319290466
79,21,89.20503145,89.25031447,3.937106918,0.53081761,0.124528302,616.2566038,117.9031447,16.09811321,4.369811321,0.406289308,1.127044025,14.86289308,13.42767296,1.802515723,1.227672956,25.90440252,6.803773585,89.30440252,89.33081761,2.835220126,3.274213836,2.228930818,0.012578616,0,210398.3648,1.444025157,1.347169811
79,22,18.81238095,30.35904762,0.45047619,0,0,548.6257143,63.03619048,15.43142857,4.32952381,0.327619048,1.138095238,14.06380952,13.54761905,1.907619048,1.155238095,26.55047619,6.722857143,18.43904762,29.62761905,2.631428571,6.583809524,2.072380952,0.002857143,0.013333333,220527.8552,1.415238095,1.279047619
79,23,73.65,74.145,1.345,0.605,0.495,6058.52,15.08,15.025,4.645,0.6,1.18,15.885,13.38,1.95,0.83,27.505,7.135,73.2,73.99,2.52,2.175,2.59,0,0.01,230101.075,1.35,1.665
79,24,95.4,95.4,1.667768595,0.191735537,0,1325.77686,72.62644628,15.68099174,4.338842975,0.40661157,1.109090909,14.48595041,12.70743802,2.069421488,1.095867769,26.96528926,6.874380165,95.4,95.4,2.540495868,7.376859504,2.219834711,0.004958678,0.095867769,240303,1.39338843,1.365289256
79,25,98.79649123,98.81871345,1.105263158,0.313450292,0.116959064,790.6783626,16.53216374,15.44678363,4.341520468,0.410526316,1.07251462,16.40584795,12.32046784,2.398830409,0.956725146,27.71111111,6.929824561,98.41052632,98.45497076,2.285380117,1,2.311111111,0.002339181,0.005847953,250432.0433,1.348538012,1.352046784
79,26,94.5989011,94.64957265,2.916361416,0.432844933,0.210622711,967.969475,104.6727717,15.00732601,4.302197802,0.552503053,1.112942613,13.67094017,12.4981685,1.963980464,1.181318681,27.67704518,7.02991453,94.74542125,94.84493284,2.686813187,4.932234432,1.94017094,0.004884005,0.007326007,260839.5647,1.493894994,1.371794872
79,27,49.29381443,57.15206186,3.661082474,1.266752577,0.893041237,2070.753866,84.02835052,16.13530928,4.324742268,0.514175258,1.117268041,12.6378866,14.03608247,2.081185567,1.318298969,28.40721649,7.132731959,42.7757732,51.87371134,2.532216495,7.284793814,1.967783505,0.007731959,0.050257732,270394.9884,1.496134021,1.362113402
79,28,98.52857143,98.52857143,1.588888889,0.292063492,0,314.5634921,79.16984127,15.31904762,4.414285714,0.188888889,1.134920635,13.58571429,13.34126984,1.796825397,1.382539683,24.71904762,6.782539683,98.52857143,98.52857143,2.603174603,6.306349206,2.666666667,0.004761905,0.020634921,280317.4587,1.420634921,1.863492063
79,29,16.89079879,29.97067745,1.945399393,0.576339737,0.071789687,1837.394338,134.8786653,15.5065723,4.299292214,0.248736097,1.159757331,14.25985844,13.10616785,1.874620829,1.22851365,27.39029323,6.992922144,16.86450961,29.72800809,2.476238625,4.475227503,2.071789687,0.003033367,0.008088979,290495.5197,1.469160768,1.294236603
79,30,97.34545455,97.60363636,2.705454545,1.254545455,0.894545455,50.37090909,54.35272727,16.09090909,4.301818182,0.541818182,1.207272727,10.75636364,12.64363636,1.847272727,0.88,24.29454545,6.865454545,97.34545455,97.31636364,2.690909091,1.472727273,2.789090909,0,0.64,300138,1.36,1.461818182
79,31,29.13357401,38.68592058,11.20938628,9.657039711,8.23465704,827.898917,84.8700361,15.67148014,4.209386282,0.429602888,1.19133574,12.87364621,14.2599278,1.776173285,1.584837545,26.76534296,6.841155235,28.76173285,37.24187726,2.599277978,22.88086643,1.985559567,0.003610108,0.018050542,310145.278,1.555956679,1.494584838
79,32,11.98657718,27.16778523,0.973154362,0.305369128,0,29.16442953,32.06040268,16.24832215,4.362416107,0.583892617,1.187919463,12.70134228,13.79530201,2.006711409,1.036912752,28.73489933,6.5,12.05033557,26.94295302,2.597315436,6.563758389,1.993288591,0.003355705,0.013422819,320151.9866,1.402684564,1.117449664
79,33,13.52201258,28.80503145,4.264150943,1.176100629,0.13836478,122.2138365,10.52201258,15.33333333,4.106918239,0.540880503,1.157232704,14.95597484,13.44025157,1.805031447,0.93081761,27.42767296,6.823899371,13.54716981,27.86792453,2.647798742,1.27672956,2.144654088,0.006289308,0,330081.5094,1.364779874,1.295597484
79,34,96.65019011,96.95057034,1.096007605,0.012357414,0,4225.423004,18.8878327,15.62927757,4.30608365,0.466730038,1.085551331,15.08745247,11.96102662,2.242395437,0.970532319,27.98954373,6.765209125,96.38022814,96.63117871,2.463878327,2.30513308,2.069391635,0.004752852,0.00095057,340566.3869,1.399239544,1.365019011
79,35,91.80900901,92.72072072,1.837837838,1.254054054,0.715315315,103.7171171,30.16576577,15.15495495,4.363963964,0.376576577,1.140540541,10.64864865,13.12252252,1.837837838,0.89009009,24.81441441,6.762162162,91.79279279,92.65765766,2.646846847,2.333333333,2.158558559,0.007207207,0.257657658,350282.2216,1.306306306,1.198198198
79,36,92.0270636,92.49526387,3.715381146,0.117275598,0,1851.926928,63.19260262,15.66486243,4.183130356,0.210645016,1.080739738,14.64095625,12.55480379,2.178619756,0.907532702,27.49120433,6.943166441,92.20027064,92.59449707,2.49706811,1.216508796,1.9797023,0.00405954,0.00766802,361127.5372,1.381145692,1.400992332
79,37,21.71005917,35.41715976,0.350591716,0,0,596.8698225,103.0547337,15.49852071,4.326183432,0.453402367,1.12943787,14.37426036,13.22263314,1.826183432,1.115384615,26.36390533,6.690828402,99,99,2.794378698,5.337278107,2.128698225,0.008136095,0.00147929,370682.1842,1.422337278,1.166420118
79,38,85.22807018,85.19298246,6.763157895,2.833333333,1.736842105,263.4035088,56.49122807,16.30701754,4.122807018,0.447368421,1.122807018,11.31578947,13.05263158,1.684210526,1.140350877,22.18421053,7.175438596,85.21929825,85.5877193,2.5,13.69298246,2.052631579,0,0.149122807,380057.5,1.456140351,1.263157895
79,39,98.87810945,98.87960199,0.992039801,0.02238806,0,1496.779104,86.01293532,15.30646766,4.335323383,0.387064677,1.134825871,15.3,12.66666667,1.974626866,1.207960199,27.24228856,6.972636816,98.87810945,98.90995025,2.345771144,9.266169154,2.471641791,0.005970149,0.005970149,391009.1567,1.417910448,1.33880597
79,40,93.62619372,93.83628922,3.491132333,1.570259209,1.485675307,1314.231924,84.37789905,15.72851296,4.085948158,0.422919509,1.163710778,15.15825375,13.51159618,1.793997271,1.420190996,26.92905866,6.68212824,93.51841746,93.6957708,2.48431105,9.174624829,1.824010914,0.004092769,0.010914052,400371.9482,1.492496589,1.31787176
79,41,13.83527454,25.50748752,1.888519135,0.036605657,0,291.2445923,36.9733777,16.40099834,4.249584027,0.562396007,1.124792013,13.5640599,13.74542429,1.985024958,1.006655574,27.93178037,6.77703827,12.04825291,23.94009983,2.499168053,3.039933444,2.026622296,0.001663894,0.019966722,410301,1.386023295,1.405990017
79,42,97.91887676,97.91887676,4.950078003,0.339053562,0.190327613,1439.570983,62.30109204,15.77899116,4.303172127,0.458138326,1.119604784,17.95267811,12.11908476,2.021320853,1.276651066,0.102964119,7.011440458,97.91887676,97.91887676,2.619864795,3.708268331,2.909516381,0.004680187,0,420981.4727,1.42849714,1.356214249
79,44,14.00952381,31.07619048,0.676190476,0.20952381,0,140.647619,5.914285714,16.19047619,4.333333333,0.447619048,1.171428571,16.52380952,12.62857143,2.752380952,1.285714286,26.72380952,6.952380952,13.34285714,29.24761905,2.466666667,1,2.552380952,0.00952381,0,440055.0381,1.40952381,1.495238095
79,45,12.71069182,28.26037736,0.422641509,0.035220126,0,214.0742138,46.65534591,15.28553459,4.272955975,0.416352201,1.132075472,13.41006289,12.72704403,1.747169811,1.116981132,25.09308176,6.568553459,12.94339623,27.48553459,2.391194969,4.488050314,1.499371069,0.012578616,0,450407.1044,1.4,1.252830189
79,46,59.06508876,65.77514793,3.857988166,1.597633136,1.171597633,342.8106509,72.69230769,15.77514793,4.372781065,0.550295858,1.24852071,13.74556213,17.07692308,1.899408284,1.426035503,26.82840237,7.74556213,58.09467456,63.72781065,2.74556213,2.402366864,2.230769231,0,0.455621302,460090.071,1.50887574,1.544378698
79,47,25.89569378,38.89760766,3.294736842,1.062200957,0.021052632,688.9110048,99.06124402,15.83253589,4.26507177,0.48708134,1.157894737,15.14545455,14.09952153,2.079425837,1.15215311,26.23444976,6.727272727,25.89186603,38.12535885,2.481339713,8.555023923,2.612440191,0.005741627,0.003827751,470533.4115,1.496650718,1.509090909
79,48,39.02673649,49.91207277,1.56890849,0.051267916,0.000551268,1880.192393,237.2825248,15.86080485,4.224366042,0.232910695,1.148842337,13.27370452,12.6915656,1.841786108,1.421444322,26.4545204,6.794652701,38.96637266,49.01736494,2.408213892,5.562017641,1.729051819,0.002480706,0.003583241,481821.9071,1.405733186,1.187982359
79,49,61.26595745,67.05319149,4.09929078,1.209219858,1.053191489,710.6276596,33.65602837,15.65957447,4.219858156,0.386524823,1.138297872,10.11702128,14.60283688,1.868794326,1.19858156,28.70212766,6.556737589,58.4858156,65.9858156,2.790780142,17.34042553,1.854609929,0.003546099,0.063829787,490144.1277,1.390070922,1.290780142
79,50,87.04615385,88.80769231,3.423076923,0,0,1789.676923,14.26153846,16.76923077,4.269230769,0.523076923,1.223076923,17.26923077,14.16153846,1.869230769,0.938461538,26.32307692,7.107692308,87.96153846,89.81538462,2.846153846,5.761538462,2.669230769,0.023076923,0.015384615,500068.1,1.369230769,1.338461538
79,51,98.78548212,98.78548212,4.846153846,2.865655471,2.789815818,472.4507042,234.7638137,15.87323944,4.319609967,0.45503792,1.100758397,15.04008667,13.24918743,1.905742145,1.033586132,25.97399783,6.98808234,98.78548212,98.78548212,2.386782232,5.385698808,2.017334778,0.010834236,0.026002167,510463.4583,1.386782232,1.307692308
79,53,33.57158837,40.48210291,0.298657718,0,0,447.0033557,41.90044743,15.87248322,4.336689038,0.604026846,1.135346756,14.22371365,12.35458613,1.944071588,1.210290828,26.16778523,6.763982103,44.89597315,48.61521253,2.574944072,3.890380313,1.634228188,0.003355705,0.007829978,530451.4161,1.436241611,1.342281879
79,54,39.13901345,49.42152466,0.957399103,0.051569507,0,354.6547085,52.04035874,15.67488789,4.19058296,0.192825112,1.147982063,13.99327354,14.45067265,1.775784753,1.058295964,26.96860987,7.035874439,39.0941704,48.47533632,2.511210762,2.159192825,3.14573991,0.002242152,0.049327354,540227.3363,1.383408072,1.448430493
79,55,42.22145329,52.96309112,2.770472895,0.424452134,0.048442907,774.8292964,73.65859285,16.24798155,4.251441753,0.660899654,1.136101499,14.79469435,12.10957324,1.945790081,1.467128028,27.1810842,7.420991926,37.19723183,49.06805075,2.506343714,5.363321799,2.498269896,0.006920415,0.003460208,550440.6528,1.495963091,1.396770473
79,56,69.74747475,70.72727273,3.434343434,0.232323232,0,45.04040404,21.15151515,16.67171717,3.974747475,0.439393939,1.232323232,10.22222222,14.47979798,1.717171717,0.909090909,26.52525253,7.464646465,69.73232323,70.86868687,2.48989899,3.888888889,2.393939394,0,0.005050505,560100.4394,1.358585859,1.595959596
80,1,16.15808383,29.76766467,0.422754491,0.011976048,0,599.8634731,71.30898204,15.49700599,4.215568862,0.305389222,1.125748503,13.00598802,13.02874251,1.717365269,1.131736527,26.42155689,6.571257485,96.15449102,96.15449102,2.349700599,7.605988024,2.301796407,0.009580838,0,10419.71976,1.437125749,1.195209581
80,2,74.08860759,76.21518987,4.379746835,0.367088608,0,236.7974684,120,16.4556962,4.240506329,0.582278481,1.113924051,11.40506329,11.67088608,2.303797468,0.949367089,24.86075949,6.848101266,73.21518987,74.69620253,2.734177215,15.5443038,2.227848101,0,0.037974684,20040.91139,1.35443038,1.481012658
80,4,35.53661465,42.97719088,1.803121248,1.142857143,1.069627851,178.8223289,14.02280912,16.14045618,4.218487395,0.483793517,1.136854742,12.00480192,13.1452581,1.960384154,1.177671068,25.95678271,6.630252101,33.87755102,41.78871549,2.809123649,1.581032413,2.112845138,0.00240096,0.256902761,40421.43938,1.394957983,1.301320528
80,5,71.74897119,71.80658436,1.281893004,0.098765432,0,608.8292181,79.04115226,15.59465021,4.347736626,0.372427984,1.209876543,13.78600823,13.30041152,1.732510288,0.909465021,26.55144033,6.890946502,71.70781893,71.81687243,2.681069959,11.35390947,2.092592593,0,0,50244.47325,1.362139918,1.189300412
80,8,43.3632,53.28,0.7856,0,0,355.7024,58.408,16.016,4.1504,0.5424,1.1344,12.5056,12.4768,1.9888,0.8944,26.9392,6.9504,43.5216,53.0032,2.3248,7.3536,2.7728,0.0016,0.048,80313.2688,1.3696,1.3088
80,9,31.16153846,43.9,2.190384615,0.442307692,0.019230769,762.8423077,13.85769231,15.88653846,4.45,0.561538462,1.105769231,16.03461538,11.36153846,2.225,0.853846154,29.01538462,6.642307692,27.95,41.38846154,2.4,1.6,2.357692308,0.003846154,0,90263.33077,1.419230769,1.398076923
80,10,10.98518519,27.77777778,1.451851852,0,0,35,3.059259259,17.11111111,4.533333333,0.651851852,1.133333333,16.19259259,11.77777778,1.955555556,1.214814815,28.73333333,7.081481481,11.2,29.08888889,2.503703704,9.703703704,2.244444444,0.007407407,0,100069.763,1.511111111,1.125925926
80,11,17.21052632,31.81578947,2.605263158,2.605263158,2.605263158,10,1,14.60526316,4.473684211,0.315789474,1.078947368,12.63157895,15.31578947,2.026315789,1.105263158,28.02631579,6.552631579,17.71052632,30.89473684,2.210526316,16.26315789,1.447368421,0.026315789,0.315789474,110019.7368,1.394736842,1.368421053
80,12,98.96069869,98.96069869,1.859468043,0.195712584,0.07860262,758.4966256,60.51965066,15.57483128,4.268757443,0.338626439,1.121476776,12.5208416,12.91226677,1.954346963,1.205637158,27.71258436,6.710996427,98.96069869,98.96069869,2.720921,4.973799127,1.747518857,0.002778881,0.002381898,121266.8285,1.3930131,1.21675268
80,13,60.6231454,66.60534125,0.75074184,0.109050445,0.073442136,685.3531157,144.0578635,15.25816024,4.381305638,0.445845697,1.118694362,14.01409496,13.28709199,1.870919881,0.971810089,25.61721068,6.681750742,61.09866469,66.79005935,2.390949555,6.494807122,2.508902077,0.003709199,0.014094955,130678.247,1.420623145,1.25
80,15,13.79041916,29.61676647,1.407185629,0,0,3630.568862,3.778443114,15.70658683,4.335329341,0.538922156,1.113772455,13.2994012,11.92215569,2.107784431,0.976047904,27.7245509,6.461077844,12.66467066,29.07185629,2.880239521,1,2.101796407,0,0.011976048,150085.8443,1.359281437,1.167664671
80,16,12.16376307,24.75609756,2.637630662,0.487804878,0,130.0696864,40.90592334,15.78397213,4.43554007,0.43902439,1.153310105,11.43902439,13.21254355,1.68989547,1.139372822,26.92682927,7.006968641,12.1184669,26.44599303,2.742160279,4.421602787,2.3728223,0.003484321,0.059233449,160153.5157,1.456445993,1.31358885
80,17,95.63457207,96.00563063,17.6509009,16.91385135,16.8384009,1521.469032,86.51126126,15.56137387,4.363175676,0.385698198,1.11204955,14.04166667,12.11655405,1.963963964,1.063626126,27.29842342,6.878941441,95.46283784,95.80968468,2.555743243,5.815878378,2.122747748,0.003378378,0.000563063,170893.3846,1.456644144,1.338963964
80,18,98.13799806,98.16423712,1.284742468,0.986394558,0.962099125,1040.017493,91.50923226,15.04275996,4.329446064,0.321671526,1.13313897,15.17687075,12.84159378,1.720116618,1.202137998,29.34110787,6.867832847,98.13799806,98.15840622,2.376093294,18.96793003,2.380952381,0.003887269,0,180516.7716,1.418853256,1.447035957