YEAR,STATE,ARR_HOUR,ARR_MIN,CF1,CF2,CF3,CITY,COUNTY,DAY,DAY_WEEK,DRUNK_DR,FATALS,HARM_EV,HOUR,LGT_COND,MAN_COLL,MINUTE,MONTH,NOT_HOUR,NOT_MIN,PERSONS,RAIL,REL_ROAD,SCH_BUS,SP_JUR,ST_CASE,VE_FORMS,WEATHER
82,4,38.38679245,46.77358491,1.089622642,1.089622642,1.089622642,156.7106918,14.4591195,15.38050314,4.259433962,0.405660377,1.13836478,12.63207547,12.78144654,1.864779874,1.007861635,26.38993711,6.356918239,37.6509434,46.82389937,2.966981132,2.625786164,2.018867925,0,0.298742138,40319.7673,1.454402516,1.267295597
82,5,65.4832636,65.49372385,0.00209205,0,0,684.0439331,76.74895397,15.39748954,4.280334728,0.341004184,1.150627615,15.0083682,13.23430962,1.682008368,1.025104603,25.31589958,6.663179916,65.65481172,65.65481172,2.677824268,8.190376569,2.060669456,0.0041841,0.00209205,50241.49582,1.443514644,1.267782427
82,8,42.04013378,52.72742475,0.015050167,0,0,339.041806,55.58862876,16.11705686,4.217391304,0.58361204,1.117056856,13.51839465,12.77591973,1.891304348,0.897993311,26.02173913,6.52173913,41.98662207,52.63712375,2.586956522,1.814381271,2.655518395,0.003344482,0.001672241,80300.80602,1.381270903,1.225752508
82,9,18.39224138,33.65948276,0.127155172,0.006465517,0,585.7392241,6.172413793,15.28232759,4.370689655,0.521551724,1.109913793,17.9762931,11.48060345,2.193965517,0.952586207,28.3512931,7.088362069,16.99784483,31.72198276,2.50862069,2.157327586,2.239224138,0,0,90232.5,1.478448276,1.368534483
82,10,11.72173913,31.0173913,0,0,0,51.30434783,3.034782609,16.11304348,4.356521739,0.669565217,1.060869565,18.7826087,12.08695652,1.939130435,1.086956522,28.12173913,6.582608696,11.80869565,32.09565217,2.547826087,1,2.32173913,0.008695652,0,100058.887,1.513043478,1.147826087
82,11,12.52941176,22.94117647,0,0,0,10,1,13.55882353,3.676470588,0.5,1.029411765,14.64705882,12.91176471,2.441176471,1,27.17647059,6.470588235,13,28.23529412,2.147058824,13.38235294,1.676470588,0.029411765,0,110017.5,1.470588235,1.117647059
82,12,53.81135225,62.09015025,1.774207012,1.618948247,1.611435726,834.3209516,63.86310518,15.57178631,4.235392321,0.424457429,1.107262104,13.69991653,13.05133556,1.98163606,1.261686144,26.74040067,6.330550918,53.23622705,61.35350584,2.842237062,3.749165275,1.995409015,0.000834725,0.017111853,121213.6164,1.489565943,1.29590985
82,13,44.56791249,52.06016408,0.220601641,0.180492252,0.180492252,607.9753874,138.4949863,15.01549681,4.297174111,0.489516864,1.120328168,17.24339107,13.8769371,1.827711942,1.160437557,27.89152233,6.70556062,44.52233364,52.16499544,2.556973564,3.189608022,2.577028259,0.004557885,0,130560.7712,1.477666363,1.288058341
82,15,12.56551724,28.59310345,0,0,0,3879.917241,3.455172414,15.88965517,4.172413793,0.579310345,1.124137931,16.13793103,13.51034483,2.15862069,0.924137931,29.44827586,6.289655172,11.82758621,28.68965517,2.675862069,1,2.2,0,0.006896552,150075.8966,1.4,1.275862069
82,16,11.91981132,24.58490566,0.018867925,0,0,116.6933962,38.6509434,15.08490566,4.216981132,0.429245283,1.20754717,14.58018868,15.01886792,1.716981132,0.929245283,27.19339623,6.962264151,11.94811321,25.13207547,2.698113208,10.01886792,2.410377358,0.009433962,0.122641509,160109.2028,1.377358491,1.212264151
82,17,20.75389831,48.27932203,3.842033898,3.825762712,3.825762712,1652.029831,85.13288136,15.73898305,4.234576271,0.41220339,1.119322034,16.04474576,12.30711864,1.993220339,1.028474576,26.21966102,6.865762712,13.06237288,27.79322034,2.638644068,5.227118644,2.119322034,0.004745763,0.002033898,170750.0807,1.453559322,1.348474576
82,18,98.47635934,98.55200946,0.011820331,0,0,836.4940898,90.53427896,15.38888889,4.322695035,0.38179669,1.135933806,18.30260047,12.45626478,1.93498818,1.29787234,26.85224586,7.190307329,98.36170213,98.4893617,2.462174941,7.21749409,2.653664303,0.002364066,0.001182033,180429.9326,1.508274232,1.3356974
82,19,48,56.12529002,0.03712297,0,0,1323.679814,106.2157773,15.40603248,4.16937355,0.364269142,1.113689095,16.54060325,15.69837587,1.897911833,1.215777262,28.51972158,7.104408353,47.14153132,53.96519722,2.50812065,2.538283063,2.211136891,0.002320186,0.051044084,190219.2367,1.473317865,1.489559165
82,20,23.14449541,37.16513761,0.112385321,0,0,1295.58945,115.4541284,16.47706422,4.247706422,0.353211009,1.142201835,14.79357798,14.29587156,1.841743119,1.300458716,27.58027523,6.763761468,21.99311927,35.89220183,2.694954128,5.21559633,2.188073394,0.006880734,0,200221.3119,1.497706422,1.199541284
82,21,86.65564738,86.72865014,0.073002755,0.00137741,0,724.5192837,114.1322314,15.81680441,4.132231405,0.466942149,1.132231405,18.95041322,13.14876033,1.76584022,0.935261708,26.69559229,6.837465565,87.00275482,87.05509642,2.625344353,1.513774105,2.462809917,0.008264463,0.012396694,210370.4518,1.41184573,1.336088154
82,22,18.03638254,30.21933472,0.006237006,0,0,506.7920998,64.16839917,15.4033264,4.22037422,0.379417879,1.134095634,16.69126819,13.11746362,1.949064449,1.097713098,26.56340956,6.681912682,18.11330561,29.95218295,2.727650728,6.051975052,2.093555094,0.005197505,0.020790021,220491.6237,1.472972973,1.382536383
82,23,84.82119205,85.38410596,0,0,0,5190.589404,15.56953642,15.92715232,4.331125828,0.430463576,1.099337748,18.01986755,13.95364238,2.039735099,1.099337748,25.78145695,7.19205298,84.81456954,85.43046358,2.397350993,4.682119205,2.390728477,0,0.006622517,230122.3444,1.38410596,1.562913907
82,24,99,99,0,0,0,1185.996522,74.44,15.90956522,4.191304348,0.464347826,1.113043478,17.22956522,12.65913043,2.019130435,1.132173913,27.90956522,6.91826087,99,99,2.453913043,1.088695652,1.975652174,0,0,240291.0609,1.450434783,1.203478261
82,25,98.00487805,98.14146341,0.032520325,0.016260163,0.009756098,887.9544715,25.91056911,15.65365854,4.099186992,0.304065041,1.071544715,19.92520325,12.84552846,2.177235772,0.759349593,26.45528455,6.951219512,97.4796748,97.56097561,2.229268293,1.544715447,2.406504065,0,0.003252033,250311.8732,1.351219512,1.414634146
82,26,60.19411297,67.1734288,0.023866348,0,0,1060.888624,103.4645982,15.42084328,4.219570406,0.575178998,1.107398568,16.56483691,12.13046937,1.906921241,1.257756563,27.93317422,6.982498011,60.01193317,67.41288783,2.649164678,3.828162291,2.114558473,0.00477327,0,260639.3827,1.506762132,1.297533811
82,27,45.6476378,56.22834646,0.049212598,0,0,1838.42126,85.56692913,15.65748031,4.062992126,0.505905512,1.124015748,13.56889764,12.50393701,1.816929134,1.312992126,27.6476378,7.411417323,32.82480315,45.00984252,2.683070866,2.681102362,1.856299213,0.007874016,0.023622047,270258.7539,1.517716535,1.450787402
82,28,79.93354943,82.19773096,0.37439222,0.322528363,0.320907618,394.8573744,77.21393841,15.68881686,4.395461912,0.259319287,1.183144246,17.64829822,13.01944895,1.875202593,1.166936791,25.24473258,6.747163695,79.63371151,81.81037277,2.653160454,3.329011345,2.781199352,0.003241491,0.024311183,280309.9465,1.445705024,1.526742301
82,29,15.13121019,28.12866242,0.068789809,0,0,1956.249682,135.143949,16.07133758,4.21656051,0.313375796,1.133757962,17.12484076,12.15796178,1.824203822,1.089171975,27.18598726,6.940127389,15.01146497,27.76050955,2.642038217,5.504458599,2.253503185,0.003821656,0.020382166,290393.3389,1.470063694,1.301910828
82,30,55.69302326,61.63255814,0.260465116,0.051162791,0,72.96744186,53.90232558,15.83255814,4.4,0.669767442,1.181395349,13.54883721,13.51162791,1.71627907,0.893023256,26.31627907,6.939534884,52.91627907,61.59534884,2.8,3.055813953,2.553488372,0,0.697674419,300108,1.409302326,1.227906977
82,31,25.88053097,35.95575221,0.008849558,0,0,890.0442478,91.23893805,16.2300885,4.194690265,0.398230088,1.154867257,14.89823009,12.95575221,1.685840708,1.283185841,24.07964602,6.991150442,25.14159292,33.35840708,2.522123894,5.336283186,2.185840708,0.004424779,0.097345133,310114.5531,1.539823009,1.265486726
82,32,9.931451613,20.5483871,0.112903226,0,0,31.26209677,26.50806452,15.30241935,4.358870968,0.60483871,1.129032258,14.70564516,13.27016129,1.935483871,0.741935484,26.83870968,6.25,9.504032258,21.35887097,2.677419355,4.133064516,2.274193548,0.004032258,0.048387097,320125.0726,1.358870968,1.133064516
82,33,15.84415584,30.45454545,0.038961039,0,0,141.3896104,11.03896104,15.58441558,4.564935065,0.564935065,1.123376623,19.87662338,13.80519481,1.980519481,1.038961039,28.61038961,7.155844156,12.95454545,29.05194805,2.597402597,1,2.266233766,0,0.025974026,330078.8571,1.461038961,1.376623377
82,34,96.18963731,96.69740933,0.01865285,0,0,4101.818653,17.71502591,16.23523316,4.248704663,0.47357513,1.099481865,17.75958549,12.44041451,2.156476684,0.917098446,28.84559585,7.009326425,97.20621762,97.47564767,2.592746114,1.711917098,2.27357513,0.002072539,0,340506.4611,1.426943005,1.231088083
82,35,70.09406953,71.37832311,0.014314928,0,0,451.1431493,29.36809816,15.13292434,4.1799591,0.539877301,1.1799591,12.27811861,14.09611452,1.916155419,0.922290389,24.21063395,6.967280164,70.90184049,72.15541922,2.871165644,2.721881391,2.198364008,0.00408998,0.141104294,350248.9305,1.353783231,1.302658487
82,36,51.34198473,58.64020356,0.062086514,0.050381679,0.050381679,2033.950636,65.19643766,15.74096692,4.27480916,0.349618321,1.100254453,16.43613232,12.26666667,2.038676845,0.870737913,26.90381679,6.97913486,50.87888041,58.00101781,2.63307888,1.530788804,2.025445293,0.005089059,0.019847328,360996.8473,1.383715013,1.290585242
82,37,19.15068493,34.14982877,0.427226027,0.42380137,0.42380137,559.6729452,101.5359589,15.7140411,4.371575342,0.520547945,1.115582192,17.15667808,13.39811644,1.797945205,0.954623288,26.77739726,7.053082192,95.32705479,96.00085616,2.702910959,4.636986301,2.167808219,0.004280822,0.001712329,370586.9521,1.421232877,1.288527397
82,38,67.703125,70.0703125,0.0546875,0,0,309.6484375,57.609375,17.1796875,4.328125,0.59375,1.15625,14.015625,14.7421875,1.6796875,1.171875,27.3984375,7.0390625,57.3828125,64.171875,2.671875,4.7890625,2.2265625,0,0.3828125,380064.5,1.5,1.3046875
82,39,98.87629578,98.90048376,0.0138217,0,0,1492.06358,86.05597789,15.3780235,4.326192122,0.497581202,1.110573601,17.84243262,12.23082239,1.932964755,1.166551486,28.15894955,6.798203179,98.94402211,98.95991707,2.542501728,5.753282654,2.527988943,0.00414651,0.00691085,390730.7706,1.422252937,1.346924672
82,40,30.86353712,43.55131004,0.015283843,0,0,1319.128821,87.65065502,15.79257642,4.288209607,0.498908297,1.150655022,18.23908297,13.33078603,1.704148472,1.506550218,26.8209607,6.422489083,30.92139738,43.61899563,2.587336245,4.40720524,2.229257642,0,0.010917031,400461.8679,1.537117904,1.207423581
82,41,17.32974138,29.25,0.019396552,0,0,380.8448276,38.82758621,16.51939655,4.064655172,0.495689655,1.11637931,15.63577586,15.31896552,1.842672414,0.88362069,28.89439655,6.855603448,17.375,29.56681034,2.747844828,1.771551724,2.364224138,0.002155172,0.105603448,410239.4547,1.424568966,1.278017241
82,42,99,99,0.747361887,0.737430168,0.737430168,1997.150838,65.58348852,15.51769088,4.247672253,0.332091868,1.129112353,18.84047176,12.39416511,1.922408442,1.17628802,99,6.893854749,99,99,2.696461825,2.34264432,2.762259466,0.001241465,0.001241465,420815.1726,1.480446927,1.409062694
82,44,19.31958763,35.26804124,1.06185567,1.082474227,1.020618557,664.814433,6.072164948,15.82474227,4.175257732,0.536082474,1.082474227,18.75257732,12.72164948,2.432989691,0.721649485,27.34020619,6.917525773,19.48453608,34.43298969,2.371134021,5.340206186,2.340206186,0,0.082474227,440053.8041,1.319587629,1.835051546
82,45,12.54422789,26.29385307,0.026986507,0,0,205.3613193,47.26986507,16.03298351,4.710644678,0.418290855,1.094452774,16.7826087,12.83058471,1.709145427,1.028485757,25.84407796,6.896551724,12.62218891,27.23688156,2.259370315,3.407796102,2.097451274,0.005997001,0,450338.2069,1.404797601,1.379310345
82,46,54.05426357,61.30232558,0.054263566,0,0,411.8294574,73.52713178,16.49612403,4.395348837,0.565891473,1.147286822,17.03875969,13.24031008,1.891472868,1.317829457,28.20930233,6.984496124,54.63565891,61.91472868,2.558139535,1,2.496124031,0.015503876,0.410852713,460065.7209,1.418604651,1.472868217
82,47,25.00423729,38.08792373,0.297669492,0.216101695,0.209745763,558.4449153,95.93220339,14.99576271,4.253177966,0.526483051,1.117584746,17.96080508,13.34533898,2.003177966,1.019067797,27.40783898,6.871822034,24.95127119,38.01377119,2.342161017,3.193855932,2.849576271,0.002118644,0.012711864,470484.7998,1.431144068,1.449152542
82,48,32.07542579,42.82643958,0.011084077,0,0,1919.506623,228.8367126,15.80967829,4.139226818,0.269532306,1.138956475,14.47228981,12.63125169,1.829413355,1.125168965,26.41389565,6.549067315,31.81589619,42.51257097,2.482562855,5.968910516,1.923492836,0.003784807,0.009191673,481854.1279,1.407407407,1.175182482
82,49,42.21673004,53.22813688,0,0,0,857.6387833,33.0608365,16.57034221,4.357414449,0.380228137,1.121673004,11.88593156,13.30038023,1.847908745,1.152091255,26.77186312,6.619771863,38.0418251,49.11406844,2.870722433,8.935361217,1.969581749,0.003802281,0,490138.7567,1.44486692,1.243346008
82,50,81.84782609,83.39130435,0.130434783,0,0,1648.673913,15.26086957,14.52173913,4.793478261,0.565217391,1.163043478,18.30434783,15.52173913,1.739130435,0.815217391,26.7173913,7.315217391,87.41304348,88.02173913,2.576086957,5.576086957,2.956521739,0,0,500047.2826,1.326086957,1.336956522
82,51,82.73657289,82.80690537,0,0,0,459.4219949,248.1713555,15.96675192,4.277493606,0.470588235,1.126598465,18.41432225,13.65601023,1.832480818,0.989769821,27.25063939,6.896419437,83.04859335,83.04859335,2.533248082,2.60230179,2.282608696,0.001278772,0.002557545,510396.1304,1.437340153,1.351662404
82,53,14.85991058,26.66467958,0.005961252,0,0,449.2265276,43.2295082,15.53651267,4.184798808,0.630402385,1.114754098,15.78539493,12.74813711,1.910581222,0.93442623,24.65871833,6.694485842,14.92399404,25.88971684,2.590163934,1.323397914,2.350223547,0.001490313,0.070044709,530340.5231,1.424739195,1.19076006
82,54,12.88520408,26.89795918,0.015306122,0.017857143,0,357.5331633,50.57653061,16.03316327,4.295918367,0.461734694,1.147959184,19.08928571,14.71683673,1.755102041,1.244897959,26.07142857,6.522959184,13.08673469,26.26020408,2.732142857,1.905612245,2.658163265,0.00255102,0.022959184,540201.6811,1.410714286,1.392857143
82,55,30.49177877,41.72496263,0.031390135,0.004484305,0,782.1733931,76.27503737,15.63527653,4.153961136,0.627802691,1.150971599,17.02541106,12.47384155,1.914798206,1.312406577,27.30044843,7.101644245,27.72496263,39.3348281,2.545590433,3.291479821,2.372197309,0.004484305,0.004484305,550338.87,1.491778774,1.397608371
82,56,19.99421965,31.62427746,0.086705202,0,0,57.95953757,20.2716763,15.87861272,4.023121387,0.502890173,1.161849711,10.46242775,15.19075145,1.682080925,0.936416185,25.63583815,6.774566474,17.86127168,27.41040462,2.578034682,1.231213873,2.427745665,0.005780347,0.138728324,560087.3468,1.358381503,1.421965318
83,1,14.09925558,28,0.079404467,0,0,604.8523573,72.63771712,15.44913151,4.377171216,0.47146402,1.153846154,16.99751861,13.17741935,1.776674938,1.148883375,25.77915633,6.910669975,94.3560794,94.22828784,2.648883375,3.302729529,2.55955335,0.008684864,0.011166253,10404.48015,1.460297767,1.212158809
83,2,18.35555556,28.84444444,5.281481481,4.451851852,4.4,141.6666667,111.6296296,16.08148148,4.140740741,0.444444444,1.111111111,13.55555556,15.73333333,1.844444444,1.155555556,30.27407407,7.051851852,17.12592593,27.51111111,2.614814815,6.777777778,2.392592593,0.014814815,0.066666667,20068,1.444444444,1.311111111
83,4,39.81818182,47.55519481,0.652597403,0.642857143,0.642857143,177.5551948,13.94318182,15.23538961,4.321428571,0.452922078,1.095779221,12.75,13.2775974,1.957792208,1.079545455,26.78571429,6.724025974,37.93181818,47.45779221,2.946428571,2.063311688,1.910714286,0,0.311688312,40308.89773,1.475649351,1.194805195
83,5,57.56494845,63.32989691,0.07628866,0.012371134,0,667.385567,79.34226804,15.13814433,4.167010309,0.420618557,1.148453608,16.21649485,13.31340206,1.701030928,1.004123711,26.25979381,6.793814433,57.67835052,63.08453608,2.668041237,6.243298969,2.525773196,0.006185567,0.020618557,50245.20412,1.451546392,1.315463918
83,8,39.67174281,48.98984772,0.043993232,0,0,311.3705584,51.7715736,15.72419628,4.296108291,0.622673435,1.093062606,14.40101523,12.88494078,1.912013536,0.829103215,26.77834179,6.884940778,39.17428088,48.4213198,2.570219966,2.614213198,2.981387479,0.003384095,0.076142132,80297.46531,1.372250423,1.221658206
83,9,12.65346535,32.27227723,0.358910891,0.017326733,0,755.6509901,6.559405941,15.7970297,4.28960396,0.475247525,1.084158416,19.37623762,12.27475248,2.116336634,0.888613861,28.80445545,6.985148515,12.58415842,30.38118812,2.475247525,1.51980198,2.485148515,0.002475248,0,90202.5,1.433168317,1.341584158
83,10,12.14285714,29.45918367,0.112244898,0,0,38.67346939,2.836734694,16.54081633,4.459183673,0.653061224,1.12244898,17.98979592,12.01020408,1.948979592,1.163265306,26.35714286,6.948979592,12.04081633,29.73469388,2.867346939,1,2.551020408,0,0,100049.5,1.5,1.132653061
83,11,11.55172414,28.01724138,0,0,0,10,1,15.10344828,4.551724138,0.413793103,1.137931034,14.67241379,11.5862069,2.206896552,1.25862069,27.34482759,6.551724138,11.4137931,26.10344828,2.5,1,1.465517241,0,0.017241379,110029.6897,1.5,1.137931034
83,12,14.84347826,30.47246377,0.214492754,0.086956522,0.081987578,1670.065424,63.21200828,15.42028986,4.305590062,0.443064182,1.112215321,14.06749482,13.6252588,1.964803313,1.277846791,27.80082816,6.661697723,14.13333333,29.77763975,2.813250518,3.058799172,2.105175983,0.002070393,0.002898551,121259.9698,1.520082816,1.205383023
83,13,30.1218669,41.66292135,0.19187554,0,0,567.0942092,138.8859118,15.34312878,4.243733794,0.428694901,1.120138289,16.87035436,13.3474503,1.75108038,1.128781331,27.57908384,6.831460674,29.57821953,41.5505618,2.509075194,4.283491789,2.574762316,0.005185825,0.004321521,130581.0519,1.489196197,1.227312014
83,15,11.91729323,29.23308271,0.07518797,0,0,3540.06015,3.466165414,14.06766917,4.330827068,0.706766917,1.060150376,17.58646617,11.85714286,2.345864662,1.007518797,28.2481203,6.360902256,11.7443609,32.42105263,2.639097744,1,2.345864662,0,0,150067.7594,1.383458647,1.180451128
83,16,10.8008658,23.54112554,0.03030303,0,0,203.0606061,42.32467532,15.72294372,4.207792208,0.424242424,1.138528139,12.75757576,13.73160173,1.614718615,1.043290043,27.12554113,6.939393939,10.83116883,23.63203463,2.70995671,4.584415584,2.341991342,0.004329004,0.069264069,160117.1039,1.376623377,1.203463203
83,17,22.77012328,46.47570703,1.439448876,1.364031907,1.364031907,1628.072516,87.72371284,15.74256708,4.25453227,0.464104423,1.106598985,15.82160986,12.25308194,1.957940537,1.104423495,26.50833938,6.800580131,14.62509065,29.78462654,2.593908629,4.572878898,2.164612038,0.003625816,0.015228426,170697.9543,1.47715736,1.368382886
83,18,97.04908676,97.29680365,0.019406393,0,0,803.2534247,89.28538813,15.82077626,4.349315068,0.350456621,1.159817352,17.3173516,13.06621005,1.842465753,1.382420091,28.44748858,6.577625571,97.4303653,97.62328767,2.520547945,8.365296804,2.686073059,0.00456621,0.00456621,180443.5354,1.511415525,1.315068493
83,19,16.00228833,30.11441648,0.160183066,0.016018307,0,1056.567506,108.9221968,15.37757437,4.292906178,0.47826087,1.176201373,15.47826087,13.77574371,1.929061785,1.42791762,27.2791762,6.823798627,14.38215103,27.40045767,2.734553776,2.839816934,2.084668192,0.009153318,0.00228833,190222.5995,1.535469108,1.553775744
83,20,17.15789474,31.90858726,0.490304709,0,0,1200.443213,112.3961219,16.01939058,4.293628809,0.35734072,1.138504155,15.57617729,15.05263158,1.778393352,1.099722992,29.54570637,6.844875346,17.04432133,31.45706371,2.531855956,10.20498615,2.592797784,0.005540166,0.022160665,200181.8172,1.468144044,1.213296399
83,21,87.42608696,87.48115942,0.128985507,0,0,737.3130435,115.0202899,15.52753623,4.434782609,0.457971014,1.127536232,19.62318841,12.80869565,1.776811594,0.939130435,26.51884058,6.92173913,87.68695652,87.70434783,2.662318841,1.797101449,2.727536232,0.005797101,0.014492754,210352.0043,1.4,1.282608696
83,22,16.50119617,25.87559809,0.005980861,0,0,525.5083732,63.3277512,15.25239234,4.288277512,0.28708134,1.116028708,16.97129187,13.64712919,1.942583732,1.232057416,27.62559809,6.751196172,15.6423445,25.97248804,2.625598086,5.259569378,2.034688995,0.002392344,0.008373206,220422.2452,1.5215311,1.205741627
83,23,97.76262626,97.77272727,0,0,0,5896.823232,14.3030303,15.92929293,4.353535354,0.545454545,1.131313131,18.84343434,12.60606061,1.853535354,0.803030303,27.17171717,7.085858586,98.57575758,98.55050505,2.348484848,1.747474747,2.52020202,0.005050505,0.015151515,230113.4798,1.313131313,1.535353535
83,24,99,99,0.331136738,0.326194399,0.326194399,1097.775947,65.75288303,15.72158155,4.327841845,0.466227348,1.080724876,17.08401977,12.72981878,1.94892916,1.110378913,26.94563427,7.10214168,99,99,2.593080725,1.647446458,1.919275124,0.001647446,0.019769357,240306.3773,1.469522241,1.230642504
83,25,94.38016529,95.27438017,0.236363636,0.173553719,0.163636364,749.4479339,18.24628099,15.50743802,4.178512397,0.398347107,1.076033058,19.35371901,11.75371901,2.19338843,0.788429752,25.72561983,6.752066116,92.95041322,94.10413223,2.274380165,1,2.39338843,0.00661157,0.004958678,250313.4397,1.358677686,1.380165289
83,26,35.69966443,46.88255034,0.134228188,0,0,994.8355705,102.9899329,15.54278523,4.174496644,0.531879195,1.102348993,16.31795302,12.51426174,1.916946309,1.109899329,28.72818792,6.823825503,34.17197987,46.77265101,2.698825503,2.976510067,2.453020134,0.005033557,0,260602.8809,1.459731544,1.345637584
83,27,44.12248996,53.61044177,0.026104418,0.002008032,0,1878.200803,86.89156627,16.062249,4.289156627,0.546184739,1.114457831,14.437751,12.25301205,1.851405622,1.371485944,27.26506024,7.042168675,29.6686747,42.54216867,2.542168675,3.120481928,1.991967871,0.014056225,0.032128514,270254.249,1.502008032,1.353413655
83,28,23.72523962,34.83067093,1.431309904,0.31629393,0.31629393,252.5527157,78.57507987,15.53035144,4.25399361,0.143769968,1.142172524,17.51757188,12.5798722,1.939297125,0.980830671,25.29872204,6.813099042,23.68210863,32.84984026,2.423322684,3.936102236,3.330670927,0,0.012779553,280314.4393,1.373801917,1.375399361
83,29,10.60617284,25.28395062,0.179012346,0.016049383,0,1866.683951,133.7148148,15.1962963,4.314814815,0.312345679,1.124691358,16.51851852,12.10987654,1.828395062,1.060493827,27.60123457,6.82345679,10.54197531,25.00123457,2.749382716,5.381481481,2.17654321,0.002469136,0.020987654,290407.7605,1.490123457,1.322222222
83,30,15.6916996,30.83399209,0.501976285,0.023715415,0,47.58893281,57.96442688,14.87351779,4.162055336,0.628458498,1.130434783,13.35968379,12.0513834,1.770750988,0.640316206,24.34387352,6.664031621,13.17391304,27.82213439,2.391304348,1.699604743,2.501976285,0.003952569,0.529644269,300127,1.288537549,1.241106719
83,31,26.87782805,36.43891403,0,0,0,754.7285068,83.8959276,14.90045249,4.194570136,0.447963801,1.153846154,13.48868778,11.71040724,1.674208145,1.49321267,25.43438914,6.656108597,25.57466063,36.69230769,2.63800905,7.022624434,2.07239819,0,0.085972851,310111.5747,1.570135747,1.366515837
83,32,10.62272727,22.88181818,0,0,0,35.44090909,18.02272727,14.89545455,4.072727273,0.490909091,1.15,12.95,12.32727273,1.795454545,0.795454545,26.06818182,6.381818182,10.59090909,25.10454545,2.631818182,2.481818182,2.145454545,0,0.013636364,320110.5,1.304545455,1.118181818
83,33,19.09036145,34,0.090361446,0,0,138.3554217,11.69879518,14.06626506,4.584337349,0.518072289,1.15060241,20.8253012,14.53614458,2.120481928,0.728915663,29.8313253,7.186746988,17.03012048,30.76506024,2.325301205,1,2.337349398,0.006024096,0.048192771,330083.5,1.343373494,1.259036145
83,34,97.30369515,97.64203233,0.009237875,0,0,4371.591224,18.05542725,15.82909931,4.289838337,0.424942263,1.076212471,17.94919169,12.42263279,2.145496536,0.851039261,28.52424942,6.933025404,98.06581986,98.44110855,2.565819861,1.505773672,2.2852194,0.004618938,0.01039261,340447.955,1.406466513,1.22517321
83,35,72.02997859,73.53961456,1.321199143,1.271948608,1.271948608,511.8993576,27.69807281,15.52890792,4.428265525,0.460385439,1.137044968,13.1006424,14.17773019,2.047109208,0.860813704,24.98501071,7.006423983,71.79229122,73.74089936,2.745182013,1.841541756,2.226980728,0,0.291220557,350237.2184,1.340471092,1.327623126
83,36,49.95776851,57.33315954,0.033368092,0,0,1954.357664,63.91032325,15.46141814,4.205943691,0.325860271,1.082898853,16.64337852,12.91397289,1.984358707,0.788842544,26.99061522,6.876433785,49.6903024,56.74921794,2.615224192,1.450469239,2.354014599,0.005213764,0.011991658,360971.4327,1.375391032,1.307612096
83,37,19.17174515,32.96491228,0,0,0,589.6971376,101.5964912,15.76361958,4.333333333,0.475530933,1.139427516,17.77654663,13.50046168,1.697137581,1.019390582,26.79409049,6.762696214,96.51800554,96.89012004,2.834718375,4.059095106,2.179132041,0.003693444,0,370547.1256,1.468144044,1.220683287
83,38,58.62857143,62.57142857,0,0,0,274.3809524,51.51428571,16.06666667,3.971428571,0.542857143,1.104761905,13.36190476,13.82857143,1.647619048,1.057142857,28.61904762,7.161904762,60.08571429,63.75238095,2.714285714,1.580952381,2.314285714,0.00952381,0.285714286,380053.2857,1.4,1.2
83,39,98.64689266,98.71963277,0.056497175,0,0,1552.305085,86.22316384,15.67372881,4.261299435,0.454096045,1.117231638,18.51624294,12.37288136,1.901836158,1.120056497,27.97740113,7.046610169,98.63912429,98.73799435,2.586158192,6.709039548,2.605225989,0.003531073,0.001412429,390747.6907,1.43079096,1.326977401
83,40,93.48055556,94.44722222,0.004166667,0,0,1315.173611,84.83055556,15.88194444,4.327777778,0.440277778,1.177777778,18.25,13.27222222,1.680555556,1.413888889,25.72916667,6.538888889,93.5875,94.57083333,2.595833333,3.504166667,2.206944444,0,0.005555556,400361.9556,1.515277778,1.258333333
83,41,19.88659794,31.74639175,0.072164948,0,0,359.4371134,36.29072165,15.5443299,4.329896907,0.498969072,1.134020619,14.95670103,15.95463918,1.81443299,1.057731959,29.72371134,6.940206186,19.8185567,31.51340206,2.709278351,1.086597938,2.226804124,0.002061856,0.150515464,410244.5175,1.44742268,1.410309278
83,42,99,99,0.013601036,0,0,1831.854922,61.86787565,15.71437824,4.366580311,0.367227979,1.114637306,19.39831606,12.46761658,1.913860104,1.172927461,98.90414508,6.940414508,99,99,2.636658031,1.975388601,2.748056995,0.003238342,0,420781.9106,1.488989637,1.358160622
83,44,53.8125,59.48958333,0.010416667,0,0,665.1458333,5.9375,16.05208333,4.541666667,0.416666667,1.041666667,18.625,12.40625,2.239583333,0.864583333,32.39583333,7.177083333,54.07291667,61.375,2.364583333,1,2.489583333,0.010416667,0,440049.8229,1.364583333,1.291666667