YEAR,STATE,ARR_HOUR,ARR_MIN,CF1,CF2,CF3,CITY,COUNTY,DAY,DAY_WEEK,DRUNK_DR,FATALS,HARM_EV,HOUR,LGT_COND,MAN_COLL,MINUTE,MONTH,NOT_HOUR,NOT_MIN,PERSONS,RAIL,REL_ROAD,SCH_BUS,SP_JUR,ST_CASE,VE_FORMS,WEATHER
83,45,12.57916103,26.68200271,0,0,0,263.9012179,48.47496617,15.35047361,4.451962111,0.411366712,1.142083897,17.21244926,13.10960758,1.752368065,1.060893099,25.82949932,6.814614344,12.80649526,27.10419486,2.266576455,4.207036536,2.185385656,0.00270636,0,450374.2801,1.385656292,1.231393775
83,46,46.68027211,53.53741497,0,0,0,196.1904762,76.19727891,15.57142857,4.25170068,0.476190476,1.19047619,13.42857143,15.17006803,1.87755102,1.054421769,27.53741497,6.768707483,45.49659864,53.44217687,2.62585034,1.258503401,1.965986395,0.006802721,0.340136054,460077.1497,1.462585034,1.523809524
83,47,33.46245919,46.51686616,0.285092492,0.107725789,0.107725789,685.3144723,100.3579978,15.76060936,4.37867247,0.54515778,1.128400435,17.97062024,14.11207835,1.931447225,1.058759521,27.61697497,6.868335147,33.58324266,45.38411317,2.446137106,4.394994559,2.730141458,0.002176279,0.003264418,470474.0022,1.459194777,1.325353645
83,48,21.28185096,31.32091346,0.027944712,0,0,1894.460938,231.2415865,15.41225962,4.255709135,0.287259615,1.148737981,15.37620192,12.66466346,1.824519231,1.114483173,26.73527644,6.711237981,21.27794471,31.61538462,2.477463942,4.311298077,1.950721154,0.002704327,0.005408654,481666.6629,1.424579327,1.151742788
83,49,51.93280632,60.34387352,0.027667984,0,0,848.0711462,33.90909091,15.66007905,4.221343874,0.347826087,1.118577075,10.90118577,12.62055336,1.873517787,1.063241107,27.6284585,6.533596838,46.88932806,56.65217391,2.972332016,10.1541502,1.936758893,0.003952569,0.035573123,490127.0632,1.438735178,1.312252964
83,50,90.10344828,90.81609195,1.206896552,1.137931034,1.137931034,1493.689655,16.93103448,17.09195402,4.67816092,0.666666667,1.08045977,19.24137931,12.51724138,1.701149425,0.965517241,27.96551724,7.057471264,93.1954023,94.82758621,2.747126437,6.609195402,2.643678161,0,0,500044.2299,1.379310345,1.551724138
83,51,93.61021171,93.69240349,0.00747198,0,0,473.8244085,253.5230386,16.28891656,4.352428394,0.476961395,1.122042341,18.46824408,12.90535492,1.784557908,1.072229141,27.86924035,7.00622665,93.84931507,93.88418431,2.328767123,3.383561644,2.666251557,0.00498132,0.01369863,510405.9004,1.417185554,1.245330012
83,53,15.07324841,28.97770701,0.103503185,0,0,465.9203822,42.04140127,15.64012739,4.27388535,0.547770701,1.111464968,16.28343949,12.63057325,1.812101911,0.96656051,25.75,6.866242038,14.87579618,27.97770701,2.531847134,1.765923567,2.535031847,0.001592357,0.156050955,530316.9172,1.421974522,1.25
83,54,11.73614776,27.36939314,0.005277045,0,0,325.0976253,51.98680739,15.04485488,4.192612137,0.511873351,1.121372032,17.39841689,15.39313984,1.736147757,1.065963061,27.52506596,6.754617414,11.71503958,23.49340369,2.596306069,1.730870712,2.609498681,0,0,540190.1741,1.411609499,1.340369393
83,55,31.55555556,43.70216049,0.020061728,0,0,782.4228395,76.02160494,15.22839506,4.064814815,0.617283951,1.11882716,16.62191358,12.53240741,1.847222222,1.228395062,27.85339506,7.021604938,27.84722222,39.60493827,2.412037037,2.549382716,2.543209877,0.00617284,0.023148148,550325.375,1.447530864,1.37654321
83,56,24.76973684,36.06578947,0.098684211,0,0,55.96052632,21.97368421,14.29605263,4.506578947,0.5,1.138157895,9.335526316,15.32894737,1.796052632,0.703947368,24.84210526,7.059210526,19.05263158,32.65789474,2.447368421,1,2.532894737,0,0.138157895,560076.5,1.282894737,1.322368421
84,1,14.2,28.10609756,0.614634146,0.490243902,0.482926829,562.7670732,76.15365854,15.85365854,4.393902439,0.429268293,1.136585366,17.92560976,12.61829268,1.782926829,1.2,25.94878049,6.807317073,60.71097561,67.43536585,2.71097561,2.898780488,2.77804878,0.001219512,0,10413.34878,1.491463415,1.218292683
84,2,18.45833333,31.24166667,0.883333333,0.825,0.825,258.3583333,112.2166667,15.10833333,4.233333333,0.575,1.116666667,12.375,16.06666667,2.025,1.116666667,29.23333333,6.766666667,18.375,29.86666667,2.708333333,12.975,2.4,0,0,20060.5,1.425,1.475
84,4,45.59339263,53.39644219,0.654383736,0.628970775,0.628970775,179.1296061,14.30368488,15.69377382,4.147395172,0.402795426,1.104193139,13.77128335,12.6429479,1.869123253,1.086404066,26.78907243,6.780177891,43.7090216,51.87420584,2.831003812,1.541296061,2.050825921,0.001270648,0.282083863,40395.1906,1.451080051,1.099110546
84,5,21.54872881,35.10381356,0.165254237,0.004237288,0,829.5360169,81.02118644,16.3559322,4.211864407,0.677966102,1.112288136,16.46186441,13.97245763,1.764830508,1.161016949,26.10381356,6.908898305,20.0190678,33.68220339,2.709745763,10.37923729,2.472457627,0.004237288,0.023305085,50238.18644,1.459745763,1.406779661
84,8,25.66482505,37.34990792,0.031307551,0,0,331.3775322,54.39594843,15.59116022,4.298342541,0.581952118,1.119705341,14.77532228,13.74769797,1.957642726,0.955801105,27.09023941,7.239410681,25.78084715,37.09208103,2.635359116,3.101289134,2.861878453,0,0.022099448,80272.20442,1.434622468,1.35174954
84,9,16.58198614,32.71593533,0.399538106,0,0,625.1778291,10.926097,15.4295612,4.002309469,0.54965358,1.083140878,19.05773672,12.14549654,2.187066975,1.062355658,29.92147806,6.972286374,15.17090069,32.18244804,2.508083141,2.212471132,2.323325635,0.002309469,0,90220.24249,1.475750577,1.286374134
84,10,11.42372881,26.06779661,0.220338983,0,0,44.02542373,3.254237288,15.21186441,4.127118644,0.440677966,1.101694915,16.10169492,11.65254237,1.847457627,1.169491525,25.66101695,7.669491525,11.3220339,26.44067797,2.5,3.372881356,2.186440678,0.008474576,0,100060.2881,1.491525424,1.296610169
84,11,12.19642857,23.57142857,0,0,0,10,1,13.30357143,4.089285714,0.357142857,1.142857143,15.94642857,11.85714286,2.160714286,0.892857143,29.71428571,7.464285714,11.92857143,31.07142857,2.410714286,1,1.964285714,0.035714286,0.017857143,110029.4464,1.428571429,1.303571429
84,12,12.72167777,28.874559,0.119560956,0.002352019,0,1697.464524,64.00431203,15.62014896,4.210505684,0.530772246,1.103096825,14.07918463,13.05174441,1.936887495,1.330066641,27.39278714,6.557036456,12.63543708,28.45785966,2.784790278,3.103096825,2.094864759,0.002352019,0.001176009,121284.6378,1.52371619,1.250098001
84,13,27.27936508,39.53015873,0.161904762,0.014285714,0.000793651,608.1579365,141.4587302,15.7984127,4.353968254,0.442063492,1.119047619,16.95634921,13.83968254,1.752380952,1.128571429,28.31904762,6.792063492,26.91904762,39.60396825,2.397619048,4.046031746,2.780952381,0.001587302,0.007936508,130632.4786,1.454761905,1.234126984
84,15,12.79844961,32.48062016,0,0,0,3364.658915,3.682170543,16.54263566,4.031007752,0.589147287,1.069767442,17.06976744,13.50387597,2.271317829,0.937984496,28.21705426,6.441860465,11.56589147,29.46511628,2.80620155,1,2.224806202,0,0.007751938,150065.8992,1.457364341,1.100775194
84,16,11.65116279,25.62790698,0.018604651,0,0,135.3488372,40.58139535,16.6372093,4.16744186,0.395348837,1.125581395,12.46046512,14.4744186,1.702325581,1.148837209,27.01395349,6.972093023,11.56744186,26.62790698,2.790697674,11.77674419,2.274418605,0,0.088372093,160109.186,1.409302326,1.186046512
84,17,21.20866426,44.1133574,0.311913357,0.214440433,0.214440433,1681.084477,83.80722022,16.11263538,4.218772563,0.454873646,1.116967509,15.72851986,13.06353791,2,1.176173285,27.65848375,6.954512635,14.08086643,30.1465704,2.657761733,4.555234657,2.119855596,0.00433213,0.001444043,170700.7574,1.469314079,1.459927798
84,18,50.91169451,59,0.238663484,0.23627685,0.23627685,866.6312649,89.36515513,15.81264916,4.362768496,0.394988067,1.103818616,18.04415274,13.43914081,1.846062053,1.127684964,28.10501193,6.908114558,50.71002387,59.1778043,2.54176611,8.410501193,2.924821002,0.003579952,0,180429.7554,1.494033413,1.309069212
84,19,14.95478723,29.31117021,0.031914894,0,0,996.8244681,110.3244681,15.88829787,4.425531915,0.473404255,1.117021277,15.59574468,13.25265957,1.792553191,1.396276596,28.32712766,7.199468085,13.36968085,28.81117021,2.611702128,4.747340426,2.146276596,0.007978723,0.002659574,190192.7101,1.502659574,1.513297872
84,20,14.31707317,29.56984479,0.082039911,0,0,1117.749446,116.631929,15.46563193,4.4345898,0.376940133,1.130820399,15.52549889,13.5210643,1.798226164,1.294900222,28.89800443,7.254988914,14.54323725,31.02439024,2.514412417,8.277161863,2.317073171,0,0.00886918,200229.0754,1.465631929,1.223946785
84,21,44.83827893,52.3264095,0.237388724,0.146884273,0.146884273,665.7596439,114.4421365,16.3264095,4.28189911,0.416913947,1.118694362,18.87833828,13.17952522,1.633531157,1.035608309,26.49109792,6.848664688,43.99406528,53.14836795,2.689910979,2.00148368,2.807121662,0.008902077,0.004451039,210343.8872,1.46735905,1.247774481
84,22,24.65876777,37.38981043,0.017772512,0,0,563.6718009,64.26066351,15.57109005,4.213270142,0.337677725,1.138625592,16.66587678,12.60900474,1.909952607,1.085308057,26.5450237,6.604265403,23.81279621,36.99052133,2.632701422,9.017772512,2.123222749,0.001184834,0.039099526,220423.9277,1.430094787,1.220379147
84,23,30.92417062,46.90521327,0.109004739,0,0,5456.099526,13.72985782,14.12796209,4.336492891,0.530805687,1.099526066,18.87677725,12.48341232,1.753554502,0.796208531,30.26066351,6.938388626,31.05687204,48.27488152,2.611374408,4.075829384,2.417061611,0,0,230110.2559,1.369668246,1.464454976
84,24,16.62414966,33.73979592,0.017006803,0,0,1060.568027,73.99319728,15.73809524,4.052721088,0.426870748,1.093537415,17.33163265,12.54761905,2.044217687,1.022108844,27.52380952,7.034013605,15.50680272,31.37414966,2.370748299,3.965986395,2.042517007,0.003401361,0.020408163,240295.5255,1.44047619,1.231292517
84,25,93.71217105,94.62335526,0.019736842,0,0,803.2664474,19.66447368,15.12335526,4.042763158,0.422697368,1.095394737,19.32401316,12.25822368,2.189144737,0.894736842,26.24177632,6.884868421,92.37006579,93.77796053,2.289473684,1.434210526,2.325657895,0.003289474,0.003289474,250310.9589,1.422697368,1.417763158
84,26,34.48245614,46.61038012,0.061403509,0,0,991.0095029,102.3545322,15.84429825,4.192982456,0.490497076,1.119152047,16.40935673,13.63669591,1.834795322,1.24122807,28.73464912,7.028508772,32.09795322,44.91154971,2.644736842,2.989035088,2.591374269,0.005847953,0.001461988,260689.731,1.523391813,1.385964912
84,27,42.28239845,53.25531915,0.017408124,0,0,1408.005803,82.29980658,16.11992263,4.249516441,0.564796905,1.125725338,14.60928433,14.62862669,1.953578337,1.361702128,29.70793037,7.02901354,30.09477756,43.94777563,2.613152805,2.951644101,2.083172147,0.003868472,0.073500967,270261.3791,1.520309478,1.435203095
84,28,14.25589226,33.50505051,0,0,0,327.2239057,76.73063973,15.36868687,4.2996633,0.127946128,1.143097643,15.77441077,12.95622896,1.708754209,1.163299663,25.18686869,6.993265993,14.3030303,27.9006734,2.486531987,7.946127946,3.055555556,0.003367003,0.003367003,280298.367,1.447811448,1.345117845
84,29,13.87633769,29.31510107,0.078478002,0.007134364,0,1914.818074,134.6801427,15.1391201,4.260404281,0.335315101,1.149821641,17.56956005,12.83828775,1.713436385,1.1843044,27.65755054,6.77764566,13.95124851,28.62068966,2.594530321,6.696789536,2.272294887,0.007134364,0.009512485,290422.352,1.494649227,1.312722949
84,30,15.12745098,29.1127451,0.181372549,0.049019608,0,74.17647059,57.31372549,15.54411765,4.279411765,0.598039216,1.166666667,12.65196078,14.83823529,1.696078431,0.710784314,25.51470588,6.431372549,14.39215686,27.48039216,2.803921569,2.284313725,2.68627451,0.009803922,0.392156863,300103.2843,1.318627451,1.348039216
84,31,25.392,36.172,0.076,0,0,936.12,92.272,14.896,4.356,0.372,1.14,13.348,14.236,1.776,1.256,25.384,6.936,22.084,33.196,2.608,8.58,2.236,0,0.024,310126.872,1.492,1.316
84,32,11.00930233,23.44651163,0.046511628,0,0,36.19069767,25.13023256,14.64186047,3.88372093,0.488372093,1.158139535,12.36744186,13,1.702325581,1.018604651,26.33488372,6.623255814,10.93488372,24.04186047,2.837209302,1,2.055813953,0,0.018604651,320111.0326,1.409302326,1.097674419
84,33,18.13372093,33.13372093,0.034883721,0,0,127.9825581,11.3372093,14.39534884,4.325581395,0.470930233,1.11627907,21.54651163,15.31395349,1.825581395,0.889534884,28.68023256,7.191860465,40.91860465,50.37790698,2.261627907,3.808139535,2.813953488,0,0.081395349,330091.4651,1.406976744,1.436046512
84,34,97.7217695,97.91501746,0.00814901,0,0,4616.734575,17.97322468,16.0919674,4.02677532,0.351571595,1.073341094,16.99301513,13.02793946,2.024447031,0.983701979,29.01862631,6.862630966,98.39231665,98.58323632,2.544819558,1.105937136,2.033760186,0.005820722,0.010477299,340467.5332,1.45983702,1.259604191
84,35,81.4084507,83.6056338,0.009389671,0,0,305.6995305,25.69014085,14.72535211,4.164319249,0.514084507,1.166666667,11.45774648,14.63615023,1.953051643,0.84741784,27.28873239,6.723004695,81.81455399,83.95070423,2.823943662,1.035211268,2.361502347,0,0.11971831,350215.2864,1.340375587,1.220657277
84,36,50.75450689,58.07317073,0.100212089,0,0,1888.693001,63.00318134,15.97136797,4.186638388,0.336161188,1.092258749,16.41622481,12.79586426,1.973488865,0.918875928,27.27200424,6.875397667,50.35949099,57.38282078,2.709437964,1.453340403,2.329268293,0.005302227,0.013255567,360961.824,1.441675504,1.347295864
84,37,19.48721921,32.73818745,0.005422153,0,0,613.091402,100.1045701,15.63749032,4.304415182,0.453137103,1.123160341,17.57397366,13.64678544,1.740511232,1.06041828,26.68086754,6.928737413,95.80402789,96.12935709,2.738962045,4.353989156,2.178931061,0.005422153,0.00232378,370650.9365,1.458559256,1.230828815
84,38,61.67045455,68.67045455,0.022727273,0,0,365.6818182,61.90909091,15.25,4.170454545,0.431818182,1.136363636,11.36363636,13.61363636,1.795454545,1.125,26.77272727,7.363636364,62.53409091,67.73863636,2.965909091,4.193181818,2.295454545,0.022727273,0.329545455,380045.4545,1.443181818,1.159090909
84,39,98.88911427,98.91142664,0.003380663,0,0,1312.796484,85.58282623,15.91075051,4.175794456,0.469912103,1.112914131,18.71467208,12.39824206,1.887085869,1.226504395,28.16091954,6.973630832,99,99,2.563894523,7.590263692,2.929006085,0.004732928,0.00540906,390776.1028,1.473968898,1.324543611
84,40,45.75397974,55.40665702,0.062228654,0,0,1286.073806,87.89146165,15.89869754,4.301013025,0.384949349,1.153400868,17.06801737,13.05499276,1.675832127,1.574529667,26.84081042,6.658465991,46.27351664,55.66859624,2.587554269,10.02315485,1.960926194,0.002894356,0.033285094,400346.945,1.562952243,1.267727931
84,41,18.95117188,30.71289063,0.033203125,0,0,358.2246094,36.125,16.14453125,4.3359375,0.455078125,1.1171875,15.484375,17.03515625,1.77734375,1.0078125,29.05078125,6.8828125,18.296875,30.19726563,2.697265625,4.44140625,2.390625,0.00390625,0.033203125,410265.1953,1.447265625,1.306640625
84,42,98.9475032,98.93661972,0.133162612,0.126760563,0.126760563,1551.152369,64.41613316,15.77464789,4.16709347,0.345710627,1.105633803,18.60755442,12.31498079,1.932138284,1.163252241,98.87580026,6.814340589,99,99,2.66581306,2.196542894,2.562740077,0.005761844,0.000640205,420791.3086,1.47631242,1.498079385
84,44,32.04,47.22666667,0.04,0,0,915.4133333,6.52,14.32,4.146666667,0.586666667,1.053333333,18.90666667,11.98666667,2.226666667,0.88,28.70666667,6.986666667,31.98666667,46.6,2.306666667,1,2.36,0,0.106666667,440038.1067,1.293333333,1.226666667
84,45,13.6304878,29.05,0.017073171,0,0,188.4109756,47.50487805,15.90609756,4.476829268,0.332926829,1.117073171,17.00853659,13.53170732,1.701219512,1.187804878,26.69512195,7.008536585,13.55731707,27.42804878,2.464634146,7.482926829,2.203658537,0.003658537,0.013414634,450414.7268,1.429268293,1.223170732
84,46,27.96969697,40.68181818,1.537878788,1.5,1.5,380.530303,73.89393939,15.31060606,4.295454545,0.507575758,1.083333333,13.93181818,16.34090909,1.803030303,0.96969697,27.68181818,7.159090909,29.39393939,42.43181818,2.378787879,4.727272727,2.318181818,0.007575758,0.393939394,460067.9167,1.386363636,1.287878788
84,47,31.97676768,45.00808081,0.108080808,0,0,670.6787879,93.12929293,15.88383838,4.201010101,0.494949495,1.106060606,17.88282828,14.05454545,1.931313131,1.053535354,29.06262626,6.812121212,32.05151515,44.32323232,2.405050505,1.880808081,2.748484848,0.004040404,0.003030303,470506.1939,1.471717172,1.307070707
84,48,23.33535354,33.98643579,0.005483405,0,0,1916.975758,235.2354978,15.35497835,4.173737374,0.283694084,1.129004329,14.96507937,12.81038961,1.782395382,1.114574315,26.81529582,6.705916306,23.22395382,33.84300144,2.44040404,6.220779221,1.96017316,0.001443001,0.007792208,481735.2043,1.410966811,1.151226551
84,49,58.98175182,65.97445255,0.01459854,0,0,692.6240876,32.40875912,15.90875912,4.178832117,0.394160584,1.149635036,10.48905109,13.75547445,1.726277372,1.215328467,27.0620438,6.981751825,53.28832117,61.10218978,2.974452555,2.671532847,2.361313869,0.010948905,0,490144.4343,1.474452555,1.299270073
84,50,90.58163265,91.54081633,0.010204082,0.06122449,0,1629.438776,16.30612245,16.48979592,4.520408163,0.591836735,1.163265306,19.7755102,17.10204082,1.724489796,0.704081633,29.86734694,6.265306122,93.2244898,93.94897959,2.571428571,5.928571429,2.87755102,0,0,500049.5,1.357142857,1.306122449
84,51,98.82519001,98.79913138,0.041259501,0,0,415.7546145,239.3908795,15.5917481,4.169381107,0.478827362,1.099891422,18.42562432,12.92833876,1.857763301,1.052117264,27.42236699,6.891422367,98.82301846,98.8990228,2.47339848,2.664495114,2.777415852,0.004343105,0.008686211,510466.7372,1.446254072,1.219326819
84,53,13.0148368,28.94658754,0.060830861,0,0,398.7937685,42.66320475,15.74925816,4.120178042,0.565281899,1.106824926,16.14985163,12.44362018,1.740356083,0.940652819,26.63501484,6.869436202,13.02373887,27.85014837,2.516320475,1.6884273,2.572700297,0.00148368,0.120178042,530341.8234,1.433234421,1.296735905
84,54,11.56589147,27.76744186,0.049095607,0,0,274.5193798,51.28940568,15.19638243,4.317829457,0.454780362,1.131782946,17.06976744,13.89147287,1.684754522,0.968992248,26.3875969,6.855297158,11.59689922,27.99741602,2.612403101,1.834625323,2.392764858,0.005167959,0.020671835,540194.3023,1.472868217,1.330749354
84,55,15.20596591,28.67897727,0.099431818,0,0,770.7244318,74.21022727,15.57102273,4.079545455,0.582386364,1.167613636,16.91193182,13.55823864,1.811079545,1.278409091,28.47443182,7.157670455,13.71590909,28.49857955,2.413352273,5.149147727,2.566761364,0.001420455,0.008522727,550355.706,1.465909091,1.477272727
84,56,22.52857143,36,0.042857143,0,0,54.78571429,22.2,16.58571429,4.321428571,0.592857143,1.121428571,10.07142857,13.20714286,1.642857143,0.985714286,25.12142857,7.25,18.27857143,32.93571429,2.785714286,1,2.3,0,0.035714286,560070.5,1.442857143,1.5
85,1,13.50965251,28.98970399,0.253539254,0.127413127,0.127413127,594.8275418,72.02187902,15.72715573,4.312741313,0.351351351,1.135135135,17.95109395,12.50836551,1.711711712,1.177606178,25.996139,6.791505792,46.38867439,55.07078507,2.705276705,3.109395109,2.886743887,0.002574003,0.001287001,10394.22523,1.482625483,1.231660232
85,2,28.1588785,39.63551402,0.056074766,0,0,204.6542056,117.5420561,14.35514019,4.140186916,0.560747664,1.186915888,11.59813084,12.80373832,2.177570093,1.355140187,27.69158879,7.018691589,29.1588785,40.92523364,3.224299065,1,2,0.009345794,0.046728972,20057.90654,1.570093458,1.336448598
85,4,44.10102302,52.66751918,0.666240409,0.632992327,0.632992327,179.8670077,14.2314578,16.09462916,4.218670077,0.457800512,1.141943734,13.14322251,13.17519182,1.89769821,1.150895141,27.58567775,6.543478261,39.54475703,48.47570332,2.979539642,2.443734015,2.012787724,0.006393862,0.232736573,40393.91304,1.491048593,1.118925831
85,5,22.37250554,35.56762749,0.312638581,0.219512195,0.219512195,696.3747228,78.44124169,15.85587583,4.243902439,0.696230599,1.184035477,17.44124169,13.86252772,1.67405765,1.228381375,28.95343681,6.694013304,20.9135255,34.30820399,2.884700665,8.973392461,2.294900222,0.00443459,0.00443459,50234.06874,1.509977827,1.288248337
85,8,25.46577947,38.15209125,0.058935361,0,0,311.1939163,52.44486692,15.51711027,4.212927757,0.524714829,1.100760456,14.20912548,13.23764259,1.779467681,1.060836502,25.4904943,6.63878327,25.30228137,36.07794677,2.642585551,3.579847909,2.714828897,0,0.039923954,80265.6711,1.539923954,1.351711027
85,9,16.5368171,33.38954869,0.019002375,0,0,585.2280285,6.182897862,15.44418052,4.137767221,0.472684086,1.064133017,19.66033254,12.64370546,2.123515439,0.878859857,30.31828979,6.593824228,15.79334917,32.24940618,2.337292162,2.057007126,2.475059382,0.002375297,0,90214.42993,1.39192399,1.32304038
85,10,13.42553191,27.84042553,0,0,0,43.63829787,3.127659574,16.4787234,4.425531915,0.70212766,1.106382979,17.89361702,14.19148936,1.946808511,1,28.23404255,6.914893617,13.32978723,27.54255319,2.659574468,1,2.542553191,0,0,100050.0638,1.510638298,1.127659574
85,11,12.61403509,28.1754386,0,0,0,10,1,15.8245614,4.368421053,0.245614035,1.052631579,15.0877193,12.84210526,1.719298246,0.614035088,28.61403509,6.719298246,12.85964912,30.43859649,2.403508772,1,1.859649123,0.01754386,0.087719298,110032.2105,1.315789474,1.263157895
85,12,13.31448763,28.52885748,0.184923439,0.081272085,0.077738516,1621.479388,64.48645465,15.54927366,4.189634865,0.518649391,1.111896349,13.99725167,13.67962309,1.92343934,1.279937181,28.04907735,6.549666274,13.25402434,28.63447193,2.792304672,2.603062426,2.135453475,0.003533569,0.003533569,121310.8724,1.53513938,1.192775815
85,13,28.18397383,39.91741619,0.120196239,0.004905969,0,556.4088307,138.4374489,15.15862633,4.237939493,0.385936222,1.112837285,17.00899428,13.87489779,1.780866721,1.062959935,27.17661488,6.595257563,27.69991823,39.9427637,2.463614064,4.808667212,2.591986917,0.004088307,0.010629599,130619.9755,1.470155356,1.231398201
85,15,15.33613445,27.3697479,0,0,0,3230.932773,3.302521008,14.68067227,3.974789916,0.579831933,1.058823529,18.30252101,16.7394958,2.201680672,0.924369748,29.63865546,6.831932773,13.68907563,30.77310924,2.848739496,1,2.411764706,0,0,150061.8824,1.361344538,1.142857143
85,16,10.89908257,25.89449541,0.02293578,0,0,114.5412844,38.97247706,16.71559633,4.220183486,0.472477064,1.169724771,13.24770642,12.94954128,1.688073394,1.188073394,27.56880734,6.899082569,10.72477064,25.96788991,2.633027523,4.665137615,2.302752294,0.004587156,0.188073394,160111.6697,1.417431193,1.275229358
85,17,21.478739,44.73020528,0.198680352,0.072580645,0.072580645,1815.930352,84.47360704,15.87243402,4.215542522,0.426686217,1.124633431,15.42888563,13.42155425,1.961876833,1.257331378,27.71480938,6.832111437,14.32478006,30.10703812,2.78372434,3.931085044,2.019061584,0.002199413,0.005131965,170707.8072,1.540322581,1.352639296
85,18,22.56818182,36.96704545,0.005681818,0,0,771.9852273,88.03863636,16.00909091,4.275,0.379545455,1.106818182,17.56590909,13.21704545,1.793181818,1.329545455,29.71477273,6.790909091,22.28181818,37.15568182,2.768181818,10.53636364,2.726136364,0.001136364,0,180462.8682,1.561363636,1.375
85,19,13.37019231,28.14903846,0.009615385,0,0,1047.415865,110.9375,16.15865385,4.21875,0.487980769,1.139423077,15.35576923,14.42548077,1.846153846,1.413461538,27.73076923,6.646634615,11.90865385,26.44471154,2.730769231,4.961538462,2.170673077,0.004807692,0.019230769,190209.1082,1.536057692,1.314903846
85,20,13.42657343,27.82750583,0.002331002,0,0,1074.941725,115.0792541,15.87179487,4.093240093,0.356643357,1.132867133,16.15151515,14.13053613,1.804195804,1.438228438,27.20979021,7.17016317,13.52680653,26.64801865,2.65967366,8.256410256,2.365967366,0.004662005,0.03030303,200219.7226,1.505827506,1.207459207
85,21,44.79647436,53.18269231,0.578525641,0.475961538,0.475961538,623.2179487,116.2051282,15.68269231,4.261217949,0.419871795,1.141025641,18.41346154,13.42788462,1.701923077,1.272435897,26.82692308,6.905448718,44.43108974,51.8125,2.692307692,2.758012821,2.689102564,0,0.017628205,210328.5176,1.496794872,1.314102564
85,22,19.83737864,33.23179612,0.064320388,0,0,515.6990291,63.63349515,15.73543689,4.241504854,0.203883495,1.129854369,18.15169903,12.3592233,1.82038835,1.178398058,26.55582524,6.736650485,18.59708738,31.70752427,2.57038835,6.151699029,2.33131068,0.001213592,0.004854369,220419.5704,1.469660194,1.225728155
85,23,18.17460317,33.08994709,0.021164021,0,0,5825.301587,15.42328042,16.6031746,4.380952381,0.497354497,1.08994709,18.33862434,13.76190476,1.735449735,0.666666667,27.53439153,6.899470899,18.17989418,32.46031746,2.476190476,1.19047619,2.407407407,0,0.015873016,230096.6772,1.365079365,1.534391534
85,24,13.42530488,31.0472561,0,0,0,840.132622,71.55335366,16.14634146,4.112804878,0.44054878,1.111280488,16.82621951,13.875,1.899390244,1.237804878,27.81707317,6.875,13.20731707,29.11890244,2.31402439,2.352134146,1.964939024,0.004573171,0,240347.1509,1.448170732,1.224085366
85,25,92.21834061,93.62590975,0.163027656,0.144104803,0.144104803,792.5080058,17.62008734,16.16739447,4.321688501,0.363901019,1.080058224,18.19068413,12.48908297,2.068413392,0.96069869,27.21834061,6.791848617,92.19650655,93.42066958,2.333333333,1.442503639,2.218340611,0.00727802,0.001455604,250353.2737,1.413391557,1.368267831
85,26,34.43011527,46.1426513,0.082132565,0,0,1050.799712,102.2283862,15.84221902,4.277377522,0.453170029,1.113112392,15.53314121,13.10951009,1.821325648,1.26945245,27.69884726,6.915706052,32.58069164,44.48054755,2.790345821,5.454610951,2.365994236,0.002881844,0.009365994,260710.4171,1.551152738,1.448126801
85,27,39.55597015,50.06902985,0.018656716,0,0,1925.740672,86.7238806,15.27425373,4.076492537,0.457089552,1.134328358,14.15671642,13,1.815298507,1.475746269,26.33208955,6.951492537,27.92164179,40.16044776,2.813432836,3.440298507,1.916044776,0.007462687,0.041044776,270278.7761,1.578358209,1.333955224
85,28,13.8024055,27.87457045,0,0,0,283.7216495,77.3024055,15.84536082,4.120274914,0.128865979,1.137457045,18.91237113,14.68213058,1.75257732,1.08419244,27.16323024,7.180412371,13.76975945,25.47594502,2.5,3.219931271,3.132302405,0.003436426,0.003436426,280298.3694,1.403780069,1.268041237
85,29,10.96614268,26.67230955,0.126964933,0,0,1864.483676,140.6553809,16.38694075,4.372430472,0.353083434,1.125755744,17.69286578,12.46070133,1.667472793,1.182587666,27.02902056,6.854897219,11.03385732,27.35550181,2.434099154,3.956469166,2.303506651,0.00362757,0.019347037,290416.5091,1.516324063,1.320435308
85,30,14.96391753,30.00515464,0.175257732,0,0,89.73195876,54.02061856,15.31443299,4.005154639,0.680412371,1.149484536,14.06701031,12.79381443,1.943298969,0.969072165,27.08247423,6.850515464,15.65463918,30.58762887,2.613402062,1.407216495,2.505154639,0,0.396907216,300099.4897,1.402061856,1.211340206
85,31,20.31884058,31.38647343,0.004830918,0,0,944.2318841,88.90338164,16.52657005,4.222222222,0.420289855,1.144927536,15.31884058,12.75362319,1.806763285,1.188405797,26.4057971,6.70531401,19.02415459,30.9178744,2.594202899,16.31884058,2.236714976,0.009661836,0.028985507,310106.8744,1.492753623,1.371980676