YEAR,STATE,ARR_HOUR,ARR_MIN,CF1,CF2,CF3,CITY,COUNTY,DAY,DAY_WEEK,DRUNK_DR,FATALS,HARM_EV,HOUR,LGT_COND,MAN_COLL,MINUTE,MONTH,NOT_HOUR,NOT_MIN,PERSONS,RAIL,REL_ROAD,SCH_BUS,SP_JUR,ST_CASE,VE_FORMS,WEATHER
85,32,12.51982379,24.22907489,0.030837004,0,0,38.33480176,20.8061674,15.27312775,4.259911894,0.502202643,1.140969163,12.44493392,12.59911894,1.634361233,0.806167401,27.35682819,6.682819383,12.46696035,24.00881057,2.647577093,1,2.251101322,0,0.013215859,320117.0176,1.334801762,1.0969163
85,33,12.39444444,26.89444444,0,0,0,132.1666667,10.52222222,16.43888889,4.316666667,0.65,1.061111111,18.44444444,15.02777778,1.722222222,1.466666667,29.61666667,6.988888889,12.32777778,27.35,2.3,1,2.955555556,0.005555556,0.072222222,330100.4722,1.438888889,1.522222222
85,34,97.6259887,97.82824859,0.005649718,0,0,4553.20904,19.65084746,15.56158192,4.240677966,0.381920904,1.089265537,16.61468927,13.04519774,2.033898305,0.996610169,28.71977401,6.681355932,97.58418079,97.99435028,2.64519774,1.384180791,1.950282486,0.004519774,0,340471.1774,1.503954802,1.223728814
85,35,38.28256071,47.03311258,0.017660044,0,0,423.2163355,27.37969095,15.19205298,4.169977925,0.470198675,1.181015453,12.35320088,13.45253863,1.818984547,0.825607064,25.69757174,6.70419426,38.32229581,46.401766,2.825607064,1.966887417,2.593818985,0.002207506,0.231788079,350229.6203,1.335540839,1.300220751
85,36,54.23812095,60.67062635,0.14524838,0.053455724,0.053455724,1907.943305,63.95572354,15.62850972,4.227321814,0.346652268,1.083153348,16.09773218,12.75215983,1.974082073,0.945464363,27.27321814,6.938984881,53.87203024,60.14794816,2.80237581,2.321814255,2.233801296,0.006479482,0.018358531,360944.8521,1.463282937,1.31587473
85,37,18.28003003,32.61936937,0.074324324,0.074324324,0.074324324,633.0525526,101.9489489,15.93018018,4.249249249,0.428678679,1.112612613,17.82732733,13.14864865,1.707207207,1.058558559,25.64564565,6.59984985,94.37237237,95.11411411,2.663663664,3.016516517,2.249249249,0.006006006,0.000750751,370670.6254,1.486486486,1.316066066
85,38,67.8961039,75.38961039,0.090909091,0,0,355.9090909,58.2987013,15.58441558,4.246753247,0.584415584,1.168831169,14.41558442,10.88311688,1.883116883,1.038961039,23.18181818,6.766233766,62.62337662,68.4025974,2.623376623,2.688311688,2.467532468,0.025974026,0,380041.3896,1.363636364,1.311688312
85,39,98.64594595,98.68108108,0,0,0,1272.982432,84.95675676,15.93445946,4.316216216,0.460135135,1.112162162,18.66959459,12.39054054,1.847972973,1.237837838,27.54662162,6.818918919,98.76486486,98.81283784,2.587162162,6.342567568,2.903378378,0.001351351,0.001351351,390768.9088,1.503378378,1.362837838
85,40,42.15797546,52.96779141,0.069018405,0.001533742,0,1306.817485,85.02760736,15.64570552,4.107361963,0.412576687,1.141104294,18.30368098,12.84202454,1.659509202,1.415644172,25.59662577,6.872699387,41.1595092,51.11809816,2.607361963,5.846625767,2.150306748,0.001533742,0.016871166,400335.1733,1.529141104,1.345092025
85,41,13.39607843,26.2627451,0.060784314,0,0,401.527451,36.67843137,16.20980392,4.047058824,0.435294118,1.096078431,14.76470588,19.35294118,1.801960784,0.982352941,31.71568627,7.031372549,12.79607843,25.80980392,2.584313725,1.849019608,2.452941176,0.007843137,0.088235294,410260.0569,1.47254902,1.276470588
85,42,36.03797468,46.84746835,0.048734177,0.002531646,0,2057.485443,61.69746835,15.81772152,4.312025316,0.461392405,1.120886076,18.87721519,12.06708861,1.884177215,1.030379747,27.19367089,6.983544304,34.50063291,45.77405063,2.526582278,1.552531646,2.129113924,0.003164557,0.011392405,420798.5373,1.484810127,1.317088608
85,44,20.19191919,41.33333333,0,0,0,737.3636364,6.03030303,17.50505051,4.141414141,0.414141414,1.101010101,18.19191919,11.98989899,2.505050505,0.717171717,31.53535354,6.888888889,20.15151515,39.92929293,2.303030303,1,2.313131313,0.03030303,0,440055.5051,1.353535354,1.292929293
85,45,13.40968123,28.47107438,0.003541913,0.005903188,0,190.7461629,48.40731995,15.69421488,4.232585596,0.40377804,1.122786305,17.29161747,12.93270366,1.684769776,1.343565525,26.73435655,6.782762692,13.38252656,29.2798111,2.642266824,4.840613932,2.208972845,0.008264463,0.010625738,450431.5927,1.46635183,1.155844156
85,46,20.96330275,32.10091743,1.871559633,1.816513761,1.816513761,309.3577982,72.21100917,15.30275229,4.055045872,0.52293578,1.19266055,14.96330275,16.08256881,1.743119266,1.110091743,28.85321101,6.944954128,19.14678899,29.44954128,2.908256881,2.733944954,2.155963303,0,0.449541284,460060.9266,1.47706422,1.28440367
85,47,31.19458375,44.27883651,0.045135406,0,0,672.6138415,99.39117352,15.70110331,4.238716148,0.442326981,1.104312939,17.88465396,14.56268806,1.901705115,1.054162487,28.80341023,6.81444333,31.21263791,43.75125376,2.39217653,3.296890672,2.713139418,0.002006018,0.018054162,470513.9609,1.470411234,1.34002006
85,48,31.51392715,43.43648607,0.012243649,0,0,1831.253137,237.3440465,15.68870523,4.247015611,0.310070401,1.125803489,15.68472605,13.18885828,1.808386899,1.169574533,27.21028466,6.621059076,31.91796755,43.75145393,2.649219467,3.917967554,2.131925314,0.001836547,0.001836547,481660.6146,1.475359657,1.193755739
85,49,50.61851852,58.17037037,0,0,0,853.8111111,33.94074074,16.07037037,4.107407407,0.337037037,1.122222222,11.66666667,13.12592593,1.718518519,1.092592593,25.9962963,6.62962963,47.24444444,56.41481481,2.92962963,1,2.411111111,0.003703704,0.007407407,490139.7963,1.555555556,1.351851852
85,50,33.95049505,41.85148515,0,0,0,1881.118812,15.2970297,16.53465347,4.722772277,0.504950495,1.138613861,18.94059406,13.8019802,1.643564356,0.831683168,29.48514851,7.128712871,33.86138614,41.43564356,2.683168317,2.059405941,2.99009901,0,0,500058.6931,1.366336634,1.564356436
85,51,98.81564246,98.89273743,0.02122905,0,0,434.2089385,246.901676,15.77988827,4.30726257,0.45027933,1.090502793,18.59553073,13.2,1.734078212,1.029050279,26.20335196,6.843575419,98.81564246,98.84804469,2.382122905,1.376536313,2.922905028,0.001117318,0.011173184,510460.9117,1.449162011,1.217877095
85,53,12.06511628,28.22015504,0.07751938,0,0,394.0124031,42.26821705,15.73488372,4.257364341,0.559689922,1.153488372,15.71782946,13.16124031,1.841860465,1.049612403,27.36589147,6.682170543,12.11162791,27.05271318,2.64496124,1.103875969,2.765891473,0.003100775,0.145736434,530333.7085,1.469767442,1.31627907
85,54,12.35054348,28.7173913,0.198369565,0,0,291.4021739,53.3423913,15.1576087,4.239130435,0.461956522,1.141304348,17.68206522,14.29891304,1.668478261,0.997282609,27.19836957,6.864130435,12.57880435,26.77445652,2.747282609,1.548913043,2.413043478,0.008152174,0.002717391,540185.0625,1.429347826,1.33423913
85,55,17.37987988,31.45345345,0,0,0,778.8708709,73.25075075,15.92492492,4.232732733,0.551051051,1.117117117,16.06456456,12.43993994,1.824324324,1.468468468,27.92492492,6.836336336,15.43243243,29.34384384,2.591591592,2.566066066,2.228228228,0.004504505,0.006006006,550342.4369,1.539039039,1.432432432
85,56,18.68181818,32.40909091,0,0,0,44.28030303,22.48484848,15.39393939,3.757575758,0.545454545,1.151515152,7.409090909,12.68181818,1.833333333,0.666666667,24.07575758,7.015151515,15.36363636,29.09090909,2.522727273,2.378787879,2.553030303,0,0,560068.3485,1.295454545,1.348484848
86,1,14.9803719,29.14772727,0.191115702,0.102272727,0.102272727,620.2541322,74.76859504,15.77479339,4.420454545,0.462809917,1.116735537,18.47623967,13.15392562,1.760330579,1.147727273,26.54545455,6.600206612,69.8822314,74.16219008,2.634297521,5.275826446,2.92768595,0.002066116,0.012396694,10496.10847,1.45661157,1.19731405
86,2,19.98876404,30.04494382,0.101123596,0,0,159.4044944,108.0224719,16.50561798,4.528089888,0.528089888,1.134831461,11.51685393,13.08988764,2.078651685,1.235955056,28.13483146,7,19.85393258,31.07865169,2.97752809,5.797752809,2.213483146,0,0.011235955,20045.78652,1.539325843,1.235955056
86,4,40.97862767,49.9696288,0.22272216,0.22272216,0.22272216,179.9381327,14.071991,15.24971879,4.116985377,0.433070866,1.132733408,13.19572553,12.89313836,1.887514061,1.137232846,27.05511811,6.749156355,34.85714286,46.67941507,2.880764904,2.718785152,1.983127109,0.001124859,0.372328459,40450.80427,1.475815523,1.048368954
86,5,24.72709924,36.35687023,0.620229008,0.566793893,0.566793893,771.639313,77.98473282,15.73854962,4.272900763,0.683206107,1.150763359,16.98282443,13.45229008,1.660305344,1.032442748,27.99618321,6.77480916,22.75763359,35.69083969,2.639312977,8.185114504,2.301526718,0.005725191,0,50271.33397,1.459923664,1.167938931
86,8,27.79487179,39.85404339,0.007889546,0,0,297.9625247,53.55621302,16.49506903,4.201183432,0.550295858,1.189349112,14.94674556,12.65877712,1.895463511,0.873767258,25.35108481,6.715976331,27.53648915,40.15187377,2.779092702,1.796844181,2.737672584,0.00591716,0.049309665,80256.25641,1.420118343,1.262327416
86,9,14.5990676,30.18648019,0.128205128,0,0,433.3216783,6.412587413,15.65034965,4.27972028,0.512820513,1.060606061,19.83216783,12.6969697,2.191142191,0.967365967,29.004662,6.815850816,14.52913753,30.38694639,2.400932401,2.083916084,2.377622378,0,0,90217.99068,1.433566434,1.314685315
86,10,12.00840336,25.76470588,0.025210084,0,0,34.19327731,2.949579832,16.4789916,4,0.56302521,1.142857143,18.09243697,12.15966387,1.731092437,1.18487395,26.17647059,6.915966387,12.27731092,27.99159664,2.588235294,7.462184874,2.983193277,0.008403361,0,100064.1092,1.495798319,1.109243697
86,11,12.93181818,27.18181818,0.386363636,0,0,10,1,16.15909091,4.318181818,0.25,1,15.88636364,13.77272727,1.590909091,1.522727273,25.09090909,6.113636364,13.38636364,26.43181818,2.954545455,1,1.772727273,0,0.204545455,110025.4773,1.522727273,1.25
86,12,27.86186541,39.48366785,0.075954349,0.001180638,0,855.4092877,64.5785124,15.53837072,4.141676505,0.50137741,1.114128296,14.48917749,13.725305,1.941361669,1.344352617,27.86029122,6.522628886,27.97087761,39.75009839,2.880755608,2.817001181,2.008658009,0.002754821,0.004329004,121316.8808,1.544667454,1.221959858
86,13,23.93105951,37.48838897,0.108853411,0,0,643.0943396,138.3889695,15.65384615,4.375907112,0.421625544,1.11030479,17.51814224,13.13642961,1.715529753,1.137155298,26.3969521,6.857039187,23.21117562,36.40638607,2.425253991,2.95065312,2.660377358,0.001451379,0.002902758,130708.9115,1.485486212,1.197387518
86,15,13.13513514,29.93693694,0,0,0,3964.333333,3.936936937,15.45945946,4.027027027,0.540540541,1.081081081,16.17117117,14.36936937,1.801801802,0.855855856,27.5045045,6.675675676,13.66666667,27.95495495,2.864864865,1,2.144144144,0,0,150057.3694,1.396396396,1.198198198
86,16,10.91818182,24.25,0.018181818,0,0,116.6,35.16818182,17.32727273,4.068181818,0.490909091,1.172727273,12.93636364,12.93181818,1.759090909,1.077272727,27.31818182,6.927272727,11.01818182,25.10909091,2.75,7.772727273,2.4,0,0.168181818,160114.2136,1.363636364,1.136363636
86,17,19.21877157,42.00414079,0.050379572,0,0,1732.309179,84.24499655,15.95928226,4.147688061,0.442374051,1.101449275,16.16011042,12.94409938,1.984126984,1.166321601,27.82746722,7.019323671,12.53623188,28.83436853,2.697032436,4.875086266,2.098688751,0.002760524,0,170741.7405,1.498274672,1.327812284
86,18,17.83888292,32.11493018,0.021482277,0,0,716.7389903,89.91514501,15.86358754,4.247046187,0.464017186,1.114930183,18.19656284,13.36627282,1.785177229,1.369495166,27.61009667,6.859291085,17.36842105,31.2406015,2.587540279,6.294307197,2.825993555,0.002148228,0.010741139,180492.8625,1.538131042,1.216970999
86,19,13.23453608,28.11597938,0.059278351,0,0,1168.739691,111.8917526,15.88659794,4.278350515,0.451030928,1.136597938,15.8685567,14.50773196,1.847938144,1.340206186,29.18556701,6.819587629,12.55154639,27.72680412,2.641752577,1.739690722,2.420103093,0.007731959,0,190196.9845,1.494845361,1.505154639
86,20,12.01937046,29.10169492,0.016949153,0,0,1079.46247,110.6803874,15.59806295,4.273607748,0.450363196,1.210653753,15.5811138,13.63438257,1.803874092,1.353510896,28.12348668,6.675544794,11.98547215,28.82324455,2.668280872,9.026634383,2.355932203,0,0.014527845,200216.2615,1.489104116,1.08716707
86,21,38.48824343,46.92392808,0.05670816,0,0,668.186722,115.5864454,15.45643154,4.269709544,0.430152144,1.113416321,20.04979253,13.07607192,1.692946058,0.990318119,27.33195021,6.699861687,37.25172891,45.88658368,2.589211618,1.928077455,2.868603043,0.005532503,0,210373.7538,1.417704011,1.230982019
86,22,15.07429963,27.02679659,0.042630938,0.00365408,0,579.1084044,63.68453106,15.91961023,4.304506699,0.257003654,1.135200974,17.34835566,13.0864799,1.915956151,1.071863581,25.61632156,6.504263094,13.89890378,25.12667479,2.717417783,5.791717418,2.242387333,0.001218027,0.010962241,220419.8453,1.514007308,1.306942753
86,23,14.46596859,32.08376963,0.010471204,0,0,5908.256545,14.82198953,16.07853403,4.32460733,0.507853403,1.120418848,18.7591623,14.2460733,1.738219895,0.97382199,26.76439791,7.178010471,15.40314136,29.7434555,2.486910995,1.821989529,2.371727749,0,0,230097.1675,1.439790576,1.382198953
86,24,12.38407821,29.51256983,0.004189944,0,0,834.1089385,63.86592179,15.66759777,4.328212291,0.434357542,1.094972067,18.46368715,13.10614525,1.959497207,1.122905028,29.19273743,7.036312849,12.31424581,30.06145251,2.49301676,1.93575419,2.409217877,0,0.016759777,240373.7975,1.472067039,1.166201117
86,25,93.46764706,94.53970588,0.005882353,0,0,815.0735294,20.86470588,15.47647059,4.375,0.392647059,1.105882353,17.77647059,12.41029412,2.127941176,0.898529412,27.03823529,6.920588235,94.81617647,95.56470588,2.342647059,1.041176471,2.157352941,0.008823529,0.001470588,250350.9441,1.442647059,1.326470588
86,26,36.04022191,47.68030513,0.136615811,0,0,1071.818308,101.2253814,15.75797503,4.234396671,0.479195562,1.113037448,15.84049931,13.04854369,1.835644938,1.332871012,27.37933426,7.038834951,28.7739251,40.96809986,2.751040222,3.085991678,2.490984743,0.002080444,0.000693481,260756.3634,1.523578363,1.325242718
86,27,41.61386139,51.52673267,0.021782178,0,0,1765.217822,83.81980198,14.99009901,4.055445545,0.469306931,1.130693069,14.4019802,13.68514851,1.821782178,1.281188119,29.54851485,7.17029703,29.3029703,42.31683168,2.499009901,2.536633663,2.182178218,0.00990099,0.005940594,270263.8059,1.465346535,1.392079208
86,28,10.27761194,22.83731343,0,0,0,276.3970149,78.58059701,14.83880597,4.334328358,0.11641791,1.150746269,17.13731343,14.14328358,1.791044776,1.186567164,27.68059701,6.623880597,10.3641791,20.93880597,2.529850746,5.610447761,2.797014925,0.004477612,0.001492537,280350.8015,1.471641791,1.274626866
86,29,11.96907216,28.02989691,0.143298969,0,0,1752.651546,138.471134,16.29175258,4.134020619,0.405154639,1.163917526,17.87938144,13.3,1.722680412,1.157731959,26.52680412,6.788659794,12.04639175,27.42989691,2.554639175,5.122680412,2.394845361,0.004123711,0.016494845,290490.2763,1.473195876,1.293814433
86,30,14.95854922,28.92227979,0.098445596,0,0,66.30051813,58.67875648,16.24352332,4.336787565,0.590673575,1.150259067,15.49222798,14.6373057,1.715025907,0.974093264,27.94300518,6.829015544,13.95854922,29.26943005,2.699481865,1.155440415,2.502590674,0,0.544041451,300097.9326,1.404145078,1.341968912
86,31,18.05019305,29.46332046,0.011583012,0,0,916.3397683,87.23938224,16.10810811,4.077220077,0.463320463,1.11969112,14.14285714,12.28957529,1.849420849,1.324324324,27.34749035,6.822393822,18.05405405,29.12741313,2.714285714,5.540540541,2.254826255,0.003861004,0.011583012,310132.5135,1.544401544,1.305019305
86,32,21.10344828,31.83743842,0.487684729,0.487684729,0.487684729,39.98029557,22.77832512,15.64039409,4.147783251,0.536945813,1.147783251,13.07881773,13.95073892,1.724137931,0.837438424,27.29064039,6.714285714,20.61083744,32.65517241,2.630541872,3.103448276,2.802955665,0,0.044334975,320106.931,1.295566502,1.073891626
86,33,14.07407407,29.79012346,0,0,0,269.0925926,11.30864198,15.04320988,4.197530864,0.74691358,1.061728395,18.67901235,15.35185185,1.845679012,1.364197531,30.61111111,6.722222222,15.01234568,29.83333333,2.469135802,1,2.203703704,0.00617284,0.067901235,330086.7099,1.456790123,1.469135802
86,34,97.34672304,97.61839323,0.005285412,0,0,3557.498943,18.13953488,15.99682875,4.157505285,0.354122622,1.098308668,16.53276956,12.97885835,2.054968288,0.953488372,28.36257928,6.72410148,97.47885835,97.8435518,2.694503171,1.11205074,1.985200846,0.002114165,0,340518.7664,1.49154334,1.254756871
86,35,44.34862385,51.06651376,0.020642202,0,0,453.4724771,26.73853211,15.95183486,4.300458716,0.502293578,1.144495413,12.81422018,13.94495413,1.931192661,0.869266055,26.79816514,6.600917431,44.32110092,51.16972477,2.722477064,2.821100917,2.497706422,0.002293578,0.172018349,350220.9587,1.353211009,1.243119266
86,36,52.71421242,59.42278091,0.138019497,0,0,1872.272447,64.23961006,16.05592612,4.127757825,0.324781939,1.088250385,16.72242175,12.83530015,1.997434582,1.019497178,27.67470498,6.853771165,52.2006157,58.71216008,2.740892766,1.481785531,2.344792201,0.004617753,0.017957927,360987.1929,1.454079015,1.328373525
86,37,16.46205507,31.46541303,0.013431833,0,0,594.8462055,103.3022163,15.51175285,4.336467428,0.487575554,1.106111484,18.79382136,13.31967764,1.751511081,1.099395567,26.72196105,6.734721289,73.51443922,78.49832102,2.61853593,4.271994627,2.210208193,0.00402955,0.005372733,370756.542,1.476830087,1.330423103
86,38,44.97727273,51.70454545,0,0,0,262.5568182,57.11363636,14.85227273,4.090909091,0.443181818,1.136363636,11.45454545,15.40909091,1.5,1.329545455,23.10227273,7.125,40.77272727,45.57954545,2.636363636,9.056818182,2.375,0.011363636,0.272727273,380046.1932,1.477272727,1.375
86,39,97.57684631,97.80971391,0,0,0,1330.96008,84.88157019,15.70858283,4.331337325,0.491017964,1.113107119,19.31204258,12.04324684,1.886227545,1.212907518,28.46640053,6.906852961,97.58815702,97.80638723,2.489687292,7.141051231,2.984697272,0.003992016,0.002661344,390792.0958,1.462408516,1.335994677
86,40,37.05271829,49.08072488,0.039538715,0,0,1404.771005,89.56177924,15.99835255,4.219110379,0.429983526,1.149917628,18.69192751,12.74299835,1.667215815,1.579901153,25.61779242,6.520593081,36.90444811,48.72487644,2.858319605,4.714991763,2.171334432,0,0,400312.8616,1.560131796,1.146622735
86,41,13.875,27.45772059,0.007352941,0,0,398.2702206,36.62867647,16.31617647,4.095588235,0.435661765,1.137867647,15.63235294,19.22977941,1.818014706,1.042279412,31.55330882,6.909926471,13.12867647,26.96507353,2.6875,2.551470588,2.5,0.001838235,0.051470588,410285.0092,1.461397059,1.400735294
86,42,40.67953216,52.09298246,0.007017544,0,0,1694.602924,62.21169591,15.8497076,4.319298246,0.475438596,1.107602339,19.01578947,12.17134503,1.878947368,1.042690058,28.49532164,6.824561404,37.96842105,50.30877193,2.607017544,2.070760234,2.418128655,0.004093567,0.001754386,420880.2889,1.5,1.313450292
86,44,22.36521739,37.1826087,0,0,0,236.2782609,6.460869565,17.12173913,4.095652174,0.47826087,1.07826087,18.11304348,13.12173913,2.156521739,0.773913043,29.59130435,7.460869565,21.6173913,35.27826087,2.356521739,1,2.356521739,0,0,440066.1217,1.356521739,1.313043478
86,45,12.65889831,26.54025424,0,0,0,176.1101695,49.02542373,15.7065678,4.379237288,0.404661017,1.121822034,18.62288136,13.04237288,1.701271186,1.25529661,26.1684322,6.854872881,12.96504237,26.68961864,2.560381356,3.916313559,2.262711864,0.002118644,0.001059322,450492.0085,1.427966102,1.143008475
86,46,20.36440678,34.5,4.228813559,4.194915254,4.194915254,329.1101695,76.45762712,14.29661017,4.36440678,0.533898305,1.13559322,13.37288136,15.37288136,1.898305085,1.042372881,27.25423729,7.305084746,14.08474576,29.00847458,2.889830508,1,2.288135593,0,0.542372881,460061.3051,1.389830508,1.203389831
86,47,38.38656987,50.5553539,0.086206897,0,0,681.1551724,98.49183303,15.91016334,4.182395644,0.485480944,1.11615245,18.39292196,13.45644283,1.877495463,1.092558984,27.47549909,6.610707804,38.19328494,50.14791289,2.479128857,3.065335753,2.635208711,0.003629764,0.008166969,470601.2178,1.478221416,1.203266788
86,48,25.39230769,38.23974359,0,0,0,1961.608654,234.4179487,15.70833333,4.153205128,0.434615385,1.143269231,15.39455128,13.17724359,1.901282051,1.211858974,27.34358974,6.519230769,26.10737179,38.30929487,2.717948718,4.224038462,2.186858974,0.001602564,0.000641026,481578.1253,1.475961538,1.154487179
86,49,48.3898917,57.79783394,0,0,0,798.9097473,32.01805054,15.23104693,4.194945848,0.317689531,1.129963899,12.1732852,14.03971119,1.732851986,1.028880866,28.45848375,7.21299639,46.05054152,55.87364621,2.989169675,10.07581227,2.241877256,0.003610108,0.010830325,490144.1769,1.451263538,1.281588448
86,50,42.43956044,51.92307692,1.087912088,1.087912088,1.087912088,1615.659341,13.10989011,16.87912088,4.252747253,0.725274725,1.197802198,20.38461538,16.01098901,2.043956044,0.868131868,30.59340659,7.351648352,42.15384615,53.0989011,2.450549451,1.010989011,2.747252747,0,0.098901099,500047.0659,1.417582418,1.736263736
86,51,98.81636727,98.80239521,0,0,0,417.1926148,234.3203593,15.61576846,4.268463074,0.472055888,1.123752495,19.90818363,13.1506986,1.76247505,0.973053892,26.54191617,6.993013972,98.91417166,98.93113772,2.47005988,2.153692615,3.080838323,0.002994012,0.010978044,510511.4461,1.49001996,1.20259481
86,53,11.78858025,27.5,0.032407407,0,0,451.0648148,42.66358025,15.91049383,4.180555556,0.594135802,1.084876543,15.37808642,12.78703704,1.867283951,1.023148148,27.81018519,6.890432099,11.83179012,26.22067901,2.62345679,2.736111111,2.683641975,0.00617284,0.163580247,530334.9074,1.442901235,1.293209877
86,54,11.8134715,28.62694301,0.103626943,0,0,307.4119171,53.10880829,16.14507772,4.398963731,0.510362694,1.139896373,17.89378238,15.03367876,1.727979275,1.054404145,27.87305699,6.805699482,11.69689119,26.46891192,2.64507772,1.922279793,2.443005181,0.002590674,0.002590674,540197.6632,1.471502591,1.277202073
86,55,15.91551459,30.2749616,0.003072197,0,0,845.2442396,78.73579109,15.97849462,4.069124424,0.562211982,1.147465438,16.70046083,12.65591398,1.735791091,1.25499232,27.59600614,7.104454685,13.58525346,28.30261137,2.625192012,4.600614439,2.528417819,0.006144393,0.004608295,550333.5899,1.519201229,1.419354839
86,56,19.97260274,34.23972603,0.02739726,0,0,75.34246575,24.9109589,15.43150685,4.280821918,0.54109589,1.150684932,11.24657534,16.28082192,1.698630137,0.623287671,30.45890411,6.917808219,17.08219178,30.89726027,2.47260274,1,2.643835616,0.006849315,0.136986301,560075.137,1.267123288,1.253424658
87,1,12.75204918,27.82786885,0.074795082,0,0,564.7530738,72.54918033,15.64344262,4.379098361,0.468237705,1.138319672,19.12090164,12.78278689,1.737704918,1.055327869,26.72745902,6.681352459,45.6352459,53.88729508,2.530737705,4.12807377,3.215163934,0.00102459,0,10490.90676,1.447745902,1.177254098
87,2,16.07142857,32.41428571,0,0,0,350.4571429,159.4428571,15.08571429,4.328571429,0.5,1.085714286,11.58571429,13.85714286,1.8,1.314285714,28.31428571,6.642857143,16.08571429,28.3,2.785714286,1,2.114285714,0,0,20037.6,1.485714286,1.257142857
87,4,36.25647349,45.71146732,0.038224414,0,0,157.2934649,13.85573366,15.86189889,4.096177559,0.426633785,1.15782984,11.99136868,12.59062885,1.874229346,1.057953144,26.76448829,6.747225647,32.99753391,44.01233046,2.961775586,2,2.106041924,0.001233046,0.384710234,40410.96424,1.45622688,1.066584464
87,5,21.23454545,34.80909091,0.221818182,0.18,0.18,686.6763636,78.44363636,15.83090909,4.409090909,0.763636364,1.161818182,17.56363636,12.35636364,1.609090909,1.167272727,26.14363636,6.68,19.97454545,33.10181818,2.556363636,11.7,2.296363636,0.003636364,0.001818182,50280.61455,1.458181818,1.218181818
87,8,20.09883721,33.70930233,0.07751938,0,0,298.2325581,52.84108527,15.39534884,4.226744186,0.486434109,1.145348837,15,13.03294574,1.819767442,0.98255814,25.70736434,7.087209302,19.15116279,32.3875969,2.676356589,1.265503876,2.660852713,0.003875969,0,80259.18023,1.441860465,1.294573643
87,9,16.74038462,32.5625,0.091346154,0,0,417.1634615,6.341346154,14.61538462,4.25,0.533653846,1.079326923,18.66586538,12.58413462,2.096153846,0.939903846,28.83894231,7.170673077,15.65625,31.96153846,2.512019231,2.721153846,2.375,0.012019231,0,90210.88942,1.459134615,1.266826923
87,10,12.79389313,28.75572519,0.022900763,0,0,54.27480916,3.229007634,15.98473282,4.732824427,0.534351145,1.114503817,16.06870229,13.32824427,2,1.34351145,27.22900763,7.076335878,12.72519084,28.12977099,2.679389313,3.748091603,2.183206107,0,0,100069.0534,1.58778626,1.465648855
87,11,13.2745098,32.15686275,0,0,0,10,1,14.88235294,4.333333333,0.254901961,1.039215686,12.80392157,13.17647059,1.647058824,0.980392157,24.88235294,7.078431373,13.17647059,29.82352941,2.411764706,1,1.68627451,0,0,110026,1.549019608,1.098039216
87,12,22.78926905,37.01827372,0.198289269,0.161353033,0.153965785,686.2764386,61.91562986,15.64307932,4.178849145,0.573872473,1.103810264,14.41485226,13.71461897,1.951399689,1.396578538,27.62791602,6.642690513,22.62830482,36.55598756,2.938180404,2.258942457,1.955287714,0.00311042,0.010497667,121333.8546,1.557153966,1.229393468
87,13,22.23386537,35.69326856,0.067314365,0.004163775,0,612.6349757,140.6051353,15.56280361,4.315058987,0.417765441,1.109646079,17.28938237,13.54129077,1.653018737,1.149201943,27.6537127,6.900069396,22.11450382,36.19847328,2.476058293,3.212352533,2.565579459,0.003469813,0.00277585,130743.6801,1.503122831,1.185287994
87,15,13.27559055,31.18110236,0,0,0,3367.149606,3.598425197,16.18897638,4.220472441,0.57480315,1.094488189,17.02362205,11.92125984,2.188976378,0.708661417,28.7007874,6.496062992,12.67716535,28.60629921,2.921259843,1,2.212598425,0,0.007874016,150065.622,1.377952756,1.102362205
87,16,10.74793388,25.40495868,0.02892562,0,0,115.6404959,38.78512397,16.24793388,4.301652893,0.454545455,1.074380165,13.44628099,12.89669421,1.727272727,0.909090909,26.14876033,6.97107438,10.76446281,26.05785124,2.524793388,3.074380165,2.673553719,0,0.148760331,160124.7893,1.338842975,1.148760331
87,17,19.63654754,42.15037087,0.04045853,0,0,1758.031018,84.46797033,15.69993257,4.14430209,0.409305462,1.115306811,15.59406608,13.77747808,1.974376264,1.154416723,28.15778827,6.900876601,13.7633176,29.71139582,2.697235334,4.255563048,2.176668914,0.004720162,0.002022927,170754.0708,1.513823331,1.277815239
87,18,19.25732218,35.11924686,0.006276151,0,0,751.1579498,90.89121339,15.91527197,4.266736402,0.418410042,1.103556485,18.2834728,12.64853556,1.834728033,1.377615063,28.78242678,6.724895397,16.60460251,32.30962343,2.566945607,9.344142259,2.766736402,0,0.003138075,180489.0408,1.532426778,1.224895397
87,19,13.76523702,27.76975169,0.0496614,0,0,1138.69526,106.9277652,15.76297968,4.309255079,0.494356659,1.108352144,15.30925508,14.16252822,1.898419865,1.424379233,30.0744921,7.137697517,12.18735892,27.00451467,2.575620767,6.934537246,2.248306998,0.006772009,0.006772009,190222.1919,1.492099323,1.295711061