YEAR,STATE,ARR_HOUR,ARR_MIN,CF1,CF2,CF3,CITY,COUNTY,DAY,DAY_WEEK,DRUNK_DR,FATALS,HARM_EV,HOUR,LGT_COND,MAN_COLL,MINUTE,MONTH,NOT_HOUR,NOT_MIN,PERSONS,RAIL,REL_ROAD,SCH_BUS,SP_JUR,ST_CASE,VE_FORMS,WEATHER
87,20,11.66987952,28.84819277,0.007228916,0,0,1155.260241,114.5614458,16.34457831,4.163855422,0.46746988,1.18313253,16.63855422,12.35421687,1.746987952,1.356626506,25.77831325,6.96626506,11.73012048,27.15421687,2.597590361,12.64819277,2.742168675,0.014457831,0.009638554,200212.8337,1.496385542,1.057831325
87,21,13.85546875,28.76432292,0.111979167,0,0,645.1041667,119.5208333,15.86328125,4.252604167,0.427083333,1.098958333,18.76692708,13.60416667,1.75390625,1.173177083,26.9140625,6.951822917,13.94661458,29.22786458,2.575520833,3.78515625,2.70703125,0.002604167,0.010416667,210395.3451,1.434895833,1.2421875
87,22,16.57808219,28.43835616,0.030136986,0,0,648.9260274,63.03150685,15.64383562,4.284931507,0.376712329,1.131506849,17.44794521,12.47945205,1.895890411,1.091780822,25.85890411,6.553424658,15.79315068,27.06438356,2.801369863,6.290410959,2.076712329,0.001369863,0.024657534,220380.2699,1.5,1.21369863
87,23,19.12735849,35.15566038,0,0,0,5540.79717,15.73584906,15.36320755,4.45754717,0.466981132,1.094339623,17.60377358,13.75,1.79245283,1.127358491,28.53301887,7.099056604,16.72169811,34.14150943,2.716981132,1.943396226,2.146226415,0.009433962,0.028301887,230110.0849,1.481132075,1.514150943
87,24,13.15775034,30.56652949,0,0,0,836.1769547,72.91769547,15.3388203,4.201646091,0.38957476,1.11659808,16.95198903,12.61591221,1.956104252,1.189300412,27.8340192,6.987654321,13.19890261,30.41975309,2.840877915,3.341563786,2.345679012,0,0,240381.642,1.530864198,1.146776406
87,25,64.57943925,69.79439252,0.015576324,0,0,738.0856698,17.92523364,15.51401869,4.169781931,0.3894081,1.073208723,18.29127726,12.69470405,2.132398754,0.862928349,25.46884735,6.945482866,68.50311526,71.85981308,2.264797508,1.001557632,2.143302181,0,0.018691589,250326.7103,1.366043614,1.358255452
87,26,37.20982456,48.69473684,0.033684211,0,0,803.6035088,98.86175439,15.34526316,4.274385965,0.484912281,1.124210526,15.78947368,12.97754386,1.834385965,1.351578947,28.04210526,7.016842105,27.14315789,40.4154386,2.837192982,2.894736842,2.496842105,0.007017544,0,260734.7867,1.555087719,1.333333333
87,27,43.43562232,54.14592275,0.006437768,0,0,1622.633047,85.94849785,15.55793991,4.188841202,0.435622318,1.137339056,14.29399142,13.5472103,1.858369099,1.369098712,29.28540773,7.19527897,33.92274678,45.98712446,2.688841202,2.017167382,2.019313305,0.012875536,0.032188841,270238.897,1.5,1.332618026
87,28,10.50076104,23.66818874,0,0,0,242.4870624,76.82952816,15.4109589,4.203957382,0.098934551,1.150684932,18.15525114,12.59056317,1.628614916,1.234398782,27.44444444,6.824961948,10.5281583,21.91171994,2.598173516,3.98782344,2.97716895,0.00456621,0,280340.0822,1.480974125,1.211567732
87,29,11.35560345,27.47737069,0.154094828,0.021551724,0,1715.914871,132.2855603,15.59590517,4.284482759,0.376077586,1.126077586,17.43318966,12.62068966,1.650862069,1.158405172,27.0075431,6.715517241,11.4924569,27.7424569,2.479525862,3.734913793,2.287715517,0.00862069,0.00862069,290467.9429,1.516163793,1.243534483
87,30,15.24747475,28.81313131,0.121212121,0,0,65.65656566,51.56565657,14.78282828,4.196969697,0.626262626,1.181818182,13.86363636,12.5,1.696969697,0.848484848,25.87878788,7,15.00505051,29.45454545,2.575757576,1.434343434,2.621212121,0.005050505,0.429292929,300100.4596,1.328282828,1.161616162
87,31,31.45490196,40.40392157,0.031372549,0,0,794.2823529,91.25098039,15.62352941,3.976470588,0.392156863,1.164705882,14.56862745,13.52156863,1.847058824,1.258823529,26.72941176,6.996078431,30.83137255,38.67058824,2.68627451,11.82745098,2.298039216,0.007843137,0.054901961,310130.4118,1.51372549,1.243137255
87,32,22.30125523,32.50209205,0.020920502,0,0,24.92050209,34.0083682,16.26778243,4.217573222,0.506276151,1.09623431,11.64853556,13.0209205,1.694560669,1.054393305,29.30543933,6.90376569,21.34309623,32.90794979,2.443514644,1,2.916317992,0.0041841,0.012552301,320122.4812,1.40167364,1.10041841
87,33,13.09259259,25.90740741,0,0,0,251.9691358,10.59259259,15.16666667,4.061728395,0.487654321,1.104938272,19.29012346,14.67901235,1.765432099,1.462962963,27.99382716,7.055555556,13.01234568,24.40740741,2.401234568,1.197530864,2.043209877,0,0.024691358,330086.6111,1.49382716,1.37654321
87,34,85.33584499,87.83961249,0.006458558,0,0,1357.224973,18.4058127,15.64800861,4.17007535,0.337997847,1.101184069,17.60710441,12.77933262,1.964477933,1.145317546,28.2335845,7.039827772,85.54682454,87.98170075,2.820236814,1.086114101,2.018299247,0.00861141,0,340501.9656,1.530678149,1.227125942
87,35,48.9188641,56.14604462,0,0,0,577.831643,27.27991886,15.28194726,4.202839757,0.523326572,1.152129817,10.89046653,14.06085193,1.920892495,0.762677485,27.12981744,6.912778905,49.04868154,55.74036511,2.748478702,1.144016227,2.535496957,0.002028398,0.152129817,350249.8458,1.365111562,1.253549696
87,36,56.34450212,62.74657857,0.080226522,0,0,1886.128834,65.12269939,15.46956111,4.195375177,0.334119868,1.103822558,16.1821614,13.41387447,1.978763568,0.985370458,27.86691836,6.96696555,55.84945729,62.23171307,2.700802265,1.537989618,2.238791883,0.005663049,0.015573384,361079.176,1.449740444,1.267107126
87,37,18.11228814,33.47316384,0.003531073,0,0,606.4314972,101.9463277,15.74858757,4.213983051,0.503531073,1.118644068,17.85028249,13.36935028,1.777542373,1.101694915,27.19632768,6.890536723,90.03954802,91.75988701,2.744350282,4.411723164,2.082627119,0.002118644,0,370718.5713,1.513418079,1.247881356
87,38,16.22222222,31.75555556,0.188888889,0,0,354.1111111,50.75555556,15.37777778,4.055555556,0.466666667,1.122222222,12.95555556,11.13333333,1.588888889,1.055555556,21.81111111,6.977777778,19.25555556,32.17777778,2.533333333,1.622222222,2.566666667,0.011111111,0.2,380046.4889,1.366666667,1.344444444
87,39,66.4836272,73.00881612,0.000629723,0,0,1209.562972,85.9256927,16.16309824,4.313602015,0.426952141,1.115869018,18.97732997,12.47732997,1.85768262,1.230478589,27.34319899,6.940176322,64.1895466,71.13790932,2.620906801,9.115239295,2.923173804,0.003148615,0.008186398,390834.1851,1.505037783,1.360831234
87,40,38.72407407,50.39259259,0.046296296,0,0,1196.409259,88.93703704,15.87037037,4.216666667,0.348148148,1.105555556,17.97222222,13.2962963,1.683333333,1.501851852,26.83148148,7.064814815,38.83333333,49.01851852,2.848148148,5.575925926,2.453703704,0.001851852,0,400281.5463,1.555555556,1.177777778
87,41,13.65099458,28.95479204,0.057866184,0,0,417.8842676,38.06329114,15.88969259,4.151898734,0.448462929,1.119349005,16.15913201,20.15009042,1.880650995,1.09403255,32.31464738,7.084990958,13.64556962,28.039783,2.810126582,1.849909584,2.486437613,0.001808318,0.063291139,410319.8463,1.508137432,1.352622061
87,42,39.43096702,50.725545,0.003353829,0,0,1417.616546,63.23029625,15.60089435,4.146450531,0.466741196,1.110676356,18.44102851,12.5410844,1.83901621,1.11626607,28.16936836,6.985466741,37.60089435,48.96646171,2.677473449,2.46059251,2.526551146,0.005589715,0.010620458,420908.6316,1.560648407,1.28451649
87,44,12.87962963,29.44444444,0,0,0,336.3240741,15.33333333,17.41666667,4.342592593,0.231481481,1.046296296,18.68518519,12.0462963,2.157407407,1.074074074,27.85185185,7.027777778,12.82407407,29.09259259,2.657407407,1,2.324074074,0.009259259,0,440059.287,1.5,1.425925926
87,45,13.90392562,28.36673554,0,0,0,184.0123967,48.62913223,15.73760331,4.367768595,0.377066116,1.121900826,18.20144628,12.84400826,1.679752066,1.375,26.12086777,6.716942149,13.5072314,28.63326446,2.594008264,3.52892562,2.204545455,0.001033058,0.023760331,450503.2552,1.451446281,1.178719008
87,46,17.17757009,30.6728972,7.523364486,7.411214953,7.401869159,404.4205607,77.69158879,15.63551402,4.224299065,0.485981308,1.252336449,14.1682243,13.89719626,1.738317757,1.074766355,28.55140187,7.065420561,13.01869159,25.90654206,2.91588785,1.514018692,2.495327103,0.009345794,0.448598131,460055.7664,1.429906542,1.177570093
87,47,32.65758401,45.7520436,0.183469573,0.005449591,0,640.7347866,97.19981835,16.33787466,4.278837421,0.455949137,1.132606721,18.38419619,13.91280654,1.964577657,1.140781108,28.04995459,6.855585831,32.20435967,44.41871026,2.475930972,4.492279746,2.80835604,0.004541326,0.004541326,470567.3351,1.490463215,1.25431426
87,48,18.22743056,30.33784722,0,0,0,1837.879861,237.3864583,15.57465278,4.270486111,0.431597222,1.131944444,14.68298611,13.72118056,1.928125,1.201736111,28.08472222,6.673611111,18.68888889,30.84583333,2.774305556,5.169444444,2.276388889,0.001388889,0,481453.6767,1.477777778,1.169097222
87,49,45.2398524,57.04797048,0,0,0,1120.04428,33.73800738,14.50922509,4.298892989,0.306273063,1.095940959,12.11439114,12.94095941,1.78597786,0.904059041,27.01476015,6.89298893,41.38376384,51.75276753,2.856088561,7.516605166,2.276752768,0.003690037,0,490141.9483,1.361623616,1.199261993
87,50,33.78640777,44.51456311,0.029126214,0,0,1015.679612,15.11650485,15.49514563,4.436893204,0.621359223,1.155339806,20.88349515,16.17475728,2,1.019417476,29.55339806,7.213592233,34.44660194,42.49514563,2.631067961,5.281553398,2.174757282,0.009708738,0.019417476,500054.7087,1.388349515,1.40776699
87,51,98.89183223,98.92384106,0.007726269,0,0,419.0364238,229.683223,15.7384106,4.365342163,0.475717439,1.126931567,18.97350993,13.799117,1.733995585,1.024282561,26.96688742,6.902869757,99,99,2.442604857,2.539735099,3.011037528,0.002207506,0.003311258,510462.8863,1.464679912,1.258278146
87,53,13.16931983,27.10709117,0.010130246,0,0,407.9667149,42.88422576,15.9406657,4.235890014,0.558610709,1.128798842,14.82054993,12.82344428,1.79015919,1.04341534,25.51230101,6.752532562,13.0260492,26.15340087,2.662807525,3.250361795,2.468885673,0.004341534,0.15918958,530358.3401,1.480463097,1.2170767
87,54,12.55263158,27.72727273,0.050239234,0,0,300.1889952,50.63636364,15.55980861,4.160287081,0.468899522,1.126794258,17.41626794,14.79186603,1.76076555,0.985645933,28.96411483,6.741626794,12.48325359,28.56937799,2.688995215,1.600478469,2.476076555,0.004784689,0,540212.4833,1.45215311,1.409090909
87,55,15.092827,30.37552743,0,0,0,754.5766526,75.56118143,15.98171589,4.198312236,0.496483826,1.120956399,16.73136428,12.65541491,1.731364276,1.389592124,27.73699015,6.918424754,13.93248945,29.35864979,2.621659634,3.310829817,2.251758087,0.004219409,0.014064698,550370.4824,1.516174402,1.434599156
87,56,14.97297297,29.95495495,0,0,0,52.34234234,23.16216216,15.89189189,4.513513514,0.468468468,1.162162162,12.12612613,13.27927928,1.522522523,0.648648649,24.72972973,7.666666667,14.85585586,28.17117117,2.513513514,1,2.927927928,0,0.09009009,560058.8108,1.243243243,1.378378378
88,1,13.88828633,28.66052061,0.224511931,0,0,672.5683297,71.87201735,16.02169197,4.300433839,0.413232104,1.110629067,17.55206074,12.95553145,1.753796095,1.14967462,27.01952278,6.652928416,52.69088937,60.37744035,2.638828633,8.432754881,2.856832972,0.002169197,0.002169197,10467.25271,1.473969631,1.215835141
88,2,10.93023256,26.5,0.197674419,0,0,491.7325581,125.7209302,14.93023256,4.569767442,0.5,1.127906977,10.3255814,14.68604651,2.127906977,0.953488372,32.10465116,7,8.965116279,23.65116279,3.151162791,6.697674419,2.395348837,0,0.011627907,20044.95349,1.325581395,1.209302326
88,4,43.45971564,51.47037915,0.077014218,0,0,176.1777251,14.39454976,16.01777251,4.369668246,0.402843602,1.118483412,12.53672986,13.1563981,1.86492891,1.043838863,27.61492891,6.678909953,39.41350711,49.09952607,2.96563981,2.545023697,2.110189573,0,0.393364929,40428.07583,1.454976303,1.056872038
88,5,18.88721805,32.09586466,0.035714286,0,0,683.2030075,78.31390977,15.71428571,4.171052632,0.780075188,1.146616541,17.21240602,12.68609023,1.759398496,1.172932331,27.29887218,7.033834586,18.04135338,32.14661654,2.72556391,10.82518797,2.216165414,0.001879699,0.003759398,50275.46617,1.503759398,1.291353383
88,8,14.1,28.57111111,0.146666667,0,0,287.9311111,56.97333333,15.5,4.346666667,0.446666667,1.104444444,13.95333333,13.00222222,1.782222222,0.935555556,26.44666667,6.673333333,14,28.46,2.595555556,3.782222222,2.728888889,0,0.008888889,80228.03111,1.435555556,1.471111111
88,9,14.7690583,30.34529148,0.109865471,0,0,451.2668161,6.578475336,16.15022422,4.307174888,0.457399103,1.085201794,18.21300448,13.32959641,1.937219731,1.038116592,29.77130045,6.948430493,13.84304933,30.31838565,2.522421525,2.035874439,2.30941704,0.006726457,0.00896861,90225.21525,1.475336323,1.213004484
88,10,11.59440559,28.86713287,0,0,0,33.11188811,3.13986014,15.88111888,4.307692308,0.461538462,1.118881119,16.13986014,11.98601399,1.853146853,1.426573427,25.28671329,6.391608392,11.51748252,26.58741259,2.657342657,3.146853147,2.048951049,0.013986014,0,100073.5524,1.629370629,1.265734266
88,11,10.16071429,28.875,0,0,0,10,1,15,4.339285714,0.25,1.089285714,16.48214286,11.10714286,1.857142857,0.732142857,27.85714286,6.839285714,10.76785714,31.73214286,2.732142857,1,2.017857143,0.035714286,0.035714286,110029.5893,1.375,1.392857143
88,12,25.54967368,39.08701958,0.012690355,0.004713561,0,918.8321247,63.34118927,15.5453227,4.316896302,0.501087745,1.116026106,14.73567803,13.83284989,1.903915881,1.403190718,28.05474982,6.61928934,25.25707034,39.53408267,2.89448876,3.240391588,2.13524293,0.001450326,0.004350979,121441.1026,1.543147208,1.199782451
88,13,20.9280914,35.59072581,0.012096774,0,0,693.8884409,141.109543,15.84139785,4.288306452,0.355510753,1.11155914,16.77688172,13.0530914,1.747311828,1.258064516,27.37903226,6.621639785,20.32123656,35.09811828,2.478494624,5.590725806,2.605510753,0.002688172,0.007392473,130770.7379,1.490591398,1.222446237
88,15,12.4609375,29.8359375,0,0,0,3605.9375,3.546875,14.890625,4.2734375,0.546875,1.15625,17.8125,12.46875,1.984375,0.8671875,29.2578125,6.5859375,11.140625,30.7578125,2.890625,1,2.25,0,0,150065.8594,1.4375,1.1796875
88,16,11.29824561,25.21052632,0.570175439,0,0,148.6622807,39.07894737,15.94298246,4.298245614,0.302631579,1.127192982,11.54385965,13.36842105,1.701754386,0.973684211,26.05263158,6.872807018,11.5,22.84649123,2.596491228,12.72368421,2.263157895,0,0.179824561,160119.8991,1.377192982,1.298245614
88,17,19.6182473,43.72869148,0.024609844,0,0,1675.102641,84.62905162,15.70108043,4.19027611,0.427971188,1.102641056,16.08043217,13.06362545,1.914165666,1.161464586,28.12004802,6.861944778,13.14105642,30.02641056,2.666266507,5.630252101,2.162665066,0.004201681,0,170849.9256,1.540816327,1.229291717
88,18,15.14211076,31.59143156,0.54754441,0.417972832,0.413793103,679.8787879,86.33960293,16.11285266,4.274817137,0.403343783,1.148380355,17.45559039,12.74399164,1.760710554,1.384535005,28.57366771,6.907001045,15.01358412,31.23406479,2.686520376,9.274817137,2.543364681,0.001044932,0.012539185,180516.72,1.548589342,1.272727273
88,19,14.39676113,29.47165992,0.248987854,0,0,1192.046559,104.6761134,15.88259109,4.238866397,0.449392713,1.127530364,15.09919028,15.48178138,1.917004049,1.315789474,28.79149798,7.091093117,13.14979757,27.61133603,2.564777328,3.983805668,2.234817814,0.002024291,0,190251.6761,1.5,1.325910931
88,20,11.57389163,26.61576355,0,0,0,1151.566502,112.8325123,16.03940887,4.322660099,0.426108374,1.189655172,16.55665025,12.5320197,1.807881773,1.206896552,27.18226601,6.960591133,11.59852217,28.53694581,2.608374384,8.295566502,2.650246305,0.009852217,0.004926108,200210.5567,1.480295567,1.093596059
88,21,13.89260809,28.24128312,0.322175732,0,0,547.3598326,118.5202232,15.21757322,4.359832636,0.461645746,1.168758717,18.61645746,13.44769874,1.687587169,1.132496513,27.90655509,6.760111576,13.72105997,28.70990237,2.642956764,1.517433752,2.751743375,0.0041841,0.020920502,210370.9024,1.446304045,1.192468619
88,22,16.09124088,27.15206813,0.037712895,0,0,518.7846715,62.74695864,15.43673966,4.234793187,0.317518248,1.125304136,17.05474453,12.11313869,1.941605839,1.160583942,26.51703163,6.716545012,15.24574209,26.65815085,2.722627737,7.097323601,2.239659367,0,0.015815085,220427.4307,1.49026764,1.369829684
88,23,21.50649351,35.62770563,0,0,0,5171.679654,19.76190476,15.34199134,4.380952381,0.363636364,1.108225108,16.86580087,13.61904762,1.744588745,1.021645022,26.58441558,7.168831169,19.74458874,34.38961039,2.506493506,1.16017316,2.510822511,0.004329004,0,230117.2208,1.424242424,1.393939394
88,24,13.31830986,30.43239437,0,0,0,823.2915493,63.42112676,15.92112676,4.24084507,0.354929577,1.1,17.87323944,13.34225352,1.88028169,1.145070423,27.16619718,6.815492958,13.07464789,28.65070423,2.685915493,2.102816901,2.307042254,0.002816901,0,240365.6085,1.545070423,1.171830986
88,25,73.86775632,76.08618128,0.075780089,0.004457652,0,699.8291233,16.06686478,16.17087667,4.393759287,0.401188707,1.077265973,18.41604755,12.60326895,2.099554235,0.85141159,27.35066865,7.084695394,73.7102526,75.90193165,2.384843982,1.056463596,2.332838039,0.004457652,0,250348.7831,1.404160475,1.292719168
88,26,36.55111402,47.92005242,0.201179554,0,0,878.6271298,102.9705111,15.55111402,4.273263434,0.465268676,1.119266055,15.63630406,12.8034076,1.814547837,1.359764089,27.72346003,6.901703801,27.38597641,40.94823067,2.728047182,3.622542595,2.469855832,0.004587156,0.001965924,260775.6547,1.563564875,1.342070773
88,27,39.1160221,50.18968692,0,0,0,1701.395948,84.4732965,15.79558011,4.143646409,0.462246777,1.127071823,14.16758748,13.946593,1.950276243,1.340699816,29.05893186,6.91160221,27.32044199,40.70902394,2.749539595,5.165745856,1.974217311,0.007366483,0.016574586,270288.2468,1.517495396,1.344383057
88,28,12.21677215,25.32278481,0,0,0,259.3053797,79.0664557,15.24050633,4.397151899,0.064873418,1.142405063,17.5806962,13.10759494,1.735759494,1.075949367,26.98101266,6.740506329,12.25,24.51898734,2.647151899,6.004746835,2.939873418,0.001582278,0,280324.4399,1.473101266,1.324367089
88,29,11.67586912,28.37321063,0.221881391,0.013292434,0,1682.620654,130.8486708,15.77709611,4.299591002,0.408997955,1.127811861,18.4192229,12.77198364,1.6400818,1.101226994,27.05010225,6.737218814,11.64110429,28.05010225,2.460122699,5.505112474,2.418200409,0.00408998,0.00408998,290496.5675,1.468302658,1.194274029
88,30,12.66120219,25.84699454,0.218579235,0.032786885,0,93.98907104,52.06010929,15.67759563,4.087431694,0.56284153,1.081967213,14.07650273,13.64480874,1.803278689,0.857923497,27.06010929,7.081967213,11.61748634,27.56830601,2.453551913,1.234972678,2.666666667,0,0.50273224,300092.9781,1.31147541,1.147540984
88,31,14.35897436,28.81196581,0.495726496,0.012820513,0,875.2564103,86.8974359,15.76923077,4.277777778,0.482905983,1.115384615,12.74786325,13.94017094,1.794871795,1.282051282,29.3034188,6.696581197,14.5042735,28.08547009,2.512820513,8.418803419,2.264957265,0.004273504,0.025641026,310122.7094,1.461538462,1.239316239
88,32,20,30.99609375,0.1796875,0,0,32.4609375,21.27734375,14.1953125,4.1796875,0.4609375,1.1171875,11.625,13.046875,1.80078125,1.03515625,24.80859375,6.9609375,19.96484375,29.03125,2.59765625,4.8515625,2.875,0,0.01171875,320131.9805,1.375,1.03515625
88,33,14.42384106,30.16556291,0.092715232,0,0,325.8609272,11.55629139,14.45695364,4.072847682,0.390728477,1.099337748,18.97350993,13.1986755,1.741721854,1.42384106,28.01986755,6.854304636,20.39072848,33.88741722,2.536423841,1,1.721854305,0,0.006622517,330081.947,1.556291391,1.231788079
88,34,83.68530021,86.99585921,0.001035197,0,0,1269.259834,18.47826087,16.25362319,4.384057971,0.33436853,1.087991718,17.3757764,12.22567288,2.014492754,1.105590062,28.92650104,6.745341615,83.53933747,86.70289855,2.670807453,1.859213251,2.038302277,0.004140787,0,340518.6201,1.495859213,1.246376812
88,35,29.75750577,39.63510393,0.115473441,0,0,400.0069284,26.83371824,14.78752887,4.184757506,0.554272517,1.124711316,12.82448037,13.7113164,1.856812933,0.775981524,27.23094688,6.838337182,29.36951501,39.3926097,2.870669746,1.073903002,2.72517321,0,0.193995381,350218.0046,1.367205543,1.173210162
88,36,52.60513566,60.21947674,0.235949612,0,0,1896.328488,63.1870155,15.65697674,4.124031008,0.322674419,1.093023256,16.78294574,12.84302326,1.937015504,0.986918605,27.06492248,6.954457364,52.14583333,59.76841085,2.715116279,1.668120155,2.362403101,0.006782946,0.013565891,361050.5058,1.431686047,1.295542636
88,37,18.19428571,34.02928571,0.013571429,0,0,529.575,102.1221429,15.72571429,4.272857143,0.450714286,1.123571429,17.59142857,13.47857143,1.715714286,1.16,27.03,6.943571429,88.79714286,90.39785714,2.805,4.642857143,2.037142857,0.002142857,0,370721.4236,1.522857143,1.282857143
88,38,19.52173913,32.51086957,0.673913043,0,0,428.2608696,57.7173913,16.14130435,3.836956522,0.445652174,1.130434783,9.913043478,12.86956522,1.619565217,0.989130435,21.36956522,6.782608696,20.4673913,32,2.717391304,2.260869565,2.347826087,0.010869565,0.195652174,380046.5,1.347826087,1.27173913
88,39,60.55359395,68.90226986,0.018915511,0,0,1111.514502,85.20176545,15.47856242,4.225725095,0.392812106,1.102143758,18.88335435,12.54602774,1.821563682,1.283732661,28.00441362,6.713745271,58.82030265,67.07503153,2.574401009,8.001261034,2.880201765,0.003152585,0.000630517,390847.0385,1.508196721,1.278058008
88,40,34.57932264,45.06060606,0.121212121,0,0,1214.085561,85.74509804,15.75044563,4.338680927,0.386809269,1.137254902,18.75579323,13.0802139,1.648841355,1.245989305,25.114082,6.909090909,34.58645276,45.96256684,2.736185383,7.901960784,2.221033868,0,0.021390374,400297.1622,1.49197861,1.121212121
88,41,12.89630931,29.93673111,0.147627417,0,0,394.7961336,36.12478032,15.54130053,4.260105448,0.456942004,1.189806678,16.23901582,15.47100176,1.796133568,1.117750439,30.01054482,7.063268893,12.71528998,28.60808436,2.920913884,1.90685413,2.365553603,0.001757469,0.068541301,410311.8436,1.520210896,1.39543058
88,42,34.71073446,46.79039548,0.084180791,0,0,1406.485311,63.92316384,15.87288136,4.370056497,0.431638418,1.090960452,18.77570621,12.37909605,1.86779661,1.148022599,27.22372881,6.924858757,33.16779661,45.35706215,2.595480226,2.237288136,2.451412429,0.003389831,0.005649718,420893.0175,1.543502825,1.303954802
88,44,14.23728814,29.75423729,0.296610169,0,0,730.5508475,6.322033898,15.84745763,4.355932203,0.474576271,1.059322034,19.42372881,12.65254237,2.186440678,0.949152542,28.24576271,6.415254237,13.48305085,30.09322034,2.440677966,1,2.449152542,0,0,440062.2458,1.457627119,1.262711864
88,45,13.03303965,27.77202643,0.455947137,0.019823789,0.019823789,303.4647577,48.26431718,15.91299559,4.362334802,0.253303965,1.135462555,18.50991189,12.86784141,1.781938326,1.371145374,24.52092511,6.704845815,14.16740088,28.73678414,2.584801762,4.971365639,2.9030837,0.005506608,0.013215859,450476.8337,1.448237885,1.169603524
88,46,13.24409449,27.48031496,6.42519685,6.236220472,6.236220472,349.8818898,80.4015748,16.70866142,4.354330709,0.511811024,1.157480315,15.78740157,14.52755906,2.039370079,0.732283465,26.48818898,7.244094488,11.20472441,25.16535433,2.692913386,2.559055118,2.866141732,0,0.653543307,460064.8425,1.291338583,1.283464567
88,47,28.69982079,41.55913978,0.57078853,0.112903226,0.094086022,598.6926523,95.81182796,15.70519713,4.200716846,0.48297491,1.134408602,17.50896057,14.14784946,1.825268817,1.051075269,27.62455197,6.778673835,28.45698925,41.81810036,2.567204301,6.595878136,3.14516129,0.003584229,0.007168459,470592.9588,1.465053763,1.256272401
88,48,14.69476841,28.65378207,0.187937354,0,0,1818.107964,234.6394535,15.95534822,4.16961013,0.431856048,1.130289903,15.2305898,13.65478174,1.940353216,1.098967011,28.05798067,6.714761746,15.00766411,29.2799067,2.685104965,5.273908697,2.229923359,0.003332223,0,481510.9933,1.448850383,1.155614795
88,49,41.8372093,51.60077519,0,0,0,1154.337209,33.96899225,14.60465116,4.279069767,0.372093023,1.151162791,11.29844961,14.82945736,1.686046512,1.197674419,26.75968992,6.771317829,40.62015504,48.46124031,2.895348837,9.096899225,2.418604651,0,0,490133.2209,1.472868217,1.205426357
88,50,38.05128205,43.30769231,0,0,0,1352.905983,15.27350427,15.91452991,4.239316239,0.495726496,1.102564103,20.78632479,17.23076923,1.820512821,1.068376068,29.76923077,7.230769231,35.94871795,44.35897436,2.333333333,1,2.358974359,0,0,500062.1709,1.393162393,1.273504274
88,51,99,99,0,0,0,378.9948507,222.1740474,15.49948507,4.334706488,0.441812564,1.104016478,19.5561277,12.95983522,1.728115345,1.13800206,25.91143151,7.002059732,99,99,2.425334706,3.102986612,2.972193615,0,0.005149331,510496.3687,1.458290422,1.232749743
88,53,19.18142857,33.02,0.14,0,0,411.7128571,43.66,15.95,4.225714286,0.605714286,1.111428571,16.01714286,12.93857143,1.812857143,1.025714286,27.38285714,6.85,19.05428571,31.10714286,2.664285714,2.871428571,2.454285714,0.001428571,0.222857143,530361.65,1.461428571,1.237142857
88,54,12.28641975,27.38024691,0.017283951,0,0,276.6839506,50.47160494,16.49135802,4.239506173,0.466666667,1.135802469,17.98024691,15.28148148,1.725925926,0.925925926,27.18271605,6.62962963,12.36296296,27.76296296,2.735802469,1.790123457,2.412345679,0,0,540206.321,1.437037037,1.279012346
88,55,15.77414773,31.22443182,0.038352273,0,0,715.5823864,76.08380682,15.67755682,4.210227273,0.529829545,1.146306818,18.21590909,12.33948864,1.698863636,1.409090909,27.88068182,7.098011364,13.42045455,29.50994318,2.548295455,2.208806818,2.316761364,0.004261364,0.004261364,550363.2571,1.504261364,1.342329545
88,56,13.71317829,26.71317829,0.093023256,0,0,53.79844961,22.36434109,17.20930233,4.093023256,0.511627907,1.201550388,10.65116279,13.34108527,1.782945736,0.751937984,28.87596899,7.178294574,11.62015504,24.63565891,2.635658915,5.046511628,2.472868217,0,0.124031008,560066.938,1.387596899,1.76744186
89,1,13.95533769,28.16993464,0.281045752,0,0,589.6721133,73.87799564,15.66230937,4.438997821,0.448801743,1.120915033,18.62200436,12.92265795,1.701525054,1.148148148,26.89869281,6.651416122,59.82352941,65.52723312,2.558823529,8.401960784,3.066448802,0.003267974,0,10464.26253,1.476034858,1.253812636
89,2,10.2278481,28.27848101,0.17721519,0,0,302.1518987,105.3544304,13.39240506,4.151898734,0.46835443,1.063291139,13.06329114,13.37974684,1.911392405,1.493670886,33.2278481,6.82278481,10.40506329,26.17721519,2.696202532,1,2.202531646,0,0,20043.36709,1.506329114,1.569620253
89,4,41.8012987,51.92467532,0.653246753,0.514285714,0.514285714,165.7662338,14.05714286,16.03766234,4.138961039,0.376623377,1.141558442,13.33376623,12.22597403,1.833766234,1.087012987,26.87792208,6.525974026,38.18961039,48.95194805,3.053246753,2.972727273,2.162337662,0.001298701,0.358441558,40392.19221,1.528571429,1.192207792
89,5,21.29462738,34.56672444,0.090121317,0.003466205,0,648.1161179,82.13864818,15.47833622,4.220103986,0.764298094,1.121317158,17.42634315,13.42461005,1.714038128,1.206239168,27.81109185,7,19.08492201,33.47140381,2.514731369,18.7677643,2.26169844,0,0.008665511,50294.05893,1.45407279,1.259965338