YEAR,STATE,ARR_HOUR,ARR_MIN,CF1,CF2,CF3,CITY,COUNTY,DAY,DAY_WEEK,DRUNK_DR,FATALS,HARM_EV,HOUR,LGT_COND,MAN_COLL,MINUTE,MONTH,NOT_HOUR,NOT_MIN,PERSONS,RAIL,REL_ROAD,SCH_BUS,SP_JUR,ST_CASE,VE_FORMS,WEATHER
90,48,13.92800277,28.56005538,0.537210107,0.014191762,0,1838.49775,226.793008,15.69678089,4.219453098,0.460366909,1.124956732,15.2997577,12.66078228,1.949809623,1.060574593,27.0879197,6.637937002,13.807892,27.8573901,2.730356525,7.406022845,2.224299065,0.002769124,0,481465.4285,1.456559363,1.191415715
90,49,34.10169492,45.98728814,0,0,0,658.8601695,31.66101695,15.50847458,4.283898305,0.258474576,1.152542373,11.93220339,12.34745763,1.762711864,1.148305085,27.89830508,6.775423729,29.52542373,42.99576271,2.877118644,5.016949153,2.610169492,0,0,490123.9915,1.43220339,1.266949153
90,50,12.95238095,27.64285714,0.023809524,0,0,1158.404762,14.16666667,14.0952381,4.416666667,0.571428571,1.071428571,18.04761905,16.92857143,1.845238095,0.642857143,28.36904762,6.702380952,12.8452381,26.86904762,2.44047619,1,2.238095238,0,0,500047.2976,1.321428571,1.321428571
90,51,99,99,0.175236097,0.103882476,0.103882476,394.1741868,225.8919203,15.79853095,4.307450157,0.461699895,1.132214061,19.34417629,12.77124869,1.730325289,1.105981112,27.89926548,6.519412382,99,99,2.473242392,2.869884575,3.115424974,0,0.014690451,510489.9224,1.477439664,1.218258132
90,53,13.87603306,27.42975207,0.132231405,0,0,349.5798898,41.49311295,15.2630854,4.373278237,0.582644628,1.136363636,15.70798898,13.46280992,1.800275482,1.002754821,25.39944904,6.535812672,13.88016529,26.6446281,2.687327824,1.786501377,2.494490358,0.005509642,0.170798898,530372.4986,1.473829201,1.271349862
90,54,12.2014742,28.27272727,0.127764128,0,0,242.3562654,49.38083538,15.21375921,4.081081081,0.457002457,1.181818182,18.82800983,15.26535627,1.803439803,0.899262899,31.22850123,7.068796069,11.81572482,28.79361179,2.646191646,1.771498771,2.488943489,0.002457002,0,540205.0491,1.452088452,1.41031941
90,55,13.87758112,30.34660767,0.448377581,0.029498525,0,827.6061947,73.67699115,15.50737463,4.274336283,0.460176991,1.134218289,15.55162242,13.05752212,1.719764012,1.445427729,29.70943953,6.792035398,12.53244838,30.54277286,2.702064897,2.166666667,2.171091445,0.010324484,0.026548673,550347.1003,1.576696165,1.42920354
90,56,13.71428571,28.95238095,0.123809524,0.171428571,0,57.71428571,23.01904762,14.92380952,4.047619048,0.571428571,1.19047619,12.06666667,12.57142857,1.704761905,0.666666667,30.24761905,7,11.80952381,26.39047619,2.60952381,1,2.380952381,0,0.361904762,560053.8667,1.333333333,1.476190476
91,1,12.73272358,27.05284553,0.37296748,0,0,554.4817073,74.00406504,15.01117886,4.37703252,0.37804878,1.134146341,17.98170732,12.6504065,1.795731707,1.152439024,27.11788618,6.697154472,49.3597561,57.96849593,2.529471545,4.869918699,3.042682927,0.00203252,0,10503.0315,1.474593496,1.225609756
91,2,15.17777778,29.43333333,0,0,0,392.0222222,127.2444444,17.21111111,4.488888889,0.444444444,1.122222222,13.37777778,14.66666667,2,1.366666667,26.65555556,6.988888889,15.92222222,28.11111111,2.744444444,10.2,1.877777778,0,0.066666667,20048.86667,1.511111111,1.233333333
91,4,39.01513067,48.86382393,0.389270977,0,0,157.4209078,13.80055021,15.20495186,4.160935351,0.398899587,1.122420908,13.04401651,13.07152682,1.863823934,1.152682256,27.10178817,6.474552957,34.89408528,45.98762036,3.10866575,1.078404402,2.008253095,0.001375516,0.441540578,40374.32325,1.500687758,1.221458047
91,5,20.03962264,35.06981132,0.088679245,0,0,654.7188679,79.70754717,15.98867925,4.341509434,0.841509434,1.147169811,17.85849057,12.68490566,1.645283019,1.249056604,27.2,6.747169811,19.41886792,33.56037736,2.643396226,7.577358491,2.18490566,0.003773585,0.024528302,50272.45094,1.477358491,1.232075472
91,8,27.77916667,40.32916667,0.291666667,0,0,343.8604167,57.87916667,15.57291667,4.08125,0.49375,1.13125,15.39791667,12.40833333,1.741666667,0.9,25.49375,6.8625,27.81458333,39.19583333,2.620833333,1.8875,2.772916667,0,0.027083333,80243.59167,1.414583333,1.202083333
91,9,13.75800712,31.5658363,0.384341637,0,0,446.2811388,6.693950178,15.80782918,4.306049822,0.459074733,1.103202847,19.20996441,12.53380783,2.145907473,1.09252669,30.06049822,6.985765125,12.6797153,29.95373665,2.676156584,1.818505338,2.327402135,0.007117438,0,90149.89324,1.451957295,1.355871886
91,10,15.21111111,32.94444444,0,0,0,66.66666667,3.244444444,15.31111111,4.433333333,0.411111111,1.133333333,16.24444444,12.43333333,1.8,1.355555556,30.43333333,6.366666667,14.53333333,32,3.244444444,1,1.888888889,0,0,100048.0333,1.644444444,1.255555556
91,11,12.13333333,24.63333333,0,0,0,10,1,16.11666667,3.983333333,0.233333333,1.05,16.2,12.23333333,1.766666667,1.116666667,19.33333333,5.966666667,12.05,21.33333333,2.633333333,1,2,0.016666667,0.066666667,110031.3,1.483333333,1.65
91,12,24.8037889,39.25259359,0.395128552,0.230491655,0.223274696,803.9233198,64.40595399,15.37889039,4.235002255,0.360847993,1.110960758,14.48263419,13.11682454,1.928732521,1.368967073,27.43617501,6.463238611,24.69959405,38.78168696,2.839422643,2.649075327,2.083446098,0.0022553,0.00721696,121152.3753,1.527289129,1.271087055
91,13,17.98531811,31.98368679,0.2137031,0.015497553,0,600.6109299,144.2079935,15.85562806,4.278955954,0.380097879,1.132952692,17.99918434,13.10440457,1.681076672,1.185154976,27.57422512,6.579119086,17.8776509,32.56688418,2.551386623,5.403752039,2.72675367,0.004078303,0.007340946,130630.5922,1.509787928,1.222675367
91,15,11.61344538,27.94117647,0,0,0,3811.689076,3.705882353,16.59663866,4.554621849,0.588235294,1.134453782,17.32773109,14.58823529,2.142857143,0.991596639,29.80672269,6.705882353,11.90756303,25.64705882,2.731092437,1,2.344537815,0,0,150060.5714,1.478991597,1.168067227
91,16,11.0678733,27,0.588235294,0,0,85.90950226,40.09502262,15.76923077,4.466063348,0.380090498,1.194570136,14.69230769,12.95022624,1.660633484,0.945701357,23.8959276,6.936651584,11.16289593,26.92760181,2.642533937,4.995475113,2.457013575,0.004524887,0.122171946,160115.7647,1.389140271,1.226244344
91,17,18.80139643,41.92397207,0.107059736,0,0,1691.413499,86.33591932,15.23429015,4.179208689,0.446082234,1.123351435,16.41660202,13.62606672,1.901474011,1.086889061,28.3553142,6.712179984,13.42746315,30.29557797,2.663304888,3.484096199,2.189294026,0.004654771,0,170653.7075,1.496508922,1.32738557
91,18,19.12513843,34.58693245,0.244739756,0,0,636.4717608,92.12735327,15.50055371,4.228128461,0.417497231,1.131782946,18.39756368,13.04761905,1.816168328,1.312292359,29.07641196,6.933554817,18.80730897,34.81838317,2.558139535,5.836101883,2.813953488,0.004429679,0,180473.1584,1.511627907,1.287929125
91,19,14.19148936,31.24822695,0.328605201,0,0,1056.335697,105.0236407,15.46572104,4.399527187,0.375886525,1.153664303,13.70921986,14.1678487,1.747044917,1.378250591,29.86997636,6.95035461,12.77068558,29.86997636,2.697399527,2.635933806,2.132387707,0.004728132,0.01891253,190212.7376,1.541371158,1.444444444
91,20,13.31428571,28.82285714,0.062857143,0,0,1095.117143,110.4742857,15.52,4.191428571,0.434285714,1.168571429,16.01142857,14.39142857,1.817142857,1.334285714,26.86,6.637142857,13.48857143,29.26857143,2.5,5.408571429,2.277142857,0.002857143,0,200187.2457,1.448571429,1.191428571
91,21,16.57617729,31.5900277,0.36565097,0.137119114,0.137119114,741.001385,119.3047091,15.69806094,4.066481994,0.451523546,1.144044321,19.57756233,12.4265928,1.675900277,1.040166205,27.10941828,6.656509695,16.15373961,31.73961219,2.729916898,1.98199446,2.742382271,0.004155125,0.008310249,210382.5402,1.479224377,1.301939058
91,22,16.48148148,31.93231162,0.288633461,0.126436782,0.126436782,520.0702427,66.24265645,15.7688378,4.104725415,0.401021711,1.100893997,17.66155811,13.15070243,1.939974457,1.042145594,27.21455939,6.782886335,16.31162197,30.75478927,2.722860792,3.567049808,2.343550447,0.001277139,0.002554278,220415.3129,1.446998723,1.283524904
91,23,17.01657459,32.96685083,0.309392265,0,0,5205.060773,15.78453039,16.37016575,4.574585635,0.403314917,1.132596685,18.82872928,12.78453039,1.624309392,1.143646409,26.24309392,7.016574586,18.15469613,32.97237569,2.430939227,1.861878453,2.403314917,0.005524862,0.005524862,230092.5856,1.464088398,1.475138122
91,24,13.19554849,28.79968203,0,0,0,970.2384738,70.42766296,15.68680445,4.200317965,0.240063593,1.103338633,18.25755167,13.21621622,1.853736089,1.082670906,28.7154213,6.880763116,12.66931638,29.46104928,2.585055644,2.325914149,2.108108108,0.00317965,0,240327.3498,1.488076312,1.166931638
91,25,43.81960784,50.57647059,0.029411765,0,0,721.8196078,16.18823529,16.16078431,4.064705882,0.374509804,1.082352941,18.4254902,12.33137255,1.968627451,0.937254902,27.7254902,6.741176471,44.04313725,50.35098039,2.468627451,2.637254902,2.798039216,0.003921569,0,250260.4157,1.411764706,1.282352941
91,26,27.86247086,41.65345765,0.212898213,0,0,885.5679876,101.1383061,15.59129759,4.286713287,0.441336441,1.104118104,16.82051282,13.43822844,1.808080808,1.411810412,28.94172494,6.697746698,26.05361305,40.37529138,2.641025641,2.231546232,2.623154623,0.003885004,0,260650.0528,1.540792541,1.335664336
91,27,24.03411514,38.53304904,0,0,0,1506.004264,85.8869936,15.04051173,4.230277186,0.402985075,1.132196162,13.78251599,14.14498934,1.833688699,1.44989339,29.81449893,6.801705757,21.40298507,36.28144989,2.701492537,4.42217484,1.997867804,0.006396588,0.18336887,270243.6738,1.55010661,1.614072495
91,28,10.57755776,24.75742574,0,0,0,235.2392739,80.18481848,15.90429043,4.308580858,0.341584158,1.178217822,18.5709571,12.61551155,1.693069307,1.132013201,29.04125413,6.813531353,10.68646865,23.90594059,2.567656766,5.622112211,3.127062706,0,0,280316.2558,1.448844884,1.199669967
91,29,11.7803532,29.20309051,0.431567329,0.01986755,0,1561.788079,130.3543046,15.94370861,4.239514349,0.431567329,1.11589404,18.80242826,13.55187638,1.677704194,1.146799117,28.17328918,7.066225166,11.82119205,29.70309051,2.469094923,4.885209713,2.409492274,0.004415011,0.002207506,290458.8157,1.5,1.263796909
91,30,11.18604651,24.53488372,0.186046512,0,0,35.29069767,48.31395349,15.18604651,4.569767442,0.505813953,1.162790698,11.87209302,12.51744186,1.645348837,0.715116279,25.6627907,7.139534884,11.08139535,25.55232558,2.441860465,1,3.25,0,0.255813953,300091.4012,1.348837209,1.203488372
91,31,14.96694215,29.10743802,0.260330579,0,0,614.4338843,87.30578512,15.69421488,4.483471074,0.400826446,1.136363636,13.95041322,13.27272727,1.710743802,1.359504132,28.64049587,6.780991736,14.75619835,29.40082645,2.599173554,13.50826446,2.342975207,0,0.012396694,310127.9091,1.504132231,1.301652893
91,32,52.4559387,58.40613027,0.275862069,0,0,44.73563218,29.56704981,16.01149425,4.141762452,0.471264368,1.141762452,11.89272031,13.04597701,1.835249042,0.766283525,27.0651341,6.524904215,54.90804598,60.18390805,2.77394636,1,2.536398467,0,0.030651341,320131.8812,1.413793103,1.126436782
91,33,12.08888889,25.12592593,0,0,0,427.9481481,10.92592593,15.82962963,4.081481481,0.355555556,1.066666667,19.97777778,13.32592593,1.777777778,0.896296296,27.88888889,6.940740741,11.59259259,22.97777778,2.42962963,1,3.051851852,0,0,330070.4963,1.414814815,1.57037037
91,34,90.4531886,92.46811398,0.071913161,0,0,1247.530529,18.76933514,15.18317503,4.037991859,0.28358209,1.062415197,17.18860244,12.44776119,1.971506106,1.066485753,29.56173677,6.7421981,89.84803256,91.63636364,2.721845319,1.044776119,2.021709634,0.002713704,0.014925373,340397.9294,1.497964722,1.215739484
91,35,23.47867299,34.96682464,0.191943128,0,0,184.3696682,29.26303318,15.95971564,4.291469194,0.436018957,1.111374408,12.59241706,13.52843602,1.848341232,0.774881517,26.94549763,6.924170616,23.53554502,34.57582938,2.744075829,3.004739336,2.646919431,0.002369668,0.085308057,350213.5474,1.336492891,1.210900474
91,36,47.75478927,56.88560482,0.273672687,0.010399562,0,1970.371648,63.53530378,16.04324028,4.114395183,0.282977559,1.099069513,16.96770662,13.22276957,1.968253968,1.021893815,27.61959496,6.78817734,47.60481664,56.68144499,2.680350301,1.410509031,2.308702791,0.004378763,0.022988506,360940.6836,1.457580733,1.296661193
91,37,16.86644683,33.22506183,0,0,0,657.2901896,100.915911,15.44765045,4.224237428,0.384171476,1.12860676,18.72877164,12.98351195,1.794723825,1.112118714,27.68920033,6.845836768,97.72382523,97.95877988,2.784830998,4.262984336,2.056059357,0.002473207,0,370616.9143,1.483924155,1.258037923
91,38,12.68604651,31.23255814,0.290697674,0,0,153.7209302,60.6744186,16.41860465,4.395348837,0.453488372,1.093023256,12.25581395,11.8255814,1.697674419,0.872093023,25.02325581,7.418604651,11.62790698,27.89534884,2.197674419,8.38372093,3.511627907,0,0.523255814,380045.0581,1.290697674,1.453488372
91,39,88.50447967,90.56237078,0.052377671,0,0,1260.140593,86.58028946,15.85802895,4.340454859,0.323914542,1.127498277,19.50310131,12.08063405,1.799448656,1.230875258,27.13094418,6.805651275,88.25499655,90.30530669,2.516884907,5.844934528,3.566505858,0.00068918,0.005513439,390759.6788,1.483804273,1.266712612
91,40,21.42831216,36.16515426,0.297640653,0,0,1177.564428,86.34482759,16.00181488,4.286751361,0.411978221,1.183303085,19.00907441,12.90744102,1.671506352,1.228675136,26.45372051,6.511796733,21.73139746,35.72232305,2.727767695,6.55353902,2.221415608,0.00907441,0,400283.2033,1.471869328,1.157894737
91,41,12.54846336,27.09219858,0.803782506,0.34751773,0.234042553,366.3498818,37.25531915,16.17730496,4.338061466,0.46572104,1.139479905,15.5248227,16.67612293,2.007092199,0.940898345,29.46572104,6.68321513,12.44208038,26.55082742,2.791962175,1.985815603,2.48463357,0.007092199,0.087470449,410222.6738,1.458628842,1.494089835
91,42,38.04039735,49.91456954,0.20794702,0.009271523,0,1416.366225,63.94039735,15.72847682,4.10794702,0.40794702,1.1,20.21456954,12.43377483,1.852980132,1.053642384,28.16225166,6.858940397,37.2013245,49.54370861,2.624503311,2.201986755,2.849006623,0.002649007,0.005960265,420767.5609,1.5,1.339072848
91,44,12.0952381,27.03571429,1.011904762,0.178571429,0,622.452381,6.142857143,17.47619048,4.202380952,0.488095238,1.047619048,18.98809524,11.86904762,1.94047619,1.214285714,29.6547619,7.452380952,11.98809524,29.22619048,2.226190476,1,2.452380952,0,0,440042.7619,1.428571429,1.142857143
91,45,19.15335868,34.24968314,0.496831432,0,0,339.8859316,47.22053232,15.50570342,4.461343473,0.384030418,1.128010139,17.92902408,12.7338403,1.721166033,1.416983523,26.29531052,6.533586819,13.07604563,28.67680608,2.560202788,4.087452471,2.688212928,0.005069708,0.002534854,450407.8847,1.461343473,1.124207858
91,46,11.56153846,26.47692308,6.223076923,5.330769231,5.330769231,373.7230769,74.6,15.77692308,4.507692308,0.4,1.1,14.53076923,14.50769231,1.869230769,0.938461538,29.28461538,6.661538462,11.39230769,25.08461538,2.430769231,1,2.492307692,0,0.507692308,460067.7923,1.346153846,1.492307692
91,47,53.36826347,61.89021956,0.424151697,0.002994012,0.003992016,526.3862275,95.84630739,15.38722555,4.328343313,0.483033932,1.110778443,19.90319361,15.33532934,1.844311377,1.012974052,28.71756487,6.713572854,53.28043912,62.4251497,2.457085828,2.532934132,3.146706587,0.000998004,0.008982036,470521.025,1.441117764,1.270459082
91,48,14.11679644,28.52131999,0.642565814,0.012235818,0,1898.340749,231.7893956,15.49499444,4.239154616,0.434927697,1.141268076,14.82461995,12.63737486,1.964775677,1.110863923,26.90137189,6.650352243,14.40007416,28.47942158,2.785317019,5.914349277,2.200593252,0.003337041,0,481357.8183,1.473489062,1.197626993
91,49,32.41921397,45.36681223,0,0,0,757.5196507,35.79475983,15.6419214,3.995633188,0.301310044,1.183406114,11.76419214,14.17467249,1.698689956,1.069868996,26.48034934,6.864628821,30.73799127,42.29694323,3.209606987,10.10480349,2.3930131,0.004366812,0.004366812,490122.7511,1.602620087,2.021834061
91,50,16.17,29.84,0.12,0,0,600.08,16.78,14.09,4.1,0.49,1.1,19.26,16.73,1.51,1.14,30.18,6.84,16.83,28.72,2.44,1,2.47,0,0.04,500055.65,1.41,1.36
91,51,99,99,0.041420118,0,0,369.1763314,218.791716,15.5704142,4.377514793,0.392899408,1.121893491,19.66153846,12.88047337,1.732544379,1.04852071,26.77751479,6.983431953,99,99,2.423668639,2.473372781,3.066272189,0.002366864,0.013017751,510431.9858,1.431952663,1.146745562
91,53,12.31395349,27.02990033,0.481727575,0,0,413.9584718,43.10299003,15.49667774,4.252491694,0.579734219,1.132890365,16.19767442,12.56644518,1.8089701,1.034883721,27.25913621,6.762458472,12.40697674,28.33388704,2.734219269,2.546511628,2.591362126,0.006644518,0.179401993,530320.7425,1.490033223,1.338870432
91,54,13.08894879,29.25876011,0.363881402,0.051212938,0,277.4070081,52.09973046,15.12668464,4.145552561,0.460916442,1.115902965,17.86792453,14.54986523,1.773584906,0.994609164,29.16172507,6.948787062,12.49865229,28.19946092,2.587601078,1.223719677,2.485175202,0.002695418,0,540190.876,1.433962264,1.307277628
91,55,14.34564254,30.67651403,0.385524372,0.036927622,0,661.3131462,75.28212703,15.3648449,4.192023634,0.446085672,1.177252585,16.33973412,13.35745938,1.661742984,1.353028065,29.49483013,6.791728213,13.31610044,31.10044313,2.728212703,3.125553914,2.373707533,0.00295421,0.019202363,550345.6573,1.542097489,1.463810931
91,56,11.42307692,26.94230769,0.240384615,0,0,61.73076923,22.82692308,16.26923077,3.932692308,0.423076923,1.173076923,14.51923077,15.375,1.596153846,0.740384615,28.43269231,7.173076923,11.36538462,27.33653846,2.471153846,4.788461538,2.692307692,0,0.326923077,560054.4135,1.278846154,1.298076923
92,1,13.67100977,30.3257329,0.191096634,0,0,642.1704669,74.99565689,15.57111835,4.317046688,0.35504886,1.119435396,19.01302932,12.99457112,1.745928339,1.1834962,26.45276873,6.414766558,41.69489685,52.4267101,2.576547231,4.731813246,3.167209555,0.001085776,0,10467.40499,1.483170467,1.203040174
92,2,13.06741573,28.59550562,0.235955056,0,0,468.752809,139.9101124,14.41573034,4.359550562,0.539325843,1.213483146,13.12359551,16.85393258,2.258426966,1.112359551,31.76404494,7.101123596,12.84269663,28.96629213,2.988764045,10.05617978,2.449438202,0.02247191,0.011235955,20045,1.415730337,1.696629213
92,4,40.50499287,51.66904422,0.171184023,0,0,183.2068474,13.94864479,15.58345221,4.141226819,0.366619116,1.154065621,12.71184023,13.00998573,1.840228245,1.148359486,27.79600571,6.592011412,36.63766049,47.43081312,3.081312411,1.589158345,1.978601997,0.005706134,0.40085592,40362.42939,1.500713267,1.208273894
92,5,18.31640625,32.75976563,0.13671875,0.01171875,0,766.7402344,79.42578125,15.59179688,4.330078125,0.751953125,1.1484375,17.15429688,12.75,1.63671875,1.296875,26.65039063,6.63671875,18.67773438,32.45898438,2.822265625,6.3203125,2.12109375,0.001953125,0,50264.75,1.513671875,1.248046875
92,8,25.34591195,36.79454927,0.528301887,0,0,355.8951782,52.70649895,15.18238994,4.444444444,0.477987421,1.094339623,15.42976939,13.37526205,1.844863732,0.983228512,25.50104822,6.813417191,25.18658281,37.11740042,2.664570231,3.226415094,2.775681342,0,0.01048218,80241.42977,1.448637317,1.266247379
92,9,12.26315789,29.19924812,0.721804511,0.052631579,0,512.537594,6.496240602,15.67669173,4.142857143,0.406015038,1.112781955,18.81203008,12.94360902,1.981203008,1.191729323,28.66917293,7.082706767,12.60902256,28.64285714,2.729323308,1.823308271,2.214285714,0.015037594,0,90135.33083,1.522556391,1.42481203
92,10,13.74576271,27.78813559,0.161016949,0,0,15.05932203,2.93220339,15.80508475,4.296610169,0.389830508,1.186440678,17.62711864,12.72881356,1.677966102,1.5,30.73728814,7.237288136,13.48305085,30.83898305,2.711864407,5.288135593,2.13559322,0.008474576,0,100064.9915,1.661016949,1.271186441
92,11,9.893617021,36.12765957,0.425531915,0,0,10,1,17.38297872,4.170212766,0.191489362,1.063829787,15.80851064,10.21276596,2.29787234,1.063829787,30.70212766,6.510638298,9.829787234,33.14893617,2.85106383,1,1.765957447,0,0.191489362,110024,1.425531915,1.510638298
92,12,25.78018433,39.79447005,0.180645161,0,0,733.759447,63.30046083,16.16589862,4.166820276,0.392165899,1.11843318,14.67834101,14.15437788,1.912442396,1.419815668,28.03870968,6.598617512,25.65483871,39.04147465,2.987096774,2.27235023,1.974654378,0.003686636,0.016129032,121135.1194,1.566820276,1.194470046
92,13,16.07516892,30.88766892,0.220439189,0.016047297,0,662.1570946,142.5126689,15.78716216,4.225506757,0.291385135,1.110641892,17.91638514,14.3589527,1.659628378,1.217905405,28.67652027,6.678209459,15.76013514,30.76351351,2.504222973,4.201013514,2.728885135,0.004222973,0.012668919,130616.6841,1.525337838,1.228885135
92,15,12.82786885,29.7295082,0.114754098,0,0,3230.286885,3.983606557,16.6147541,4.196721311,0.475409836,1.057377049,18.00819672,12.5,2.057377049,0.87704918,28.82786885,6.696721311,12.36065574,31.45081967,2.663934426,1,2.278688525,0,0,150062.2951,1.393442623,1.106557377
92,16,12.92270531,27.42028986,0.246376812,0,0,108.3574879,39.82125604,17.85990338,4.314009662,0.333333333,1.173913043,14.29468599,13.90338164,1.719806763,1,27.38164251,6.724637681,13.09178744,28.647343,2.893719807,8.632850242,2.487922705,0,0.173913043,160105.6618,1.439613527,1.265700483
92,17,16.18094476,40.85508407,0.048038431,0,0,1603.238591,87.55404323,15.56204964,4.231385108,0.416333066,1.108086469,16.82305845,12.00880705,1.920736589,1.176941553,27.81104884,6.863891113,12.55244195,30.03522818,2.725380304,4.142514011,2.200960769,0.008006405,0,170637.9848,1.512409928,1.325060048
92,18,17.99121706,33.55834379,0.378920954,0.026348808,0,624.8707654,87.84818068,15.73525721,4.249686324,0.373902133,1.130489335,17.56587202,13.86449184,1.735257215,1.43161857,27.83563363,6.808030113,18.00627353,33.45796738,2.767879548,7.550815558,2.594730238,0.005018821,0,180410.9423,1.569636136,1.316185696
92,19,14.12113402,31.01804124,0.505154639,0,0,1123.793814,103.7989691,15.63659794,4.159793814,0.368556701,1.12628866,14.60824742,15.06701031,1.835051546,1.471649485,27.80927835,6.515463918,12.45618557,28.69845361,2.628865979,4.432989691,2.12371134,0,0.007731959,190198.6289,1.56443299,1.536082474
92,20,12.69436202,27.59050445,0.017804154,0,0,955.3531157,115.8961424,16.03264095,4.258160237,0.421364985,1.148367953,16.03264095,14.4925816,1.721068249,1.293768546,28.63204748,6.96735905,12.77744807,29.91394659,2.640949555,9.34421365,2.222551929,0.002967359,0.03264095,200179.7537,1.540059347,1.183976261
92,21,16.55431755,31.87743733,0.445682451,0.275766017,0.275766017,799.1545961,115.2924791,15.76462396,4.129526462,0.394150418,1.135097493,19.34679666,12.85236769,1.682451253,1.136490251,26.84958217,7.011142061,16.26462396,31.52089136,2.722841226,3.611420613,2.605849582,0.002785515,0.002785515,210383.5223,1.497214485,1.325905292
92,22,19.45580808,34.7260101,0.277777778,0,0,399.4570707,62.13510101,15.65025253,4.227272727,0.388888889,1.118686869,18.16792929,12.90277778,1.900252525,0.957070707,25.92676768,6.670454545,18.5530303,32.9520202,2.669191919,7.95959596,2.529040404,0.003787879,0.01010101,220420.6452,1.417929293,1.27020202
92,23,14.56613757,30.51322751,0.328042328,0,0,5649.015873,16.01587302,16.63492063,4.19047619,0.402116402,1.132275132,20.4973545,13.87830688,1.793650794,0.904761905,27.01058201,6.656084656,14.64021164,30.13756614,2.62962963,1.164021164,2.555555556,0.005291005,0,230099.7566,1.386243386,1.423280423
92,24,13.2380137,29.27226027,0,0,0,849.5496575,65.06849315,15.98630137,4.169520548,0.273972603,1.128424658,18.63527397,13.30136986,1.919520548,1.193493151,28.87157534,6.994863014,12.88013699,29.72260274,2.558219178,2.381849315,2.275684932,0.006849315,0.030821918,240305.9075,1.52739726,1.260273973
92,25,24.74565217,35.9826087,0.041304348,0,0,760.3413043,16.09130435,15.30652174,4.252173913,0.376086957,1.054347826,19.94130435,12.61086957,2.091304348,0.839130435,27.55,6.384782609,27.6,37.76956522,2.486956522,1,2.952173913,0,0,250234.537,1.458695652,1.465217391
92,26,25.93384224,39.25869381,0.190839695,0,0,837.6607294,102.5606446,15.57675997,4.260390161,0.39100933,1.102629347,16.85750636,13.65224767,1.855810008,1.378286684,28.1942324,6.966072943,24.87192536,38.86259542,2.826123834,3.958439355,2.489397795,0.003392706,0,260605.0161,1.555555556,1.405428329
92,27,28.55060729,41.22874494,0,0,0,1497.048583,84.94331984,15.46963563,4.25708502,0.402834008,1.17611336,14.62753036,13.61538462,1.771255061,1.447368421,28.89878543,7.319838057,25.48380567,38.46356275,2.649797571,2.548582996,2.103238866,0.002024291,0.127530364,270253.5466,1.524291498,1.520242915
92,28,10.71802773,24.91371341,0.029275809,0,0,261.0939908,80.78428351,15.70416025,4.211093991,0.351309707,1.18027735,18.72881356,12.71494607,1.747303544,1.016949153,27.81355932,6.36825886,10.69491525,24.67180277,2.442218798,4.158705701,3.348228043,0.001540832,0,280333.2465,1.409861325,1.237288136
92,29,11.79061785,28.7402746,0.480549199,0,0,1773.592677,135.2620137,15.2826087,4.288329519,0.387871854,1.127002288,17.88215103,12.69336384,1.624713959,1.161327231,27.33638444,6.83409611,11.74370709,28.23340961,2.47597254,3.042334096,2.362700229,0.001144165,0,290442.7952,1.538901602,1.251716247
92,30,11.80232558,26.9127907,0.610465116,0,0,39.77906977,53.96511628,15.54069767,4.104651163,0.558139535,1.11627907,12.86627907,12.19767442,1.674418605,0.686046512,24.54069767,7.034883721,12.0755814,26.54651163,2.412790698,1.203488372,3.470930233,0,0.424418605,300089.6279,1.296511628,1.151162791
92,31,13.65765766,26.8963964,0.207207207,0,0,880.6756757,85.1981982,15.98648649,4.013513514,0.346846847,1.211711712,14.54504505,14.10810811,1.797297297,1.324324324,26.91891892,6.594594595,12.9009009,26.69369369,2.743243243,7.945945946,2.540540541,0.004504505,0.067567568,310112.7072,1.495495495,1.36036036
92,32,19.71806167,31.85022026,0.176211454,0,0,45.12334802,18.46255507,15.64757709,4.27753304,0.400881057,1.118942731,11.21585903,12.98237885,1.797356828,0.916299559,26.48017621,6.656387665,21.42731278,34.22026432,2.748898678,1.004405286,2.286343612,0.004405286,0.030837004,320115.7225,1.40969163,1.052863436
92,33,11.13636364,23.34545455,0.063636364,0,0,372.0727273,10.96363636,16.39090909,4.236363636,0.263636364,1.109090909,17.53636364,13.17272727,1.627272727,1.163636364,27.69090909,6.881818182,11.02727273,23.50909091,2.518181818,1,2.754545455,0,0,330056.5,1.463636364,1.472727273
92,34,94.37752161,95.19308357,0.157060519,0,0,1228.590778,18.92074928,15.1815562,4.162824207,0.265129683,1.099423631,17.60806916,13.0648415,1.972622478,1.109510086,28.29682997,6.819884726,94.79682997,95.44956772,2.772334294,1,2.082132565,0.005763689,0,340413.1571,1.491354467,1.338616715
92,35,54.44221106,59.93718593,0.052763819,0,0,115.5201005,28.20351759,15.56532663,4.128140704,0.484924623,1.155778894,12.52512563,14.47487437,1.844221106,0.871859296,28.05276382,6.824120603,54.5879397,58.96733668,3.01758794,1.185929648,2.623115578,0.002512563,0.148241206,350200.3442,1.379396985,1.155778894