YEAR,STATE,ARR_HOUR,ARR_MIN,CF1,CF2,CF3,CITY,COUNTY,DAY,DAY_WEEK,DRUNK_DR,FATALS,HARM_EV,HOUR,LGT_COND,MAN_COLL,MINUTE,MONTH,NOT_HOUR,NOT_MIN,PERSONS,RAIL,REL_ROAD,SCH_BUS,SP_JUR,ST_CASE,VE_FORMS,WEATHER
94,25,25.2691358,36.18765432,0.437037037,0,0,766.3037037,16.08148148,15.2691358,4.271604938,0.348148148,1.086419753,17.87654321,12.92098765,1.985185185,0.962962963,27.51358025,7.150617284,25.47654321,36.16296296,2.377777778,1,2.155555556,0.004938272,0.004938272,250206.7506,1.461728395,1.259259259
94,26,28.57594937,41.36708861,0.289556962,0,0,898.6257911,100.3797468,15.67246835,4.119462025,0.379746835,1.124208861,16.36867089,12.9960443,1.818037975,1.494462025,27.83227848,6.973892405,27.19778481,40.51344937,2.771360759,2.568829114,2.361550633,0.002373418,0,260642.8884,1.613924051,1.284018987
94,27,44.83876812,54.32789855,0.047101449,0,0,1538.751812,83.75362319,15.79891304,4.22826087,0.378623188,1.170289855,14.16666667,13.86050725,1.677536232,1.548913043,28.94202899,7.067028986,35.26449275,46.95471014,2.811594203,3.574275362,1.940217391,0.005434783,0.130434783,270283.7192,1.557971014,1.445652174
94,28,10.86937591,23.89404935,0.056603774,0,0,278.1988389,81.47895501,15.55007257,4.23222061,0.323657475,1.148040639,18.81857765,13.57764877,1.686502177,1.197387518,29.10885341,6.595065312,12.5616836,23.21770682,2.625544267,5.535558781,2.991291727,0.002902758,0.005805515,280349.4267,1.502177068,1.29317852
94,29,12.90496304,29.70221753,0.316789863,0.104540655,0.104540655,1650.595565,139.6473073,15.87434002,4.243928194,0.386483633,1.149947202,17.90496304,13.28088701,1.639915523,1.187961985,28.15205913,6.847940866,12.83632524,29.67793031,2.692713833,4.439281943,2.394931362,0.001055966,0.001055966,290480.3949,1.529039071,1.230200634
94,30,14.14285714,29.46703297,0.208791209,0,0,29.06593407,52.17582418,15.09340659,3.994505495,0.516483516,1.10989011,10.93956044,12.65934066,1.576923077,0.906593407,26.45604396,6.967032967,13.6978022,30.17582418,2.60989011,1,3.137362637,0,0.56043956,300093.3571,1.357142857,1.186813187
94,31,15.37991266,30.29694323,0.650655022,0,0,852.5327511,90.1441048,16.07860262,4.013100437,0.419213974,1.183406114,14.6768559,14.16593886,1.650655022,1.427947598,28.4628821,6.502183406,16.20960699,32.41921397,2.698689956,13.13537118,2.270742358,0,0.013100437,310117.048,1.541484716,1.318777293
94,32,19.03308824,33.00735294,0.419117647,0,0,31.57720588,14.79411765,15.42647059,4.125,0.360294118,1.080882353,11.04044118,12.96323529,1.669117647,0.819852941,28.21691176,6.705882353,18.91911765,32.72794118,2.658088235,1,2.102941176,0,0.007352941,320136.6912,1.363970588,1.091911765
94,33,13.88571429,28.18095238,0.552380952,0,0,475.6190476,11.76190476,14.8952381,4.028571429,0.342857143,1.133333333,18.22857143,13.01904762,1.676190476,1.038095238,29.07619048,6.828571429,15.40952381,29.99047619,2.457142857,1,2.047619048,0,0,330055.0952,1.40952381,1.371428571
94,34,96.04775687,96.48769899,0.111432706,0,0,1144.219971,18.20984081,16.01157742,4.017366136,0.256150507,1.10130246,17.77858177,12.57018813,1.921852388,1.02170767,29.2170767,6.842257598,95.74095514,96.25325615,2.625180897,2.170767004,2.052098408,0.001447178,0.004341534,340369.0058,1.463096961,1.214182344
94,35,81.64690722,82.07474227,0.136597938,0,0,210.2474227,26.30927835,15.74742268,4.231958763,0.425257732,1.152061856,11.50773196,14.12886598,1.804123711,0.881443299,26.94845361,6.902061856,81.63659794,82.25257732,2.858247423,1.902061856,2.489690722,0,0.213917526,350196.1521,1.37628866,1.201030928
94,36,47.86597267,57.73649967,0.497722837,0.012361744,0,1711.50488,62.55237476,15.81847755,4.099544567,0.232270657,1.09173715,16.45152895,12.98763826,1.857514639,1.108002602,27.67534157,7.145087833,47.27976578,57.11255693,2.821080026,1.877033182,2.288874431,0.004554327,0.018217306,360775.9148,1.500325309,1.331164606
94,37,14.31897927,30.11483254,0.172248804,0,0,633.8899522,103.4960128,15.42822967,4.054226475,0.299043062,1.141148325,18.64832536,12.37480064,1.762360447,1.177033493,26.33492823,6.792663477,98.70972887,98.77432217,2.724082935,3.149920255,2.041467305,0,0.009569378,370633.0271,1.515948963,1.234449761
94,38,25.27631579,37.39473684,0.828947368,0,0,346.7763158,61.65789474,15.43421053,4.144736842,0.434210526,1.157894737,13.05263158,13.13157895,1.631578947,1.460526316,28.43421053,7.552631579,25.06578947,37.93421053,2.710526316,2.157894737,2.407894737,0,0.605263158,380038.5,1.434210526,1.407894737
94,39,40.63380282,51.16487158,0.425020713,0.246064623,0.246064623,1138.524441,90.46396023,15.52775476,4.178956089,0.272576636,1.135045568,18.0024855,12.92129246,1.698425849,1.496271748,27.1913836,6.927091964,41.03893952,51.18724109,2.69925435,5.594034797,2.657829329,0.002485501,0,390615.4151,1.584921292,1.289975145
94,40,33.56765677,45.57920792,0.280528053,0,0,1151.490099,85.92079208,15.77062706,4.181518152,0.354785479,1.133663366,18.93729373,12.85808581,1.709570957,1.207920792,26.22277228,6.635313531,34.01320132,45.85808581,2.475247525,6.166666667,2.254125413,0.001650165,0.001650165,400308.1073,1.47029703,1.198019802
94,41,13.22799097,28.2979684,1.072234763,0.223476298,0.223476298,391.496614,37.07674944,16.3724605,4.25282167,0.390519187,1.115124153,16.74266366,15.1489842,1.801354402,0.963882619,30.00677201,6.704288939,13.12866817,27.59819413,2.613995485,2.735891648,2.733634312,0,0.126410835,410233.0361,1.406320542,1.44469526
94,42,28.82727273,42.36515152,0.388636364,0.075,0.075,1548.39697,64.42424242,15.70075758,4.302272727,0.351515152,1.091666667,18.65,12.5219697,1.753030303,1.184090909,27.94924242,7.021969697,28.54393939,42.08484848,2.593939394,1.575,2.598484848,0.00530303,0.002272727,420665.2811,1.553787879,1.265151515
94,44,13.22580645,27.80645161,2.629032258,0,0,945.5483871,6.161290323,15.19354839,4.161290323,0.35483871,1.016129032,16.9516129,13.12903226,2.129032258,0.983870968,28.48387097,7.032258065,13.12903226,28.58064516,2.709677419,1,2.370967742,0,0,440032.8871,1.435483871,1.322580645
94,45,14.48605578,30.41832669,0.701195219,0.290836653,0.262948207,452.9628154,49.50066401,15.75298805,4.250996016,0.199203187,1.124833997,18.54581673,12.40504648,1.725099602,1.484727756,26.85790173,6.749003984,12.59229748,29.07569721,2.756972112,5.144754316,2.833997344,0.003984064,0.046480744,450385.745,1.484727756,1.124833997
94,46,12.61702128,27.71631206,1.028368794,0.85106383,0.70212766,343.3900709,73.96453901,15.75886525,4.361702128,0.411347518,1.092198582,13.43262411,15.31914894,1.744680851,0.90070922,28.26950355,7.375886525,12.89361702,28.80141844,2.546099291,1.368794326,2.382978723,0.007092199,0.276595745,460071.0213,1.354609929,1.609929078
94,47,43.34896303,55.1361587,0.449053201,0.027051398,0,620.8926961,99.33543733,15.50946799,4.19657349,0.376014427,1.094679892,19.2786294,14.0883679,1.761045987,1.183047791,28.78719567,6.954012624,43.30568079,54.56717764,2.504959423,2.913435528,2.824165915,0.000901713,0.00270514,470573.0938,1.486925158,1.251577998
94,48,11.76635174,23.57921512,0.470930233,0.005087209,0,1773.855378,230.8764535,15.56140988,4.18059593,0.395348837,1.15806686,15.29651163,12.78452035,1.849563953,1.169331395,27.01853198,6.567223837,11.76780523,23.42768895,2.835392442,5.78997093,2.127543605,0.002543605,0.000363372,481377.6235,1.500363372,1.20494186
94,49,31.27483444,44.50662252,0,0,0,914.3741722,31.48344371,15.42715232,4.165562914,0.248344371,1.135761589,11.83443709,13.45033113,1.754966887,1.01986755,26.71192053,6.98013245,26.77152318,39.86092715,2.930463576,13.16225166,2.536423841,0,0.003311258,490151.5,1.427152318,1.19205298
94,50,14.94202899,35.36231884,0.797101449,0,0,922.2608696,16.10144928,17,4.028985507,0.434782609,1.115942029,17.57971014,13.95652174,1.550724638,1.144927536,22.92753623,7.405797101,14.86956522,30.37681159,2.565217391,1,2.304347826,0,0,500035.971,1.52173913,1.47826087
94,51,99,99,0.143719807,0.119565217,0.119565217,313.6135266,213.5338164,15.75120773,4.1352657,0.338164251,1.123188406,19.4384058,13.1763285,1.655797101,1.055555556,27.56642512,7.050724638,99,99,2.457729469,2.327294686,2.992753623,0,0.004830918,510429.2077,1.439613527,1.177536232
94,53,12.99826087,29.40695652,0.490434783,0,0,403.6034783,44.93043478,15.01913043,4.292173913,0.464347826,1.113043478,15.58608696,13.48695652,1.80173913,1.123478261,28.50956522,6.92173913,12.67130435,28.6226087,2.714782609,1.544347826,2.419130435,0,0.196521739,530297.0922,1.500869565,1.293913043
94,54,12.51818182,28.96363636,0.2,0.054545455,0,292.5969697,50.78787879,15.83939394,3.981818182,0.4,1.078787879,17.3030303,14.37575758,1.633333333,1.081818182,28.85454545,7.054545455,12.41515152,29.78181818,2.575757576,1.593939394,2.303030303,0.003030303,0,540166.8152,1.496969697,1.363636364
94,55,15.32797428,30.50803859,0.405144695,0.067524116,0,775.6832797,76.2073955,16.27009646,4.218649518,0.411575563,1.144694534,16.82636656,14.59324759,1.768488746,1.409967846,30.20257235,6.70096463,13.90675241,30.21382637,2.628617363,4.331189711,2.266881029,0.004823151,0.014469453,550315.8392,1.585209003,1.459807074
94,56,13.41538462,28.13076923,0.746153846,0,0,68.34615385,22.96923077,14.58461538,4.361538462,0.461538462,1.107692308,12.39230769,18.63846154,1.784615385,0.553846154,30.36153846,6.9,12.6,29.8,2.4,1,2.638461538,0,0.261538462,560068.0923,1.269230769,1.384615385
95,1,13.44298688,28.36125126,0.269424823,0.019172553,0,548.6014127,73.37537841,15.36125126,4.247225025,0.339051463,1.124117053,18.78607467,12.87184662,1.715438951,1.269424823,27.0443996,6.70332997,91.65792129,92.49344097,2.61654894,5.23814329,3.079717457,0,0.018163471,10501.22099,1.542885974,1.202825429
95,2,24.34666667,35.92,0.346666667,0,0,961.52,114.72,17.13333333,3.893333333,0.52,1.16,12.96,13.49333333,1.946666667,0.92,25.93333333,7.093333333,23.04,36.01333333,2.92,2,2.306666667,0.013333333,0,20039.12,1.453333333,1.506666667
95,4,49.00981461,58.90512541,1.113413304,0.369683751,0.323882225,284.5932388,13.97273719,15.75354417,4.200654308,0.319520174,1.12868048,14.58996728,15.51908397,2.122137405,1.329334787,29.47219193,6.911668484,46.74263904,55.61286805,3.163576881,2.351145038,2.647764449,0.001090513,0.514721919,40470.51363,1.54089422,1.588876772
95,5,14.17472119,29.41635688,0.379182156,0,0,652.1654275,78.44237918,16.01115242,4.195167286,0.317843866,1.172862454,17.76022305,13.44237918,1.652416357,1.219330855,27.06505576,7.07063197,13.47026022,27.5,2.605947955,9.589219331,2.156133829,0,0.003717472,50274.21375,1.49070632,1.334572491
95,8,20.8951049,35.7534965,0.316433566,0,0,298.3758741,53.70629371,15.9020979,4.167832168,0.41958042,1.127622378,15.86713287,12.93006993,1.772727273,1.020979021,28.18881119,7.11013986,20.11188811,36.16083916,2.797202797,2.550699301,2.751748252,0.001748252,0.054195804,80286.5,1.484265734,1.288461538
95,9,15.86062718,33.48780488,0.916376307,0.076655052,0,435.4320557,6.177700348,16.67247387,4.432055749,0.393728223,1.104529617,20.38327526,12.70731707,2.06271777,0.850174216,29.59233449,6.421602787,15.69686411,32.43902439,2.445993031,2.756097561,2.421602787,0,0,90144.79094,1.414634146,1.341463415
95,10,12.54464286,31.65178571,0.375,0,0,31.10714286,3.303571429,15.28571429,4.151785714,0.303571429,1.080357143,15.6875,12.28571429,1.6875,1.276785714,28.28571429,7.285714286,12.45535714,30.02678571,2.910714286,2,2.535714286,0.008928571,0,100059.8393,1.535714286,1.071428571
95,11,13.5,23.90740741,1.018518519,0,0,9.814814815,1,14.72222222,4.388888889,0.240740741,1.074074074,18.5,13.37037037,2.12962963,1.333333333,23.96296296,6.62962963,13.42592593,22.24074074,2.685185185,9.018518519,1.759259259,0,0.074074074,110030.0741,1.518518519,1.148148148
95,12,28.02592302,41.48664572,0.289473684,0,0,790.3798115,64.38963079,15.60565593,4.166928515,0.306362922,1.101728201,14.89787903,13.62097408,1.923802042,1.498821681,27.9666143,6.479183032,28.12411626,41.55459544,2.886095837,3.476826394,1.948153967,0.003142184,0.006284368,121295.227,1.572270228,1.159858602
95,13,13.71642911,28.86571643,0.56264066,0.030757689,0,557.4853713,143.2010503,15.57014254,4.183795949,0.294823706,1.11627907,17.90172543,13.23405851,1.653413353,1.290322581,29.27231808,6.702175544,13.55138785,28.98874719,2.759189797,4.415603901,2.628657164,0.00300075,0.011252813,130686.3181,1.581395349,1.274568642
95,15,11.9338843,30.10743802,0,0,0,4297.421488,3.512396694,15.2231405,3.983471074,0.438016529,1.074380165,17.53719008,11.97520661,2.074380165,0.818181818,24.29752066,6.537190083,11.81818182,27.03305785,2.487603306,2,2.297520661,0,0.049586777,150062.2314,1.314049587,1.140495868
95,16,16.527897,29.98283262,0.420600858,0,0,160.1716738,39.77253219,15.34763948,4.266094421,0.317596567,1.124463519,12.84120172,15.44206009,1.605150215,1.060085837,26.50643777,6.785407725,16.12446352,28.73819742,2.690987124,8.180257511,2.330472103,0,0.077253219,160120.7983,1.416309013,2.832618026
95,17,28.5042796,96.9764622,0.35021398,0.070613409,0.070613409,1694.299572,89.83309558,15.11626248,4.114835949,0.373751783,1.131241084,16.87303852,13.50499287,1.883024251,1.270328103,27.91797432,6.882310984,13.90085592,31.0021398,2.762482168,4.878031384,2.098430813,0.006419401,0,170719.5728,1.547788873,1.348787447
95,18,32.85232558,45.6,0.554651163,0.01744186,0,669.3360465,89.5744186,15.58023256,4.241860465,0.318604651,1.11627907,17.50697674,13.54534884,1.715116279,1.462790698,28.99069767,6.712790698,32.38837209,44.72325581,2.781395349,5.924418605,2.579069767,0.002325581,0.004651163,180437.4372,1.608139535,1.354651163
95,19,13.51121076,28.66591928,0.042600897,0,0,1024.719731,106.3049327,16.13004484,4.147982063,0.31838565,1.18161435,13.78475336,14.69058296,1.630044843,1.408071749,29.97309417,6.652466368,13.52466368,28.97085202,2.659192825,5.195067265,2.047085202,0,0.056053812,190232.4372,1.598654709,1.313901345
95,20,11.51015228,27.07106599,0.195431472,0,0,1037.71066,114.4619289,15.75126904,4.152284264,0.411167513,1.121827411,15.60152284,12.41116751,1.814720812,1.253807107,27.86548223,6.883248731,11.65736041,27.81218274,2.423857868,5.769035533,2.383248731,0.002538071,0.007614213,200201.8731,1.464467005,1.195431472
95,21,16.38797814,30.69535519,0.206284153,0.135245902,0.135245902,639.4084699,118.1748634,15.25819672,4.367486339,0.331967213,1.159836066,19.72540984,13.38114754,1.655737705,1.329234973,27.87568306,6.890710383,15.84289617,30.88387978,2.692622951,3.491803279,2.851092896,0.004098361,0,210372.0601,1.532786885,1.284153005
95,22,15.44159178,31.56739409,0.532734275,0.127086008,0.127086008,362.5430039,61.31835687,15.93709884,4.240051348,0.435173299,1.14762516,18.44801027,12.74326059,1.86521181,0.985879332,26.59691913,6.649550706,15.39794608,31.11168164,2.712451861,8.0436457,2.41720154,0.006418485,0,220398.9461,1.41720154,1.179717587
95,23,21.22352941,39.58823529,5.470588235,5.241176471,5.241176471,5536.376471,13.98823529,14.54705882,4.158823529,0.311764706,1.1,21.1,12.83529412,2.188235294,1.735294118,28.37058824,7.011764706,21.29411765,35.89411765,2.517647059,24.29411765,2.829411765,0,0.529411765,230085.5,1.523529412,2.017647059
95,24,70.90682196,76.65224626,0.232945092,0,0,3.91014975,60.91181364,15.43261231,4.254575707,0.299500832,1.116472546,18.22795341,13.2312812,1.898502496,1.306156406,28.11480865,6.454242928,71.25956739,76.83693844,2.762063228,2,2.206322795,0.001663894,0.018302829,240302.8968,1.567387687,1.224625624
95,25,26.21770335,37.3062201,0.559808612,0,0,715.8827751,15.89473684,15.42583732,4.038277512,0.332535885,1.062200957,18.55502392,12.24401914,1.959330144,0.990430622,26.20095694,6.830143541,26.54784689,37.59569378,2.442583732,2.083732057,2.129186603,0,0.004784689,250211.6722,1.447368421,1.291866029
95,26,29.77592458,42.53081943,0.227701233,0,0,802.4039159,102.177665,15.08701958,4.196519217,0.35315446,1.109499637,16.94053662,13.6062364,1.775924583,1.530819434,28.275562,6.855692531,27.86004351,40.94343727,2.768672951,2.750543872,2.421319797,0.007251632,0.002175489,260698.9811,1.637418419,1.436548223
95,27,27.13592233,41.89902913,0.332038835,0,0,1512.118447,80.10291262,16.34174757,4.267961165,0.434951456,1.159223301,14.53203883,13.53398058,1.893203883,1.537864078,30.53786408,6.906796117,22.86213592,39.02912621,2.638834951,4.582524272,2.034951456,0.003883495,0.085436893,270260.9961,1.598058252,1.590291262
95,28,12.21680217,23.20731707,0.048780488,0,0,281.7533875,81.62330623,15.20596206,4.239837398,0.323848238,1.176151762,18.37669377,13.86585366,1.649051491,1.249322493,29.64905149,6.462059621,13.33062331,25.04336043,2.742547425,8.165311653,3.027100271,0,0.001355014,280377.5244,1.56504065,1.196476965
95,29,12.1857868,29.08629442,0.381725888,0.025380711,0,1619.727919,136.6182741,15.58172589,4.23248731,0.382741117,1.125888325,19.02030457,13.69543147,1.628426396,1.005076142,28.3248731,6.996954315,12.27106599,28.69543147,2.579695431,5.196954315,2.867005076,0.001015228,0,290496.3655,1.453807107,1.250761421
95,30,12.98387097,29.81182796,0.505376344,0,0,76.77419355,55.72043011,14.78494624,3.908602151,0.467741935,1.155913978,11.87096774,12.5483871,1.817204301,0.833333333,23.7688172,7.02688172,12.7311828,29.63978495,2.704301075,2.838709677,3.037634409,0,0.483870968,300094.7204,1.360215054,1.225806452
95,31,14.78318584,32.91150442,0.646017699,0,0,661.0619469,86.09734513,15.60619469,4.389380531,0.345132743,1.123893805,13.20353982,16.59734513,1.64159292,1.327433628,28.47345133,6.96460177,13.96017699,30.16371681,2.681415929,5.079646018,2.287610619,0,0.048672566,310114.3186,1.530973451,1.380530973
95,32,14.92057762,29.46570397,0.584837545,0,0,35.70758123,20.99277978,14.92057762,4.101083032,0.346570397,1.129963899,11.63537906,12.41877256,1.736462094,0.888086643,27.95306859,6.59566787,15.97111913,31.03610108,2.83032491,3.364620939,2.187725632,0.007220217,0,320139,1.433212996,1.079422383
95,33,18.31775701,31.74766355,0.308411215,0,0,526.5607477,11,14.87850467,4.242990654,0.308411215,1.102803738,19.57943925,12.81308411,1.682242991,1.23364486,27.3271028,6.495327103,15.70093458,30.77570093,2.785046729,2,2.23364486,0,0,330056.6449,1.588785047,1.514018692
95,34,98.16272601,98.34909597,0.133518776,0.019471488,0,1290.588317,18.59944367,15.36161335,4.162726008,0.242002782,1.076495132,17.77607789,13.0069541,1.915159944,1.11961057,28.44506259,6.677329624,97.92489569,98.12378303,2.574408901,2.517385257,2.031988873,0.001390821,0.001390821,340464.0876,1.517385257,1.215577191
95,35,81.14588235,81.16470588,0.136470588,0,0,116.2117647,28.12470588,15.13647059,4.096470588,0.381176471,1.141176471,11.88941176,14.12235294,1.778823529,0.870588235,29.78352941,6.865882353,81.14588235,81.13882353,2.875294118,3.042352941,2.647058824,0.004705882,0.169411765,350214.2776,1.357647059,1.091764706
95,36,47.0842374,56.75111678,0.324186343,0.010848756,0,1658.081685,64.51754946,15.5539247,4.065730696,0.243139757,1.071474154,16.81046586,13.25526484,1.941289087,1.058710913,27.85449904,6.851946394,47.35098915,56.6043395,2.772176133,2.647734525,2.39948947,0.011486918,0.006381621,360787.963,1.456924059,1.318442884
95,37,14.92796935,30.4743295,0.214559387,0.013793103,0,601.405364,100.1157088,15.56475096,4.176245211,0.262835249,1.109578544,18.5440613,13.0183908,1.724137931,1.206896552,27.3348659,6.748659004,98.93103448,99,2.759386973,3.949425287,1.978544061,0,0.014559387,370658.8889,1.518773946,1.220689655
95,38,21.27692308,34.04615385,1.523076923,1.523076923,1.523076923,356.7538462,52.66153846,16.86153846,4.061538462,0.569230769,1.138461538,10.73846154,13.92307692,1.569230769,1.384615385,25.35384615,6.261538462,21.44615385,33.15384615,2.646153846,9.661538462,2.015384615,0,0.230769231,380033,1.507692308,1.4
95,39,38.31173093,49.20180476,0.242821985,0,0,1252.149303,85.82362592,14.94585726,4.212469237,0.289581624,1.115668581,19.30352748,12.49220673,1.73831009,1.387202625,27.18621821,6.757178015,38.28055783,48.88105004,2.642329779,5.869565217,2.570139459,0.004101723,0.000820345,390615.0771,1.554552912,1.293683347
95,40,31.88609715,44.13065327,0.340033501,0,0,1084.616415,85.75376884,15.73534338,4.298157454,0.340033501,1.120603015,18.05360134,13.35510888,1.675041876,1.2680067,25.79899497,6.783919598,31.88442211,44.67671692,2.664991625,5.135678392,2.197654941,0.005025126,0.016750419,400301.9899,1.514237856,1.274706868
95,41,13.652,28.224,1.902,0.896,0.82,447.422,38.032,16.392,4.06,0.36,1.148,15.672,15.682,1.882,1.102,30.836,6.744,13.398,30.016,2.772,3.458,2.542,0.002,0.12,410259.252,1.488,1.388
95,42,29.44427823,43.71353777,0.341062079,0,0,1499.641735,63.90800299,15.66192969,4.261780105,0.332086761,1.106955871,19.35751683,12.32610322,1.759910247,1.141361257,27.39715782,6.640987285,29.17950636,42.27449514,2.633507853,3.252804787,2.706806283,0.005235602,0.000747943,420669,1.527299925,1.33657442
95,44,11.546875,23.59375,0.8125,0,0,767.453125,6.21875,17.25,4.296875,0.265625,1.078125,18.671875,12,1.890625,0.78125,25.96875,6.375,11.796875,26.21875,2.921875,3.015625,2.5,0,0,440032.5,1.390625,1.25
95,45,13.74424552,30.34015345,0.909207161,0.010230179,0,266.9168798,47.65473146,15.64705882,4.239130435,0.254475703,1.126598465,19.12148338,13.06393862,1.719948849,1.469309463,26.69309463,6.62915601,13.02557545,28.70460358,2.579283887,4.437340153,2.971867008,0.003836317,0.042199488,450399.9923,1.497442455,1.118925831
95,46,14.57142857,26.79285714,0.235714286,0,0,498.6285714,75.97142857,15.17142857,4.414285714,0.421428571,1.128571429,14.32857143,13.16428571,1.692857143,0.885714286,29.97142857,7.228571429,14.54285714,28.30714286,2.6,5.942857143,2.228571429,0.007142857,0.321428571,460070.5,1.385714286,1.557142857
95,47,79.41946903,83.50619469,0.578761062,0.059292035,0,553.3584071,99.04424779,15.29469027,4.219469027,0.37699115,1.114159292,19.16460177,14.66017699,1.790265487,1.122123894,28.9460177,6.890265487,79.39646018,83.04247788,2.511504425,3.788495575,2.824778761,0.000884956,0.000884956,470580.9823,1.505309735,1.221238938
95,48,10.82636656,22.75884244,0.664165773,0.022150768,0,1771.169703,236.2890318,15.57949268,4.192211504,0.372275813,1.137191854,15.09824937,12.91211147,1.842801,1.16505895,27.52876027,6.784565916,10.69310468,22.42515184,2.900321543,5.092890318,2.135048232,0.002143623,0,481402.9425,1.525902108,1.183994284
95,49,34.89122807,46.70175439,0,0,0,1159.817544,34.64210526,15.52280702,4.284210526,0.228070175,1.140350877,11.65263158,14.57894737,1.761403509,1.21754386,27.23157895,6.985964912,32.88421053,44.6245614,3.031578947,8.649122807,2.301754386,0,0,490147.814,1.529824561,1.242105263
95,50,14.82105263,29.62105263,0.821052632,0,0,368.9368421,15.56842105,17.02105263,4.473684211,0.442105263,1.115789474,20.35789474,20.23157895,1.578947368,0.926315789,31.91578947,6.831578947,15.62105263,28.71578947,2.326315789,2,2.578947368,0,0.042105263,500048.7263,1.410526316,1.568421053
95,51,99,99,0.205811138,0,0,253.3438257,194.0702179,16.38256659,4.208232446,0.336561743,1.089588378,20.02905569,13.56900726,1.687651332,1.161016949,27.81355932,6.778450363,99,99,2.394673123,2.962469734,2.939467312,0,0.003631961,510434.3584,1.453995157,1.18401937
95,53,15.56423611,30.65451389,0.322916667,0,0,505.5572917,44.20833333,15.49479167,3.970486111,0.482638889,1.133680556,16.67361111,13.33159722,1.814236111,1.064236111,27.98090278,6.916666667,15.30208333,31.11284722,2.677083333,2.111111111,2.571180556,0,0.329861111,530296.3247,1.470486111,1.232638889
95,54,12.66473988,29.45086705,0.289017341,0.054913295,0,334.0693642,50.84971098,15.36416185,4.427745665,0.401734104,1.086705202,17.96820809,16.03179191,1.812138728,0.875722543,29.67630058,6.87283237,12.78901734,28.29768786,2.479768786,2.580924855,2.450867052,0.005780347,0,540173.5607,1.424855491,1.346820809
95,55,15.32880845,32.42835596,0.561085973,0.149321267,0.149321267,698.7496229,74.74358974,15.11312217,4.230769231,0.393665158,1.123680241,15.82051282,14.3438914,1.785822021,1.455505279,29.90648567,6.876319759,13.52790347,30.79788839,2.65158371,4.690799397,2.067873303,0.004524887,0.037707391,550339.1342,1.538461538,1.425339367
95,56,12.94202899,26.9057971,0.289855072,0,0,55.57971014,22.30434783,15.02173913,4.115942029,0.413043478,1.231884058,11.78985507,15.65217391,1.644927536,0.586956522,28.82608696,7.065217391,12.99275362,28.36956522,2.768115942,2,2.579710145,0,0.065217391,560069.5,1.246376812,1.557971014
96,1,13.14257813,28.29296875,0.228515625,0,0,601.4814453,73.51953125,15.890625,4.1640625,0.322265625,1.119140625,19.44335938,12.90527344,1.694335938,1.16015625,27.23925781,6.891601563,74.11132813,78.34082031,2.575195313,6.512695313,3.216796875,0.000976563,0.000976563,10517.00098,1.518554688,1.1796875
96,2,12.41666667,29.47222222,0.277777778,0,0,1207.472222,136.3472222,15.59722222,4.152777778,0.486111111,1.125,13.44444444,12.72222222,1.777777778,1.111111111,29.34722222,6.986111111,12.58333333,27.88888889,2.805555556,4,2.513888889,0.013888889,0.125,20036.75,1.458333333,1.347222222
96,4,49.94982497,58.34189032,1.015169195,0.366394399,0.34655776,259.5169195,18.71061844,16.07234539,4.304550758,0.302217036,1.159859977,15.60443407,15.23220537,2.169194866,1.547257876,29.50525088,6.723453909,48.18903151,57.57292882,3.102683781,4.301050175,2.869311552,0.002333722,0.486581097,40432.52159,1.532088681,1.684947491
96,5,14.51948052,29.44155844,0.38961039,0,0,626.4471243,81.91465677,16.19851577,4.217068646,0.374768089,1.141001855,17.00371058,13.91280148,1.58812616,1.109461967,28.37662338,6.831168831,14.07792208,29.86827458,2.688311688,11.3729128,2.3283859,0,0.003710575,50271.55844,1.471243043,1.337662338
96,8,23.66486486,36.55675676,0.472072072,0,0,323.8558559,57.2018018,15.84504505,4.117117117,0.378378378,1.111711712,15.07207207,13.5009009,1.702702703,0.920720721,27.16756757,6.83963964,22.65585586,36.27207207,2.718918919,4.81981982,2.798198198,0,0.028828829,80279.00901,1.45045045,1.324324324
96,9,19.61824324,34.78716216,0.790540541,0.013513514,0,459.5743243,6.344594595,15.45608108,4.118243243,0.398648649,1.047297297,19.31756757,12.75675676,2.023648649,0.935810811,29.49662162,6.962837838,18.52364865,33.53378378,2.483108108,4,2.283783784,0.006756757,0,90151.25676,1.439189189,1.35472973
96,10,12.47619048,30.88571429,0.057142857,0,0,41.16190476,3.342857143,15.42857143,3.847619048,0.342857143,1.104761905,15.53333333,12.23809524,1.714285714,1.8,27.93333333,6.619047619,11.46666667,28.97142857,3.028571429,4,2.085714286,0,0.019047619,100054.4286,1.8,1.342857143
96,11,9.551724138,26.63793103,0.965517241,0,0,10,1,14.96551724,4.172413793,0.103448276,1.068965517,16.67241379,9.5,2.086206897,1.206896552,21.4137931,6.862068966,9.517241379,21.94827586,4.189655172,3.965517241,1.689655172,0,0.034482759,110029.931,1.603448276,1.25862069