YEAR,STATE,ARR_HOUR,ARR_MIN,CF1,CF2,CF3,CITY,COUNTY,DAY,DAY_WEEK,DRUNK_DR,FATALS,HARM_EV,HOUR,LGT_COND,MAN_COLL,MINUTE,MONTH,NOT_HOUR,NOT_MIN,PERSONS,RAIL,REL_ROAD,SCH_BUS,SP_JUR,ST_CASE,VE_FORMS,WEATHER
97,55,14.59370079,31.7496063,0.549606299,0.165354331,0.155905512,679.8629921,74.04724409,16.2,4.137007874,0.417322835,1.141732283,16.79527559,15.07874016,1.779527559,1.319685039,30.63464567,7.044094488,13,30.66141732,2.588976378,5.749606299,2.311811024,0.006299213,0.018897638,550319.4992,1.522834646,1.566929134
97,56,14.94871795,28.71794872,0.58974359,0,0,51.70940171,20.53846154,15.92307692,3.923076923,0.282051282,1.170940171,11.71794872,13.70940171,1.623931624,0.726495726,26.48717949,7.290598291,14.77777778,31.16239316,2.846153846,4,2.743589744,0,0.034188034,560059.5726,1.307692308,1.538461538
1998,1,13.76617954,27.60334029,0.33611691,0.007306889,0,518.940501,72.74947808,15.4039666,4.130480167,0.282881002,1.117954071,19.75365344,12.89457203,1.681628392,1.136743215,26.91858038,6.731732777,93.81106472,94.27244259,2.607515658,4.760960334,3.232776618,0.003131524,0.008350731,10479.5,1.529227557,1.181628392
1998,2,15.73015873,37.22222222,0.904761905,0,0,383.5714286,72.79365079,16.31746032,3.825396825,0.333333333,1.111111111,15.38095238,14.47619048,1.873015873,0.952380952,35.44444444,7.492063492,15.57142857,31.85714286,2.698412698,3,2.095238095,0.015873016,0.015873016,20035.04762,1.365079365,1.26984127
1998,4,37.47552448,48.41608392,0.84965035,0.201631702,0.115384615,252.2505828,15.39160839,16.0979021,4.102564103,0.286713287,1.142191142,13.53846154,14.15734266,2.003496503,1.268065268,29.75641026,6.742424242,34.84149184,46.60722611,3.107226107,3.842657343,6.854312354,0,0.483682984,40433.17249,1.504662005,1.377622378
1998,5,14.51009174,28.87889908,0.299082569,0.036697248,0,743.2256881,80.95963303,15.31926606,4.053211009,0.357798165,1.146788991,16.6733945,14.1853211,1.579816514,1.247706422,27.53761468,6.697247706,13.72110092,27.42201835,2.772477064,9.572477064,2.543119266,0,0,50274.1578,1.533944954,1.295412844
1998,8,16.6969147,31.57350272,0.54446461,0,0,300.4990926,56.42649728,15.38656987,4.355716878,0.370235935,1.139745917,14.47005445,13.35571688,1.756805808,1.117967332,27.52994555,6.77676951,16.50090744,31.20508167,2.836660617,3.127041742,2.618874773,0.003629764,0,80276,1.539019964,1.284936479
1998,9,16.49673203,33.2745098,0.460784314,0,0,507.7973856,6.392156863,15.80392157,4.091503268,0.375816993,1.075163399,19.66339869,11.95098039,2.019607843,1.081699346,28.60784314,7.071895425,14.14379085,30.77124183,2.392156863,3.22875817,2.316993464,0,0,90154.29412,1.486928105,1.251633987
1998,10,12.45283019,28.76415094,0.386792453,0,0,41.00943396,3.056603774,14.40566038,4.198113208,0.311320755,1.08490566,16.98113208,14.10377358,1.650943396,1.698113208,28.89622642,6.764150943,12.56603774,29.48113208,2.566037736,3,2.632075472,0,0,100053.5,1.603773585,1.08490566
1998,11,10.74,24.76,0.82,0.14,0.36,10,0.98,17.94,4.06,0.28,1.08,16.42,10.9,2.2,1.62,21.84,6.28,10.64,24.06,3.22,3,1.46,0,0.02,110025.5,1.62,1.12
1998,12,28.40149137,41.83948195,0.392464678,0.00588697,0,713.1542386,63.92032967,15.69858713,4.209576138,0.246467818,1.108712716,14.76412873,13.79984301,1.867346939,1.521193093,28.04395604,6.534536892,28.31750392,41.43681319,2.860282575,3.40855573,1.781789639,0.002747253,0.013736264,121282.9557,1.614599686,1.160518053
1998,13,13.20367751,27.63295615,0.429278642,0,0,538.4695898,138.5021216,15.53394625,4.167609618,0.265912306,1.108910891,18.5261669,14.13507779,1.678925035,1.256011315,30.19943423,6.766619519,13.07355021,28.72630835,2.628005658,4.094059406,2.653465347,0.007779349,0.004950495,130710.5559,1.548797737,1.22135785
1998,15,12.69026549,30.38938053,0.168141593,0,0,3957.964602,2.946902655,15.79646018,4.274336283,0.486725664,1.061946903,16.92920354,12.04424779,2.380530973,1.14159292,27.50442478,6.672566372,12.55752212,29.47787611,2.867256637,3,2.17699115,0.008849558,0,150057,1.575221239,1.336283186
1998,16,12.50892857,26.67410714,0.53125,0.441964286,0.441964286,144.6160714,41.76785714,16.35714286,3.964285714,0.334821429,1.183035714,12.22321429,12.79464286,1.763392857,1.102678571,27.58035714,7.236607143,12.28571429,27.89732143,2.736607143,4.102678571,2.34375,0,0.053571429,160113.6027,1.450892857,1.392857143
1998,17,36.39323127,97.01450443,0.286865431,0.017727639,0,1799.507655,88.03142627,15.93070105,4.186946011,0.360999194,1.122481869,16.49153908,12.40531829,1.831587429,1.301369863,28.16277196,6.937953263,13.12892828,29.47784045,2.735697019,4.281224819,2.239323127,0.004029009,0.002417405,170634.0564,1.567284448,1.328767123
1998,18,96.82692308,97.34728507,0.578054299,0.021493213,0,625.5757919,90.61312217,16.26696833,4.148190045,0.337104072,1.110859729,18.59615385,14.2760181,1.773755656,1.42760181,30.40837104,6.882352941,96.72285068,97.31221719,2.555429864,7.906108597,2.686651584,0.004524887,0.001131222,180448.8631,1.564479638,1.246606335
1998,19,12.03367876,29.00259067,0.150259067,0,0,1035.251295,107.7720207,15.9015544,4.25388601,0.264248705,1.163212435,13.46373057,13.65025907,1.632124352,1.569948187,28.33937824,7.106217617,12.15025907,27.79274611,2.803108808,3.344559585,1.896373057,0.002590674,0,190195.1762,1.68134715,1.373056995
1998,20,13.45454545,28.13636364,0.304545455,0,0,1144.693182,113.1090909,16.40227273,4.2,0.325,1.118181818,16.05227273,14.275,1.768181818,1.3,28.94545455,6.856818182,13.725,28.38181818,2.670454545,5.463636364,2.229545455,0,0.093181818,200229.4273,1.513636364,1.275
1998,21,17.04438642,32.67232376,0.276762402,0,0,984.9399478,118.537859,15.5926893,4.17232376,0.323759791,1.120104439,20.10704961,12.89164491,1.579634465,1.297650131,27.83028721,6.591383812,16.68929504,32.13315927,2.729765013,3.620104439,2.776762402,0.006527415,0,210387.0157,1.55613577,1.263707572
1998,22,14.96158612,29.6133829,0.157372986,0,0,512.2391574,60.73853779,15.50061958,4.131350682,0.301115242,1.147459727,17.04832714,12.97769517,1.908302354,1.223048327,27.63816605,6.781908302,14.48698885,30.4448575,2.838909542,6.422552664,2.477075589,0.002478315,0,220404,1.573729864,1.275092937
1998,23,17.8125,32.38636364,0.625,0,0,4695.147727,14.61363636,15.70454545,4.352272727,0.306818182,1.090909091,17.20454545,13.81818182,1.676136364,0.982954545,27.69318182,6.971590909,16.68181818,32.03977273,2.426136364,3,2.329545455,0,0.102272727,230088.6136,1.4375,1.346590909
1998,24,48.50273224,59.02003643,0.39708561,0,0,169.9052823,61.07103825,15.58469945,4.111111111,0.296903461,1.103825137,18.24225865,12.58469945,1.852459016,1.393442623,29.54462659,6.85428051,45.06739526,55.74134791,2.856102004,3,2.770491803,0.003642987,0.034608379,240275.122,1.597449909,1.18579235
1998,25,24.83554377,38.5596817,0.615384615,0.039787798,0.037135279,816.7241379,16.33687003,15.61538462,4.127320955,0.305039788,1.076923077,18.99469496,12.69761273,2.00795756,0.976127321,26.64190981,6.954907162,24.21220159,37.46153846,2.432360743,3,2.214854111,0.00265252,0.015915119,250194.4111,1.48806366,1.307692308
1998,26,34.33549433,46.19205835,0.564019449,0,0,778.9286872,103.1199352,15.91815235,4.191247974,0.35089141,1.106969206,16.56401945,13.3006483,1.789303079,1.47649919,29.47001621,6.890599676,32.40113452,46.0445705,2.752836305,3.830632091,2.531604538,0.002431118,0,260621.4109,1.636142626,1.337925446
1998,27,20.88347826,34.69913043,0.229565217,0,0,1693.123478,81.82782609,16.08869565,4.255652174,0.413913043,1.130434783,14.64869565,14.01913043,1.780869565,1.507826087,29.06956522,7.00173913,17.72521739,31.9426087,2.688695652,4.339130435,2.4,0.005217391,0.012173913,270288.4035,1.553043478,1.434782609
1998,28,14.74109264,28.17933492,0.003562945,0,0,298.2826603,78.53444181,15.64251781,4.190023753,0.270783848,1.125890736,19.34441805,13.22921615,1.678147268,1.097387173,29.27790974,6.643705463,16.43349169,31.88004751,2.496437055,5.497624703,3.256532067,0,0.002375297,280424.0214,1.485748219,1.26128266
1998,29,13.84759095,30.91248771,0.567354966,0.032448378,0,1634.783677,128.4729597,15.63028515,4.243854474,0.314650934,1.149459194,17.34021632,13.22123894,1.567354966,1.15339233,28.23992134,6.711897738,13.80629302,30.52015733,2.682399213,4.140609636,3.015732547,0.002949853,0,290509.3884,1.546705998,1.267453294
1998,30,12.94711538,27,0.557692308,0,0,53.05769231,53.51923077,17.15384615,4.139423077,0.389423077,1.139423077,12.1875,13.96153846,1.658653846,0.903846154,26.57692308,6.788461538,13.66826923,29.35096154,2.490384615,3.495192308,3.370192308,0.004807692,0.375,300104.5,1.331730769,1.283653846
1998,31,16.48339483,30.43911439,0.20295203,0,0,693.7564576,85.42804428,15.64575646,4.103321033,0.391143911,1.162361624,12.75645756,17.36162362,1.730627306,1.243542435,30.72324723,7.007380074,16.28782288,31.0295203,2.789667897,4.723247232,2.121771218,0.003690037,0.051660517,310136,1.483394834,1.405904059
1998,32,14.13333333,29.64126984,0.949206349,0.120634921,0,32.95873016,12.24444444,15.46031746,4.20952381,0.384126984,1.146031746,11.27936508,12.93015873,1.717460317,1.003174603,26.33015873,6.568253968,14.85714286,29.76825397,2.920634921,3.812698413,2.126984127,0,0.003174603,320158.454,1.546031746,1.095238095
1998,33,15.66086957,29.4,0.173913043,0,0,511.0173913,10.91304348,15.1826087,3.991304348,0.391304348,1.113043478,18.68695652,14.09565217,1.756521739,1.017391304,27.77391304,6.895652174,12.93913043,28.47826087,2.191304348,3,2.217391304,0,0,330059.5478,1.486956522,1.469565217
1998,34,97.31147541,97.74515648,0.339791356,0.02533532,0,1391.411326,17.60208644,15.14605067,4.223546945,0.233979136,1.104321908,17.19076006,11.70342772,1.889716841,1.143070045,28.92846498,6.855439642,96.84500745,97.19374069,2.612518629,3.499254844,2.001490313,0.005961252,0.011922504,340356.7854,1.535022355,1.152011923
1998,35,89.77272727,89.8342246,0.328877005,0.00802139,0,73.06951872,27.88235294,15.97058824,4.203208556,0.36631016,1.13368984,11.26737968,13.79144385,1.772727273,0.868983957,27.1631016,6.336898396,89.77272727,89.8315508,3.13368984,5.053475936,2.582887701,0,0.160427807,350187.5,1.35828877,1.296791444
1998,36,48.2514245,58.1951567,0.332621083,0.027065527,0,3521.569088,65.15099715,16.11324786,4.072649573,0.203703704,1.078347578,16.67094017,13.22008547,1.856125356,1.210826211,28.19230769,6.89031339,49.12749288,58.67094017,2.685185185,3.184472934,2.237179487,0.007122507,0.012108262,360705.641,1.469373219,1.252849003
1998,37,13.45917655,29.98534543,0.29448709,0,0,692.4738311,103.8750872,16.10397767,4.039776692,0.255408234,1.113747383,18.3384508,12.90369853,1.719469644,1.23098395,27.42707606,7.030704815,13.08513608,29.00069784,2.724354501,4.556175855,1.915561759,0.003489184,0.00209351,370731.3636,1.542916957,1.224703419
1998,38,11.75949367,29.49367089,0,0,0,268.4810127,52.84810127,15.08860759,4.53164557,0.481012658,1.164556962,12.6835443,13.39240506,1.632911392,0.987341772,27.70886076,7.151898734,12.11392405,29.27848101,2.493670886,6.164556962,2.594936709,0,0.303797468,380040,1.379746835,1.518987342
1998,39,37.7261443,48.74864236,0.3064391,0.003103181,0,1209.629946,86.86190846,15.86346005,4.166020171,0.290147401,1.10318076,20.11714507,12.55779674,1.678044996,1.358417378,28.10318076,6.899146625,37.62994569,48.62994569,2.607447634,4.40961986,2.643134213,0.006206362,0.000775795,390647.0621,1.538401862,1.251357642
1998,40,25.48377125,39.29829985,0.27202473,0,0,1149.646059,83.95208655,15.44513138,4.123647604,0.307573416,1.166924266,19.80370943,12.50695518,1.593508501,1.292117465,27.94590417,6.672333849,25.53477589,39.58268934,2.641421947,4.588871716,2.304482226,0.001545595,0.017001546,400328.1638,1.527047913,1.188562597
1998,41,13.10927835,29.11752577,0.46185567,0.039175258,0,382.1381443,36.76082474,15.71958763,4.237113402,0.379381443,1.109278351,16.2371134,14.41237113,1.764948454,1.169072165,29.37319588,6.663917526,13.25773196,29.28865979,2.779381443,3.593814433,2.457731959,0,0.115463918,410246.9608,1.474226804,1.443298969
1998,42,33.30576071,45.78360414,0.337518464,0,0,1253.10709,64.5155096,16.02806499,4.147710487,0.353766617,1.09379616,19.73855244,12.74815362,1.790251108,1.262186115,27.59896603,6.802067947,34.18389956,46.05317578,2.506646972,3.164697194,2.510339734,0.004431315,0.020679468,420681.7976,1.515509601,1.286558346
1998,44,11.45714286,27.88571429,0.314285714,0,0,715.3142857,5.8,16.15714286,4.2,0.385714286,1.057142857,19.11428571,11.64285714,1.842857143,0.7,26.71428571,6.428571429,11.7,28.78571429,2.585714286,3,2.9,0,0,440035.5,1.4,1.185714286
1998,45,13.84100877,29.59100877,0.621710526,0.015350877,0,417.4890351,48.05263158,15.41995614,4.117324561,0.252192982,1.098684211,18.1875,12.97149123,1.700657895,1.516447368,27.21162281,6.658991228,98.31359649,98.42982456,2.593201754,4.140350877,2.826754386,0.003289474,0,450462.3257,1.483552632,1.098684211
1998,46,14.77181208,27.38255034,4.583892617,3.986577181,3.986577181,298.7583893,77.37583893,16.46308725,4.174496644,0.382550336,1.10738255,13.91275168,16.04697987,1.66442953,1.060402685,29.9261745,6.731543624,14.75167785,27.48993289,2.704697987,3,2.456375839,0,0.409395973,460075,1.44295302,1.33557047
1998,47,52.81081081,61.54324324,0.802702703,0.113513514,0.089189189,557.0837838,98.25585586,16.15585586,4.091891892,0.365765766,1.095495495,19.4954955,14.6981982,1.79009009,1.18018018,29.23873874,6.83963964,52.87477477,61.17297297,2.685585586,3.824324324,2.844144144,0.003603604,0,470567.5225,1.541441441,1.317117117
1998,48,10.9854798,22.39835859,0.547664141,0.005997475,0,1715.011364,236.0059975,15.58712121,4.207070707,0.31155303,1.131944444,15.34438131,12.81060606,1.800189394,1.162563131,27.1657197,6.590909091,11.00820707,22.34911616,2.849116162,4.011679293,3.033143939,0.003156566,0,481586.489,1.549242424,1.221906566
1998,49,30.62662338,42.6038961,0,0,0,789.7337662,33.96753247,15.68506494,4.090909091,0.142857143,1.136363636,11.09415584,15.22077922,1.704545455,1.178571429,28.28571429,6.746753247,27.02272727,39.38961039,2.685064935,6.493506494,2.451298701,0,0,490155.1299,1.438311688,1.214285714
1998,50,16.44318182,30.57954545,0.522727273,0,0,1138.125,14.36363636,14.98863636,4.522727273,0.363636364,1.181818182,18.89772727,18.20454545,1.75,0.704545455,33.39772727,7.579545455,16.47727273,35.61363636,2.5,3.806818182,2.363636364,0,0.113636364,500044.7727,1.409090909,1.443181818
1998,51,99,99,0.456834532,0,0,341.2434053,220.235012,15.73741007,4.226618705,0.302158273,1.121103118,20.08633094,13.5059952,1.605515588,1.29616307,27.39088729,6.82853717,99,99,2.389688249,3,2.690647482,0.003597122,0.011990408,510420.94,1.471223022,1.068345324
1998,53,19.40338983,35.26949153,0.616949153,0,0,540.0033898,45.31186441,15.4559322,4.118644068,0.43559322,1.122033898,16.59830508,12.66271186,1.73559322,1.315254237,27.65254237,6.727118644,19.22881356,33.83559322,2.716949153,3.93220339,2.413559322,0.003389831,0.138983051,530297.6153,1.538983051,1.330508475
1998,54,12.15151515,30.13333333,0.287878788,0.057575758,0,300.2030303,50.32727273,15.41212121,4.16969697,0.36969697,1.072727273,17.96060606,14.0969697,1.696969697,1.033333333,30.06666667,6.76969697,11.98787879,30.1030303,2.466666667,3.203030303,2.387878788,0.003030303,0,540165.5455,1.418181818,1.36969697
1998,55,15.08386076,31.03164557,0.609177215,0.161392405,0.15664557,739.4968354,73.9335443,15.85601266,4.101265823,0.379746835,1.129746835,16.02056962,15.21993671,1.75,1.398734177,30.05063291,7.071202532,14.11708861,29.89398734,2.528481013,4.297468354,2.238924051,0.006329114,0.014240506,550317.4889,1.526898734,1.436708861
1998,56,12.98449612,30.31782946,0.527131783,0.147286822,0,61.08527132,20.75193798,16.63565891,4.271317829,0.457364341,1.19379845,10.87596899,16.27906977,1.759689922,0.821705426,25.42635659,6.984496124,13.03100775,27.25581395,2.465116279,3,2.542635659,0,0.023255814,560065,1.341085271,1.550387597
1999,1,13.70766129,28.97278226,0.316532258,0,0,465.422379,72.46774194,15.4858871,4.226814516,0.26108871,1.147177419,20.26008065,12.95060484,1.710685484,1.197580645,27.08165323,6.907258065,88.24193548,89.68145161,2.556451613,4.516129032,3.179435484,0,0,10497.07359,1.532258065,1.11391129
1999,2,14.53424658,29.61643836,0.863013699,0,0,548.1369863,117.2465753,15.06849315,4.164383562,0.534246575,1.082191781,17.12328767,12.24657534,1.767123288,1.068493151,29.69863014,6.835616438,13.4109589,26.78082192,2.835616438,3,2.301369863,0,0.04109589,20037.38356,1.424657534,1.602739726
1999,4,37.68357222,49.25248071,1.299889746,0.562293275,0.545755237,347.6527012,15.19955899,15.48842337,4.020948181,0.465270121,1.128996692,14.81477398,14.79272326,2.090407938,1.58213892,30.07938258,6.514884234,34.06394708,46.66482911,3.106945976,3.493936053,8.43660419,0.002205072,0.46306505,40455.00662,1.554575524,1.56339581
1999,5,13.80555556,28.90185185,0.722222222,0.366666667,0.366666667,618.7777778,77.82962963,15.4962963,4.15,0.353703704,1.118518519,18.35,13.13148148,1.635185185,1.087037037,27.96481481,6.566666667,12.99074074,27.63888889,2.446296296,6.162962963,2.322222222,0.001851852,0,50270.5,1.451851852,1.192592593
1999,8,16.5734767,31.82437276,0.521505376,0,0,301.5,56.03225806,15.71684588,4.048387097,0.578853047,1.121863799,14.36021505,13.35842294,1.70609319,1.094982079,27.13978495,6.756272401,15.12007168,30.74910394,2.822580645,3.120071685,2.772401434,0.001792115,0.005376344,80279.5,1.510752688,1.340501792
1999,9,23.61111111,38.87037037,0.52962963,0.07037037,0,424.9518519,6.562962963,16.3962963,4.274074074,0.514814815,1.114814815,20.21111111,12.58148148,2.033333333,1.040740741,28.63703704,6.777777778,22.8962963,37.33703704,2.677777778,3,2.751851852,0.011111111,0,90135.5,1.481481481,1.196296296
1999,10,13.17582418,27.76923077,0.648351648,0,0,32.63736264,3.263736264,14.49450549,4.076923077,0.483516484,1.098901099,16.10989011,13.27472527,1.978021978,1.758241758,26.47252747,5.989010989,13.05494505,28.59340659,2.604395604,3.483516484,2.494505495,0.010989011,0,100047.7033,1.681318681,1.230769231
1999,11,11.75,27.25,9.9,9.9,9.9,10,1,14.775,4.425,0.075,1.025,17.075,11.75,1.95,1.075,21.075,6.05,11.75,23.025,2.525,15.1,1.75,0,0,110021.35,1.5,1.025
1999,12,30.29783188,43.44009129,0.299353366,0.038037277,0,699.675542,64.59908711,15.97337391,4.138075314,0.362875618,1.110688475,14.75085584,13.57360213,1.891213389,1.4511221,28.23278813,6.446937999,30.13427159,43.11905668,2.950171168,3.961582351,1.798402434,0.003803728,0.001901864,121320.6337,1.608216052,1.14720426
1999,13,13.99467275,29.49010654,0.738203957,0.035768645,0,600.5327245,145.9908676,15.84398782,4.089041096,0.265601218,1.147640791,18.02511416,13.80974125,1.649162861,1.364535769,29.11187215,6.642313546,13.79832572,28.68569254,2.788432268,3.736681887,2.695585997,0.00456621,0.00456621,130661.5799,1.592085236,1.195585997
1999,15,12.06666667,32.35555556,0.211111111,0,0,3643.133333,3.688888889,14.8,3.688888889,0.566666667,1.088888889,15.3,11.38888889,1.977777778,1.144444444,27.87777778,6.666666667,11.94444444,31.37777778,2.777777778,3,2.011111111,0,0,150045.5,1.566666667,1.122222222
1999,16,13.31836735,28.46938776,0.375510204,0,0,131.3306122,38.26530612,17.10612245,4.069387755,0.391836735,1.134693878,10.35102041,12.88979592,1.571428571,1.163265306,26.26122449,6.86122449,12.88571429,26.98367347,2.963265306,3.946938776,2.085714286,0.008163265,0.020408163,160123.1755,1.424489796,1.232653061
1999,17,27.17142857,82.78223938,0.596138996,0,0,1912.574517,87.83243243,15.94362934,4.130501931,0.507335907,1.124324324,15.74285714,12.52586873,1.810810811,1.330501931,27.41081081,7.049420849,12.67953668,27.48725869,2.750579151,4.979150579,2.13976834,0.003861004,0,170655.9444,1.570656371,1.271042471
1999,18,99,99,0.554932735,0.004484305,0,672.9607623,89.61659193,15.73878924,4.073991031,0.393497758,1.143497758,18.98542601,12.93946188,1.650224215,1.523542601,28.77466368,6.872197309,99,99,2.553811659,6.352017937,2.795964126,0.002242152,0,180450.4439,1.578475336,1.233183857
1999,19,13.32943925,30.90186916,0.044392523,0,0,789.2056075,105.4813084,16.3364486,4.091121495,0.310747664,1.144859813,13.71962617,12.66121495,1.654205607,1.551401869,27.80140187,7.109813084,12.87616822,29.03037383,2.698598131,3.443925234,1.932242991,0.002336449,0.007009346,190217.2523,1.637850467,1.313084112
1999,20,16.18599562,30.77242888,2.496717724,0.048140044,0,1008.665208,110.6280088,16.33260394,4.24726477,0.374179431,1.181619256,15.4726477,13.50109409,1.676148796,1.38512035,28.3238512,7.18380744,13.04814004,27.11816193,2.634573304,4.704595186,2.140043764,0.006564551,0.006564551,200232.4442,1.555798687,1.172866521
1999,21,17.77486188,31.44889503,0.240331492,0,0,694.9406077,118.8121547,15.55939227,4.203038674,0.377071823,1.124309392,19.8038674,13.11740331,1.551104972,1.04558011,27.41850829,7.012430939,17.68922652,31.65745856,2.428176796,3.276243094,2.599447514,0.001381215,0,210365.2307,1.46961326,1.209944751
1999,22,14.8060241,30.46385542,0.096385542,0,0,395.5349398,60.1060241,15.83373494,4.160240964,0.407228916,1.130120482,17.98192771,13.43614458,1.868674699,1.173493976,28.67590361,6.746987952,14.6746988,31.81084337,2.675903614,5.501204819,2.379518072,0.002409639,0,220416.4976,1.497590361,1.287951807
1999,23,13.625,30.66071429,0.708333333,0,0,5259.994048,14.46428571,15.86904762,4.154761905,0.386904762,1.077380952,19.28571429,13.67261905,1.803571429,1.119047619,31.43452381,6.380952381,13.55952381,34.16071429,2.547619048,3,2.255952381,0.005952381,0,230085.375,1.529761905,1.31547619
1999,24,98.6770073,98.75,1.076642336,0.361313869,0.361313869,128.0237226,60.19890511,15.53467153,4.067518248,0.423357664,1.076642336,18.62043796,12.81386861,1.895985401,1.29379562,30.60766423,6.859489051,98.84671533,98.8959854,2.642335766,4.324817518,2.937956204,0.00729927,0.005474453,240274.646,1.576642336,1.299270073
1999,25,20.01813472,35.53626943,0.886010363,0.038860104,0,700.2590674,15.62176166,14.74093264,4.292746114,0.471502591,1.07253886,19.22279793,11.99222798,2.069948187,0.955958549,25.10621762,6.601036269,19.68134715,34.77979275,2.396373057,3.17357513,2.10880829,0.005181347,0.015544041,250199.5829,1.487046632,1.259067358
1999,26,36.36144578,48.43534137,1.113253012,0.017670683,0,855.7092369,102.3879518,15.8248996,4.186345382,0.410441767,1.110040161,16.86666667,12.95983936,1.83373494,1.509236948,28.78875502,6.961445783,34.25220884,46.73654618,2.74939759,3.66184739,2.489959839,0.006425703,0,260626.8972,1.616064257,1.283534137
1999,27,29.14109347,41.43209877,0.347442681,0.174603175,0.174603175,1534.449735,84.97883598,15.31746032,4.278659612,0.372134039,1.104056437,14.29805996,13.33156966,1.742504409,1.686067019,28.17460317,7.045855379,23.78835979,36.10582011,2.60670194,4.086419753,1.991181658,0.008818342,0.061728395,270285.1587,1.613756614,1.388007055
1999,28,18.08774038,30.54326923,0,0,0,300.7536058,81.71634615,15.52163462,4.164663462,0.295673077,1.114182692,18.89423077,12.99759615,1.697115385,1.165865385,29.17307692,6.789663462,22.81850962,36.25240385,2.469951923,5.847355769,3.260817308,0,0.001201923,280417,1.459134615,1.201923077
1999,29,15.04564315,31.77904564,0.480290456,0.019709544,0,1761.448133,131.5850622,15.88485477,4.070539419,0.392116183,1.134854772,18.093361,14.07365145,1.567427386,1.200207469,28.89004149,6.793568465,14.57365145,30.80394191,2.625518672,4.169087137,2.863070539,0.004149378,0.011410788,290483.2718,1.560165975,1.202282158
1999,30,14.1443299,29.8814433,0.268041237,0,0,34.79381443,55.34020619,16.36597938,4.273195876,0.855670103,1.134020619,12.05670103,14.51546392,1.634020619,0.639175258,27.86597938,7.046391753,13.57216495,30.71134021,2.608247423,3.211340206,3.871134021,0,0.603092784,300099.1186,1.319587629,1.37628866
1999,31,16.28627451,31.70588235,0.690196078,0,0,686.1568627,93.60392157,16.11764706,4.141176471,0.48627451,1.156862745,13.03921569,17.9372549,1.788235294,1.384313725,31.0627451,7.007843137,16.23529412,30.70196078,2.784313725,5.254901961,1.984313725,0,0.011764706,310128.6549,1.57254902,1.337254902
1999,32,17.65472313,32.78175896,0.86970684,0,0,33.9218241,14.63843648,15.98045603,4.071661238,0.429967427,1.140065147,11.33876221,12.92508143,1.641693811,0.964169381,28.01302932,6.729641694,15.32247557,30.50488599,2.80781759,3,2.087947883,0.003257329,0.006514658,320154.1987,1.501628664,1.09771987
1999,33,19.10769231,30.28461538,0.3,0,0,635.4923077,10.93846154,15.58461538,4.469230769,0.623076923,1.076923077,19.88461538,15.04615385,1.753846154,0.992307692,27.59230769,6.746153846,13.05384615,26.26923077,2.284615385,3,2.561538462,0,0,330065.6154,1.438461538,1.369230769
1999,34,97.44728916,97.72439759,0.320783133,0.177710843,0.149096386,1484.149096,19.07831325,15.31174699,4.103915663,0.368975904,1.093373494,17.65361446,12.72590361,1.998493976,1.153614458,30.59337349,6.865963855,97.44126506,97.74698795,2.582831325,3.602409639,2.195783133,0.00753012,0.027108434,340356.4699,1.506024096,1.177710843
1999,35,87.2628866,87.2628866,0.275773196,0,0,76.85824742,28.91752577,15.83247423,4.340206186,0.572164948,1.18556701,12.1314433,13.62886598,1.786082474,1.028350515,28.05670103,6.868556701,87.2628866,87.2628866,3.157216495,3.085051546,2.489690722,0.00257732,0.24742268,350194.5,1.443298969,1.115979381
1999,36,47.43177189,57.22063815,0.570264766,0.095723014,0,3424.790224,64.04684318,15.67345553,4.158180584,0.255261371,1.085539715,16.83435166,13.04955872,1.831636117,1.240325866,28.12491514,6.88526816,47.31568228,57.45824847,2.662593347,3.355057705,2.114052953,0.011541073,0,360738.9219,1.457569586,1.26951799
1999,37,13.51037037,29.85851852,0.136296296,0.023703704,0,683.5733333,102.8474074,15.45925926,4.165185185,0.353333333,1.114814815,18.65407407,12.95777778,1.685185185,1.335555556,27.13925926,6.95037037,30.58666667,43.5762963,2.742222222,3.237777778,1.985185185,0.003703704,0,370684.6156,1.56962963,1.214074074
1999,38,12.08695652,30.17391304,0,0,0,313.0434783,55.60869565,14.9673913,4.532608696,0.945652174,1.293478261,12.07608696,13.83695652,1.554347826,1.72826087,27.29347826,7.27173913,11.94565217,26.17391304,2.72826087,5.043478261,2.184782609,0,0.456521739,380046.5,1.565217391,1.076086957
1999,39,68.53971963,72.76090343,0.327102804,0,0,1210.320093,85.93457944,15.77180685,4.1394081,0.369937695,1.113707165,19.21105919,12.56542056,1.693146417,1.393302181,28.59345794,6.901869159,68.58489097,72.37227414,2.62305296,4.436137072,2.60046729,0.007788162,0.013239875,390648.6067,1.574766355,1.267912773
1999,40,26.21324717,39.28917609,0.450726979,0.032310178,0,1238.815832,87.50403877,15.98869144,4.431340872,0.39095315,1.197092084,17.82875606,13.08885299,1.56542811,1.436187399,27.55573506,6.765751212,26.0355412,40.0904685,2.798061389,4.568659128,2.287560582,0.003231018,0.012924071,400312.1373,1.567043619,1.1453958