YEAR,STATE,ARR_HOUR,ARR_MIN,CF1,CF2,CF3,CITY,COUNTY,DAY,DAY_WEEK,DRUNK_DR,FATALS,HARM_EV,HOUR,LGT_COND,MAN_COLL,MINUTE,MONTH,NOT_HOUR,NOT_MIN,PERSONS,RAIL,REL_ROAD,SCH_BUS,SP_JUR,ST_CASE,VE_FORMS,WEATHER
1999,41,13.19073569,28.94822888,1.705722071,0.626702997,0.367847411,388.8201635,38.69482289,15.97547684,4.201634877,0.544959128,1.128065395,16.48773842,14.23160763,1.882833787,1.084468665,29.59128065,6.46866485,12.64305177,28.9346049,2.768392371,4.207084469,3.188010899,0.005449591,0.10626703,410189.3542,1.558583106,1.648501362
1999,42,28.23444284,41.65557164,1.068017366,0.005788712,0,1273.193922,63.86251809,15.8357453,4.2829233,0.416063676,1.120839363,19.07091172,12.49855282,1.83357453,1.229377713,27.59261939,6.850940666,27.61505065,41.43921852,2.678002894,3.402315485,2.366859624,0.00723589,0.018813314,420692.3444,1.542691751,1.262662808
1999,44,12.56470588,28.96470588,2.105882353,0,0,615.0705882,6.341176471,15.48235294,4.058823529,0.388235294,1.035294118,20.12941176,12.89411765,2.047058824,1.152941176,26.22352941,7.376470588,12.77647059,28.87058824,2.294117647,3,2.752941176,0.011764706,0,440043,1.4,1.4
1999,45,15.25,30.15254237,0.996822034,0,0,439.4300847,48.34110169,15.45021186,4.166313559,0.346398305,1.128177966,18.84110169,12.87182203,1.644067797,1.462923729,26.64618644,6.790254237,97.49364407,97.50211864,2.563559322,3.784957627,3.059322034,0.004237288,0.008474576,450478.732,1.49470339,1.078389831
1999,46,17.80882353,29.82352941,6.720588235,5.845588235,5.823529412,324.6102941,77.80882353,14.34558824,4.345588235,0.566176471,1.102941176,13.11029412,13.76470588,1.625,1.014705882,26.39705882,7.125,17.13235294,27.44117647,2.698529412,3,2.117647059,0,0.558823529,460068.5,1.448529412,1.360294118
1999,47,61.15654405,68.49101796,0.791274594,0.061591104,0,584.8751069,96.99315654,15.79640719,4.139435415,0.460222412,1.113772455,19.99315654,14.00171086,1.77245509,1.169375535,29.94439692,6.762189906,60.88195038,68.9332763,2.631308811,3.590248075,2.615911035,0.000855432,0.013686912,470595.5979,1.525235244,1.236954662
1999,48,11.248713,22.63545689,0.422458172,0.004504505,0,1601.296654,238.1428571,15.8030888,4.177284427,0.347490347,1.133204633,15.18371943,12.91248391,1.82014157,1.208815959,28.24903475,6.712998713,11.31628057,22.69305019,2.864864865,4.271879022,2.466216216,0.002252252,0.00032175,481558.8623,1.550514801,1.145431145
1999,49,33.89937107,46.78616352,0.125786164,0,0,802.3553459,32.72327044,16.22955975,4.185534591,0.229559748,1.132075472,9.578616352,13.32704403,1.641509434,1.059748428,26.35849057,6.754716981,28.25157233,41.0408805,2.544025157,6.805031447,2.487421384,0.003144654,0,490163.5314,1.367924528,1.122641509
1999,50,13.26829268,26.62195122,1.024390244,0.12195122,0,596.6585366,13.63414634,16.96341463,4.292682927,0.536585366,1.097560976,20.68292683,22.86585366,1.743902439,0.719512195,33.30487805,6.731707317,13.3902439,26.43902439,2.451219512,3,2.390243902,0,0,500041.5,1.37804878,1.463414634
1999,51,99,99,0.586163522,0,0,312.4654088,201.4566038,15.63018868,4.157232704,0.442767296,1.104402516,20.92830189,12.91949686,1.689308176,1.064150943,27.65031447,7.012578616,99,99,2.306918239,3,2.68427673,0.005031447,0.022641509,510400.1811,1.470440252,1.062893082
1999,53,13.17247387,28.73170732,0.482578397,0,0,461.141115,43.11498258,16.0087108,4.294425087,0.517421603,1.109756098,17.47560976,12.41289199,1.808362369,1.18815331,26.95296167,6.886759582,13.07317073,29.47909408,2.616724739,3.134146341,2.837979094,0.003484321,0.139372822,530289.4669,1.477351916,1.325783972
1999,54,12.48587571,27.36158192,0.494350282,0,0,352.4632768,50.49717514,15.74293785,4.322033898,0.570621469,1.115819209,18.18361582,15.38700565,1.65819209,1.081920904,29.95762712,6.646892655,12.3700565,27.98587571,2.505649718,3,2.412429379,0.002824859,0,540177.6525,1.45480226,1.282485876
1999,55,14.60148148,31.86518519,0.275555556,0.02962963,0,676.8,73.68592593,15.7362963,4.205925926,0.477037037,1.103703704,16.88444444,14.52740741,1.608888889,1.442962963,29.06666667,7.266666667,13.08888889,29.30814815,2.474074074,3.777777778,2.285925926,0.005925926,0.038518519,550340.5585,1.506666667,1.374814815
1999,56,13.39506173,27.51234568,0.216049383,0.172839506,0,60.30864198,20.66666667,15.88271605,4.240740741,0.432098765,1.166666667,10.92592593,14.63580247,1.574074074,0.851851852,26.91358025,7.209876543,12.24691358,28.9382716,2.425925926,3,2.524691358,0,0.00617284,560081.5,1.308641975,1.432098765
2000,1,13.03516484,28.4021978,0.214285714,0,0,460.8956044,72.68791209,15.78791209,4.230769231,0.402197802,1.094505495,20.32747253,12.53846154,1.662637363,1.09010989,27.04395604,6.486813187,83.76813187,85.71758242,2.491208791,3.172527473,3.30989011,0.004395604,0.003296703,10457.11099,1.503296703,1.147252747
2000,2,21.20430108,36.40860215,0.193548387,0,0,387.5913978,117.2365591,14.31182796,3.978494624,0.602150538,1.139784946,15.82795699,13.58064516,1.849462366,0.946236559,30.66666667,6.698924731,18.86021505,36.78494624,2.612903226,1,2.23655914,0.010752688,0,20047,1.344086022,1.569892473
2000,4,38.09539843,50.41638608,1.468013468,0.518518519,0.444444444,224.4983165,14.30864198,15.99887767,4.175084175,0.499438833,1.162738496,14.17845118,15.37598204,2.089786756,1.439955107,31.34567901,6.662177329,34.64983165,47.83838384,3.228956229,1.603815937,6.795735129,0.004489338,0.438832772,40446.46128,1.534231201,1.480359147
2000,5,13.73183391,29.07612457,1.261245675,1.039792388,1.027681661,772.9463668,78.06228374,16.15224913,4.280276817,0.332179931,1.128027682,18.65397924,13.7733564,1.57266436,1.157439446,28.74740484,6.660899654,13.64705882,28.61591696,2.512110727,6.633217993,2.686851211,0.001730104,0,50290.61765,1.475778547,1.359861592
2000,8,17.36704731,31.77977162,0.469820555,0,0,350.6639478,52.89885808,15.66068515,4.16639478,0.556280587,1.110929853,14.53344209,13.7324633,1.769983687,1.115823817,28.82381729,6.662316476,15.66884176,31.69820555,2.688417618,1.608482871,2.615008157,0.004893964,0.019575856,80307,1.522022838,1.349102773
2000,9,26.1955836,39.78864353,0.741324921,0.047318612,0,578.2239748,6.438485804,15.47949527,4.312302839,0.482649842,1.075709779,19.42902208,13.52365931,2.100946372,1,29.67823344,7.211356467,22.60252366,36.95268139,2.416403785,1,2.70977918,0.003154574,0,90159.01262,1.479495268,1.334384858
2000,10,13.00862069,28.21551724,0.284482759,0,0,47.06034483,3.24137931,15.68965517,4.206896552,0.525862069,1.060344828,16.76724138,12.47413793,1.836206897,1.439655172,26.62068966,6.982758621,12.3362069,29.29310345,2.922413793,1,2.620689655,0,0,100059.2586,1.568965517,1.224137931
2000,11,42.8,54.28888889,7.311111111,5.377777778,4.4,10,1,15.31111111,4.666666667,0.088888889,1.066666667,15.64444444,12.71111111,2.088888889,1.311111111,26.68888889,7.044444444,42.77777778,52.82222222,3.088888889,1,2.133333333,0,0.066666667,110024.9778,1.466666667,1.088888889
2000,12,27.32418588,41.2330772,0.244420051,0,0,686.3432126,64.56604464,15.58726674,4.190998902,0.4043176,1.097328943,14.89132821,13.05744603,1.847420417,1.419319429,27.81485547,6.368825467,27.35455543,40.63117453,2.799121844,1.421880717,1.763629711,0.005488474,0.01061105,121370.2356,1.564581046,1.126234907
2000,13,14.32173913,29.30217391,0.731884058,0.085507246,0.07173913,588.05,139.3565217,15.64057971,4.21884058,0.346376812,1.116666667,18.63550725,13.44710145,1.663768116,1.300724638,29.83043478,6.499275362,13.87101449,29.21086957,2.726086957,2.847826087,2.850724638,0.002173913,0.001449275,130691.863,1.563768116,1.189855072
2000,15,23.49137931,41.40517241,0.336206897,0,0,4107.258621,3.586206897,15.93103448,4.172413793,0.448275862,1.137931034,15.8362069,11.82758621,2.439655172,1.043103448,29.29310345,6.612068966,22.73275862,38.52586207,2.982758621,1,3.689655172,0,0,150058.6638,1.568965517,1.534482759
2000,16,12.406639,28.02489627,0.668049793,0.410788382,0.410788382,145.1327801,40.93360996,14.53112033,4.045643154,0.419087137,1.145228216,13.82987552,14.17427386,1.875518672,0.987551867,28.62655602,6.319502075,12.30705394,29.22406639,2.556016598,3.352697095,2.319502075,0,0.01659751,160121,1.402489627,1.323651452
2000,17,23.44427002,93.06907378,0.434065934,0.077708006,0.077708006,1939.248823,84.31868132,16.12715856,4.14678179,0.498430141,1.113029827,15.93799058,12.34536892,1.819466248,1.258241758,27.78963893,6.819466248,12.81475667,28.01648352,2.624018838,2.535321821,2.228414443,0.003924647,0,170644.7127,1.551805338,1.261381476
2000,18,98.89029004,98.93820933,0.828499369,0.176544767,0,593.1588903,88.38965952,15.78310214,4.170239596,0.36443884,1.117276166,18.9369483,13.89281211,1.669609079,1.590163934,29.92307692,6.761664565,98.89029004,98.94325347,2.677175284,5.147540984,2.770491803,0,0.023959647,180403.715,1.627994956,1.296343001
2000,19,12.23096447,27.15736041,0.185279188,0.04822335,0,990.7309645,110.5532995,15.79695431,4.032994924,0.296954315,1.129441624,14.12182741,13.64467005,1.662436548,1.583756345,28.87563452,6.66751269,12.00253807,27.14720812,2.728426396,2.733502538,1.959390863,0.012690355,0.020304569,190199.0914,1.611675127,1.446700508
2000,20,15.76049383,29.18518519,3.787654321,0,0,786.4567901,113.3654321,15.75308642,4.22962963,0.377777778,1.138271605,16.02469136,13.95555556,1.701234568,1.439506173,28.88888889,6.943209877,13.66419753,30.07160494,2.686419753,4.50617284,2.061728395,0.009876543,0.014814815,200211.2296,1.585185185,1.202469136
2000,21,19.47572816,35.38696255,0.239944521,0,0,701.8058252,123.4771151,15.76699029,4.074895978,0.346740638,1.137309293,20.78640777,12.82108183,1.661581137,1.047156727,27.62690707,6.812760055,19.24965326,35.59916782,2.531206657,1.750346741,2.361997226,0.002773925,0.0110957,210362.473,1.503467406,1.3370319
2000,22,14.35460993,30.92198582,0.257683215,0,0,367.9432624,61.9929078,15.23286052,4.159574468,0.438534279,1.108747045,18.91843972,13.34160757,1.864066194,1.069739953,27.53546099,6.563829787,14.28368794,29.92553191,2.511820331,2.992907801,2.417257683,0.002364066,0,220425.4846,1.460992908,1.31678487
2000,23,14.47770701,30.98089172,0.108280255,0,0,5079.203822,14.32484076,15.21019108,4.171974522,0.312101911,1.076433121,18,12.66878981,1.649681529,1.280254777,26.33757962,6.802547771,13.17834395,29.1656051,2.47133758,1,2.108280255,0,0,230079,1.47133758,1.343949045
2000,24,98.81834862,98.81834862,1.566972477,1.510091743,1.453211009,79.66422018,60.1266055,15.69357798,4.286238532,0.420183486,1.078899083,18.68440367,12.29541284,1.833027523,1.414678899,29.59449541,6.946788991,98.81834862,98.81834862,2.702752294,1.467889908,2.675229358,0.003669725,0.009174312,240277.0661,1.618348624,1.209174312
2000,25,18.34634146,33.81707317,1.014634146,0,0,709.5170732,16.09756098,15.63658537,4.285365854,0.441463415,1.056097561,19.18536585,12.32195122,2.029268293,0.97804878,27.33658537,7.109756098,18.03414634,33.3097561,2.42195122,1,2.007317073,0.002439024,0,250210.178,1.482926829,1.241463415
2000,26,35.32174616,47.28536783,4.720291027,0.035569927,0,809.069523,103.0679062,15.69199677,4.229587712,0.385610348,1.117219078,16.53193209,12.27405012,1.856911884,1.518189167,27.41632983,6.738884398,33.67825384,45.62328213,2.720291027,1.894098626,2.748585287,0.004850445,0,260621.8901,1.629749394,1.41632983
2000,27,24.6481149,37.61041293,0.145421903,0,0,1379.172352,80.63734291,15.60502693,4.201077199,0.47935368,1.122082585,15.5475763,13.41472172,1.775583483,1.622980251,30.38240575,6.766606822,19.66606822,35.25493716,2.691202873,1.466786355,2.046678636,0.003590664,0.046678636,270281.7092,1.587073609,1.473967684
2000,28,14.13475177,26.5035461,0,0,0,262.7458629,77.18439716,15.45626478,4.128841608,0.387706856,1.121749409,19.42789598,13.05082742,1.643026005,1.062647754,28.83096927,6.273049645,16.52009456,29.09456265,2.48108747,3.765957447,3.453900709,0,0.004728132,280423.5106,1.462174941,1.244680851
2000,29,22.71543895,38.81634712,0.758829465,0.019172553,0,1581.546922,129.839556,15.56609485,4.124117053,0.432896065,1.167507568,18.03733602,13.82946519,1.571140262,1.159434914,28.53178607,6.596367306,22.6629667,38.75882947,2.797174571,3.262361251,2.381432896,0.004036327,0.00605449,290496.1483,1.598385469,1.23814329
2000,30,17.16748768,33.15270936,0.522167488,0,0,34.65517241,54.18226601,15.44827586,4.24137931,0.733990148,1.167487685,12.61576355,13.26108374,1.689655172,0.990147783,25.89655172,6.842364532,14.93596059,30.09359606,2.532019704,1.177339901,2.9408867,0,0.45320197,300103.6995,1.418719212,1.438423645
2000,31,17.15702479,33.30578512,0.628099174,0,0,573.8429752,88.61157025,16.20247934,4.004132231,0.371900826,1.140495868,14.10330579,15.94628099,1.743801653,1.285123967,31.40082645,6.599173554,17.31818182,33.59504132,2.595041322,1.768595041,2.157024793,0,0,310121.5,1.537190083,1.533057851
2000,32,18.86842105,34.40225564,0.484962406,0,0,39.11654135,15.35714286,15.66165414,4.04887218,0.469924812,1.214285714,13.36842105,12.65413534,1.815789474,1.011278195,26.92857143,6.966165414,17.43233083,33.64661654,2.932330827,1,2.259398496,0.003759398,0.011278195,320133.5,1.511278195,1.037593985
2000,33,13.15384615,28.77777778,0.478632479,0,0,614.5470085,11.23931624,15.39316239,4.256410256,0.444444444,1.076923077,19.41880342,14.8034188,1.598290598,1.05982906,30.12820513,6.735042735,12.52136752,26.90598291,2.290598291,1,2.376068376,0,0.008547009,330060.3162,1.452991453,1.324786325
2000,34,98.60394537,98.68740516,0.640364188,0.35508346,0.308042489,1454.687405,19.07587253,15.35660091,4.063732929,0.382397572,1.109256449,17.52807284,12.37936267,1.95599393,1.24430956,28.87253414,6.672230653,98.21092564,98.4370258,2.654021244,1.82245827,2.094081942,0.006069803,0.018209408,340350.7102,1.596358118,1.17754173
2000,35,93.10103627,93.10103627,0.60880829,0.256476684,0.256476684,83.31865285,28.15544041,15.41450777,4.031088083,0.60880829,1.119170984,10.95336788,13.63471503,1.702072539,1.082901554,27.75129534,6.694300518,92.89896373,92.90414508,3.059585492,1,2.694300518,0.005181347,0.272020725,350197.601,1.455958549,1.266839378
2000,36,48.86340394,58.15485756,0.802775749,0.38422206,0.361577794,3498.707816,64.6990504,15.66691015,4.059897736,0.30752374,1.066471877,17.11979547,13.49744339,1.863403944,1.238860482,28.21548576,6.775018262,47.89116143,57.22644266,2.618699781,1.372534697,2.128560993,0.004382761,0.018991965,360688.6333,1.475529584,1.333089847
2000,37,43.54971591,53.78835227,0.34375,0.072443182,0.0703125,685.9254261,101.6505682,15.62926136,4.227982955,0.313920455,1.105823864,19.24928977,12.80113636,1.730823864,1.241477273,27.54403409,6.698153409,43.44815341,53.87002841,2.671164773,1.367897727,1.857244318,0.003551136,0.001420455,370720.9553,1.539772727,1.172585227
2000,38,12.55,30.575,0.0875,0,0,392.625,57.225,15.3875,4.35,0.875,1.075,9.8375,14.2125,1.925,0.925,24.875,6.7625,12.6375,31.7125,2.3375,8.2875,2.4125,0,0.375,380040.5,1.325,1.175
2000,39,85.61254019,86.62700965,0.204983923,0,0,1081.113344,87.02733119,15.50723473,4.101286174,0.372990354,1.09807074,19.49437299,12.71302251,1.700160772,1.370578778,28.38585209,6.889871383,85.32877814,86.53135048,2.463022508,2.311897106,2.709003215,0.004823151,0.000803859,390630.6141,1.556270096,2.243569132
2000,40,29.30487805,40.97212544,0.536585366,0,0,1091.418118,85.83275261,15.16898955,4.146341463,0.398954704,1.132404181,19.04878049,13.22125436,1.663763066,1.25087108,27.13763066,6.505226481,29.23867596,42.2804878,2.656794425,2.81184669,2.259581882,0.012195122,0.015679443,400288.1899,1.555749129,1.153310105
2000,41,14.44717445,29.63636364,2.108108108,0.530712531,0.486486486,340.6117936,35.16707617,15.6977887,4.083538084,0.464373464,1.108108108,14.81818182,14.53808354,1.84029484,1.105651106,29.53316953,6.855036855,13.62653563,30.68058968,2.746928747,1,2.574938575,0,0.068796069,410208.2506,1.555282555,1.486486486
2000,42,29.72851003,43.97206304,1.04226361,0.142550143,0.070916905,1320.369628,64.28939828,15.26647564,4.23495702,0.430515759,1.088825215,19.89541547,12.59527221,1.856017192,1.207020057,28.71919771,6.838108883,28.5487106,43.28080229,2.547277937,1.123925501,2.30730659,0.004297994,0.017908309,420704.4663,1.522922636,1.342406877
2000,44,12.20547945,28.54794521,0.671232877,0,0,955.9452055,6.205479452,14.17808219,4.410958904,0.561643836,1.095890411,23.57534247,12.53424658,2.082191781,1.068493151,25.34246575,6.726027397,12.47945205,27.61643836,2.369863014,1,2.917808219,0.02739726,0,440037.0411,1.315068493,1.205479452
2000,45,15.0443038,30.54957806,0.584388186,0.021097046,0,317.871308,48.14767932,15.51371308,4.251054852,0.339662447,1.123417722,19.94725738,12.8649789,1.635021097,1.338607595,27.40084388,6.520042194,68.71097046,74.78481013,2.522151899,2.679324895,2.737341772,0.002109705,0,450490.4494,1.492616034,1.135021097
2000,46,25.68666667,40.40666667,2.24,1.98,1.98,306.2666667,78.05333333,15.04666667,4.3,0.553333333,1.153333333,13.02666667,15.20666667,1.666666667,1.026666667,26.50666667,6.76,24.60666667,35.22666667,2.8,1,2.36,0,0.4,460075.5,1.46,1.446666667
2000,47,52.71112999,62.84451997,1.188615123,0.13508921,0,525.4885302,96.57179269,15.5531011,4.074766355,0.454545455,1.110450297,19.33050127,14.68394223,1.802039082,1.115548003,29.36618522,6.562446899,52.52761257,61.62192014,2.433305013,1.463041631,2.695836873,0.002548853,0.004248088,470596.3577,1.490229397,1.256584537
2000,48,13.92163491,25.2138906,0.612169637,0.116472034,0.095881991,1729.525507,240.6551936,15.87307929,4.144744929,0.311616472,1.161339889,15.1942225,12.64535956,1.796865396,1.231407498,27.94130301,6.586969883,14.16349109,25.52550707,2.849723417,2.112476951,2.374923171,0.002765827,0,481632.532,1.56637984,1.160725261
2000,49,34.05345912,46.43396226,0,0,0,1107.128931,34.20125786,15.67610063,4.279874214,0.267295597,1.172955975,10.27672956,12.66981132,1.672955975,1.194968553,28.72012579,6.688679245,31.63522013,45.03773585,2.899371069,3.405660377,2.396226415,0.003144654,0,490161.695,1.468553459,1.242138365
2000,50,15.64383562,29.50684932,1.260273973,0,0,905.6164384,14.23287671,16,4.02739726,0.602739726,1.04109589,21.36986301,20.45205479,1.684931507,0.561643836,33.39726027,6.890410959,15.68493151,32.91780822,2.136986301,1,2.835616438,0,0,500037.9726,1.273972603,1.452054795
2000,51,98.76733255,98.76733255,0.656874266,0.349001175,0.349001175,321.293772,210.6039953,15.50763807,4.102232667,0.433607521,1.091656874,19.52643948,12.61104583,1.6039953,1.220916569,27.7720329,6.881316099,98.76733255,98.76733255,2.418331375,1.215041128,2.287896592,0.002350176,0.008225617,510428.1563,1.513513514,1.082256169
2000,53,15.0506993,30.99300699,0.368881119,0,0,498.7062937,42.91958042,15.88811189,4.017482517,0.54020979,1.103146853,16.62587413,13.25699301,1.891608392,1.281468531,27.34090909,6.986013986,14.81993007,30.02097902,2.638111888,1.071678322,2.737762238,0.001748252,0.157342657,530291.0227,1.515734266,1.433566434
2000,54,12.23163842,30.73728814,0.480225989,0,0,305.3502825,52.49152542,14.0819209,4.259887006,0.672316384,1.161016949,20.24293785,16.36158192,1.768361582,1.104519774,30.44915254,6.706214689,12.20056497,29.46892655,2.618644068,1,2.468926554,0.005649718,0.008474576,540178.1073,1.485875706,1.316384181
2000,55,17.81284916,32.93715084,0.216480447,0,0,762.8561453,73.2122905,15.05446927,4.222067039,0.479050279,1.115921788,16.69273743,14.2150838,1.653631285,1.333798883,28.68156425,6.737430168,15.02513966,30.43575419,2.502793296,2.590782123,2.439944134,0.002793296,0.004189944,550358.5,1.55726257,1.452513966
2000,56,18.53787879,33.9469697,1.333333333,0.75,0.75,50.95454545,22.96969697,15.58333333,4.356060606,0.492424242,1.151515152,10.25757576,16.87121212,1.643939394,0.71969697,31.37121212,6.477272727,13.03787879,29.43939394,2.704545455,1,2.431818182,0.007575758,0.045454545,560066.5,1.378787879,1.454545455
2001,1,12.87777778,27.83888889,0.187777778,0,0,515.2877778,73.88444444,15.49111111,4.054444444,0.26,1.101111111,19.58222222,12.67666667,1.635555556,1.162222222,26.62555556,6.597777778,96.8,96.8,2.517777778,2.281111111,3.175555556,0.003333333,0,10451.1,1.516666667,1.137777778
2001,2,17.775,33.2625,0.5875,0,0,280.8625,115.875,15.975,3.8,0.6,1.1125,13.7,14.05,1.925,1.4875,23.55,6.1125,14.5,26.7375,2.6875,1,1.9875,0.025,0,20040.825,1.6125,1.725
2001,4,41.41151386,51.92537313,0.91684435,0.135394456,0.10554371,281.9744136,13.82089552,16.31556503,4.208955224,0.5,1.120469083,14.34861407,15.42963753,2.173773987,1.347547974,31.19722814,6.778251599,37.44029851,48.93176972,3.074626866,1.057569296,8.308102345,0.002132196,0.42750533,40470.66525,1.530916844,1.497867804
2001,5,13.05018587,27.86988848,0.86802974,0.369888476,0.36802974,676.5148699,78.75464684,15.00929368,4.185873606,0.302973978,1.135687732,18.30855019,13.95539033,1.531598513,1.171003717,27.11524164,6.732342007,12.44423792,26.51301115,2.641263941,3.652416357,2.433085502,0.005576208,0,50269.5539,1.49070632,1.273234201
2001,8,17.57650696,33.39103555,0.591962906,0,0,277.0247295,54.95981453,16.27047913,4.043276662,0.676970634,1.145285935,15.95054096,13.37867079,1.817619784,1.044822257,27.75888717,7.123647604,17.11746522,32.73724884,2.741885626,1.13137558,2.904173107,0,0.01236476,80324,1.527047913,1.313755796
2001,9,31.32413793,45.01724138,1.006896552,0,0,429.8103448,6.013793103,15.37241379,4.062068966,0.562068966,1.096551724,19.33793103,12.13793103,1.948275862,1.006896552,29.16206897,6.889655172,27.43103448,42.03103448,2.455172414,1,2.434482759,0,0.013793103,90145.51034,1.493103448,1.237931034
2001,10,14.07692308,31.26495726,0.324786325,0,0,288.8290598,3.222222222,15.11111111,4.213675214,0.504273504,1.162393162,18.91452991,13.04273504,1.717948718,1.538461538,28.14529915,7.136752137,13.47863248,29.08547009,2.88034188,2.307692308,2.675213675,0,0,100059.8376,1.581196581,1.094017094
2001,11,95.9137931,96.36206897,5.706896552,3.413793103,3.413793103,10,1,16.15517241,3.965517241,0.137931034,1.172413793,18.0862069,10.65517241,2,0.931034483,26.63793103,7.034482759,72.01724138,76.65517241,3.448275862,59.17241379,2.896551724,0,0.017241379,110029.931,1.517241379,1.155172414
2001,12,27.50626382,40.78297716,0.367722918,0.042004422,0.036477524,726.7380251,71.65143699,15.57700811,4.165438467,0.389093589,1.109801032,15.38504053,13.05084746,1.846720707,1.422991894,27.55158438,6.45431098,27.35298452,41.11274871,2.850036846,1.703021371,1.743551953,0.002947679,0.018054532,121360.5527,1.593220339,1.134856301
2001,13,15.00135962,29.89055065,0.740312712,0.029231815,0,590.2603671,139.0197145,15.49626105,4.11692726,0.310673012,1.119646499,17.72059823,13.71380014,1.689326988,1.420802175,29.56900068,6.826648538,14.93745751,29.77702243,2.793337865,3.008837525,2.596872876,0.006118287,0.008837525,130739.4351,1.611828688,1.194425561
2001,15,16.54545455,32.93939394,0.893939394,0.75,0.75,5182.568182,3.863636364,14.4469697,3.893939394,0.431818182,1.060606061,17.68939394,13.18181818,2.21969697,0.962121212,27.62121212,7.113636364,16.29545455,32.28787879,2.522727273,1,2.03030303,0,0,150067.8939,1.424242424,1.303030303
2001,16,13.99555556,29.59555556,2.115555556,1.408888889,1.32,131.3688889,39.63111111,15.93777778,4.191111111,0.408888889,1.151111111,14.72888889,13.33333333,1.591111111,1.093333333,26.49333333,7.008888889,13.42666667,27.91555556,2.933333333,1.995555556,2.142222222,0.013333333,0.142222222,160113,1.426666667,1.426666667
2001,17,22.98508634,91.3155416,0.247252747,0.023547881,0,2018.458399,88.42621664,15.76530612,4.088697017,0.5,1.10989011,16.48351648,12.23469388,1.801412873,1.278649922,28.55572998,6.930926217,12.66954474,28.42935636,2.674254317,2.436420722,2.175039246,0.003924647,0.002354788,170645.1546,1.553375196,1.279434851
2001,18,99,99,0.547878788,0.001212121,0,655.3806061,86.93454545,15.54181818,4.187878788,0.333333333,1.101818182,19.35636364,12.93939394,1.653333333,1.465454545,29.24,6.806060606,99,99,2.532121212,3.396363636,2.683636364,0.003636364,0.002424242,180413,1.563636364,1.299393939
2001,19,12.1484375,29.02604167,0.153645833,0,0,1152.617188,109.4375,16.08333333,4.1484375,0.302083333,1.161458333,14.02604167,12.73958333,1.65625,1.502604167,27.80989583,7.046875,12.09114583,27.51041667,2.645833333,3.78125,1.932291667,0.005208333,0,190198.2292,1.575520833,1.3515625
2001,20,16.5787037,31.47916667,3.162037037,0.050925926,0,862.349537,110.4768519,14.96527778,4.25462963,0.331018519,1.143518519,17.2037037,12.77546296,1.803240741,1.270833333,26.44675926,6.784722222,15.16666667,29.33101852,2.4375,1.80787037,2.196759259,0.00462963,0.023148148,200220.1644,1.488425926,1.164351852
2001,21,19.80052493,34.3175853,0.250656168,0,0,824.8425197,116.0209974,15.84908136,4.211286089,0.304461942,1.108923885,19.332021,13.07349081,1.648293963,1.19160105,27.76509186,6.767716535,19.62992126,34.80577428,2.511811024,2.011811024,2.275590551,0.002624672,0,210382.5499,1.523622047,1.257217848
2001,22,14.52093023,29.99186047,0.310465116,0,0,381.494186,60.41395349,15.59651163,4.108139535,0.429069767,1.106976744,18.67906977,12.99883721,1.78372093,1.174418605,27.93953488,6.665116279,14.35813953,29.36395349,2.615116279,2.990697674,2.158139535,0.005813953,0.001162791,220433.3581,1.495348837,1.255813953
2001,23,12.72352941,30.63529412,0.964705882,0,0,4983.058824,15.77647059,15.85882353,4.111764706,0.335294118,1.129411765,18.68823529,12.90588235,1.641176471,1.076470588,29.28823529,7.135294118,12.79411765,33.78823529,2.670588235,1,2.235294118,0.011764706,0.011764706,230085.6706,1.541176471,1.458823529
2001,24,98.835,98.835,0.598333333,0.495,0.495,355.785,64.42833333,15.74833333,4.205,0.458333333,1.098333333,19.30333333,12.57666667,1.778333333,1.255,30.36166667,7.018333333,98.835,98.835,2.56,1.451666667,2.566666667,0,0.008333333,240302.9317,1.575,1.148333333
2001,25,21.14125561,36.4103139,0.8632287,0.271300448,0.221973094,749.0874439,16.38116592,15.41479821,4.260089686,0.352017937,1.069506726,20.39686099,12.15246637,2.031390135,0.923766816,27.42152466,7.116591928,20.80493274,36.01569507,2.356502242,1,2.468609865,0,0.020179372,250230.5426,1.392376682,1.441704036
2001,26,39.11525705,50.56716418,4.693200663,0.054726368,0,892.2777778,105.4883914,15.7371476,4.228026534,0.410447761,1.101160862,17.41791045,12.90878939,1.825041459,1.435323383,29.26533997,6.795190713,36.29767828,48.50829187,2.71973466,1.846600332,2.605306799,0.004145937,0,260605.5954,1.611111111,1.341625207
2001,27,25.39566929,38.57086614,0.122047244,0.003937008,0,1634.627953,81.95275591,16.28937008,4.169291339,0.478346457,1.118110236,14.02362205,14.32480315,1.875984252,1.533464567,29.28543307,6.99015748,21.70669291,35.71259843,2.68503937,1.478346457,2.153543307,0.007874016,0.070866142,270254.939,1.55511811,1.507874016
2001,28,10.93607955,20.96448864,0.028409091,0,0,295.8821023,78.47727273,15.83238636,4.188920455,0.284090909,1.113636364,19.50284091,13.35085227,1.586647727,1.166193182,28.515625,6.627840909,13.39204545,22.05823864,2.313920455,4.670454545,3.348011364,0,0.005681818,280353.9205,1.434659091,1.223011364