YEAR,STATE,ARR_HOUR,ARR_MIN,CF1,CF2,CF3,CITY,COUNTY,DAY,DAY_WEEK,DRUNK_DR,FATALS,HARM_EV,HOUR,LGT_COND,MAN_COLL,MINUTE,MONTH,NOT_HOUR,NOT_MIN,PERSONS,RAIL,REL_ROAD,SCH_BUS,SP_JUR,ST_CASE,VE_FORMS,WEATHER
2001,29,15.64028777,32.43987667,0.764645427,0.039054471,0,1716.445015,133.3679342,16.38848921,4.121274409,0.475847893,1.128468654,19.09044193,14.00513875,1.648509764,1.048304214,28.72353546,6.781089414,15.71531346,31.54984584,2.564234327,1.32065776,2.494347379,0.002055498,0,290491.2097,1.49331963,1.215827338
2001,30,15.6318408,29.56218905,0.029850746,0,0,21.94029851,54.55223881,14.99004975,4,0.63681592,1.144278607,13.73134328,13.37313433,1.63681592,0.7960199,25.93034826,7.134328358,13.1641791,29.2039801,2.353233831,1,2.189054726,0,0.31840796,300101,1.353233831,1.462686567
2001,31,22.6,35.05581395,0.093023256,0,0,936.1860465,84.30232558,15.90232558,4.046511628,0.4,1.144186047,13.16744186,18.18604651,1.651162791,1.4,29.59534884,7.23255814,22.37674419,35.49302326,2.944186047,4.134883721,2.111627907,0.004651163,0,310108,1.618604651,1.358139535
2001,32,24.92280702,39.57894737,0.750877193,0.066666667,0,37.49473684,11.28421053,16.47368421,4,0.438596491,1.101754386,11.78596491,13.07368421,1.757894737,1.164912281,27.99649123,7.063157895,23.4245614,37.98947368,2.877192982,1.778947368,2.115789474,0.003508772,0.003508772,320143,1.585964912,1.042105263
2001,33,13.61290323,26.81451613,0.306451613,0,0,582.0806452,10.62903226,16.02419355,3.89516129,0.588709677,1.14516129,17.80645161,14.38709677,1.774193548,1.153225806,30.47580645,7.032258065,13.60483871,29.67741935,2.612903226,1,2.943548387,0,0,330064.0645,1.572580645,1.717741935
2001,34,98.46255507,98.51982379,1.083700441,0.581497797,0.581497797,1421.575624,18.40381791,16.15859031,4.022026432,0.350954479,1.093979442,17.73861968,12.08370044,1.925110132,1.246696035,27.46549192,6.825256975,97.83700441,97.94419971,2.716593245,1.176211454,2.563876652,0.005873715,0.013215859,340369.4038,1.584434655,1.205580029
2001,35,94.7253012,94.76385542,0.2,0,0,92.99759036,31.57831325,15.40722892,4.118072289,0.590361446,1.118072289,12.15903614,13.68674699,1.681927711,1.007228916,26.91807229,6.74939759,94.94457831,94.94457831,2.706024096,2.187951807,2.590361446,0.002409639,0.151807229,350210.6578,1.373493976,1.257831325
2001,36,48.87369882,58.37335184,0.40111034,0.081887578,0.06870229,3480.609299,65.66759195,16.22206801,4.122831367,0.313671062,1.085357391,17.44760583,13.06384455,1.864677307,1.220680083,27.26995142,7.112421929,48.58362248,58.37890354,2.641915337,1.836224844,2.386537127,0.006939625,0.013185288,360725.2811,1.463566967,1.247744622
2001,37,40.81764706,53.09117647,0.288970588,0,0,632.5786765,100.0897059,15.28455882,4.074264706,0.400735294,1.125,18.48014706,12.89044118,1.674264706,1.267647059,28.40514706,6.802205882,40.70367647,51.7875,2.652205882,1.414705882,1.797794118,0.001470588,0.005882353,370689.5882,1.540441176,1.1875
2001,38,11.46875,26.22916667,0,0,0,82.39583333,61.10416667,15.71875,4.197916667,0.8125,1.09375,12.22916667,11.0625,1.90625,1.166666667,27.27083333,6.802083333,10.71875,25.34375,2.166666667,1.354166667,2.572916667,0,0.5,380048.5,1.395833333,1.510416667
2001,39,32.58154336,44.02147971,0.38743039,0.170246619,0.1575179,1160.071599,87.20843278,15.70167064,4.287987271,0.449482896,1.096260939,20.06841687,12.9220366,1.743038982,1.290373906,28.13762928,6.879077168,28.9451074,40.95465394,2.501193317,2.679395386,2.572792363,0.00159109,0.003977725,390637.4566,1.539379475,1.330151154
2001,40,31.82482993,43.76530612,0.454081633,0,0,1112.518707,84.53061224,15.99489796,4.19047619,0.454081633,1.159863946,18.69387755,13.05612245,1.637755102,1.284013605,27.05612245,7.074829932,31.52380952,43.95748299,2.695578231,2.348639456,2.411564626,0.003401361,0.010204082,400295.4439,1.534013605,1.207482993
2001,41,14.35046729,28.94859813,0.936915888,0,0,351.6448598,36.46728972,16.28738318,4.214953271,0.46728972,1.140186916,16.40420561,13.93925234,1.668224299,0.901869159,26.71728972,7.01635514,13.78738318,29.1588785,2.595794393,1.593457944,2.525700935,0.004672897,0.119158879,410219.1332,1.478971963,1.36682243
2001,42,31.4317852,44.12191582,0.40203193,0,0,1358.866473,64.20754717,15.38026125,4.204644412,0.412191582,1.111756168,19.7256894,12.75907112,1.848330914,1.255442671,27.85994194,7.032656023,30.54571843,43.8563135,2.578374456,1.490566038,2.260522496,0.003628447,0.006531205,420693.4942,1.558780842,1.309869376
2001,44,11.74358974,30.28205128,0.782051282,0.256410256,0,143.2692308,5.897435897,15.05128205,3.884615385,0.628205128,1.038461538,18.70512821,11.94871795,2.08974359,0.91025641,30.52564103,6.461538462,11.92307692,32.02564103,2.653846154,1,2.846153846,0.012820513,0,440039.5,1.474358974,1.205128205
2001,45,12.98232848,29.26715177,0.145530146,0,0,122.5540541,48.54989605,15.48856549,4.261954262,0.659043659,1.101871102,19.72245322,12.22661123,1.739085239,1.180873181,27.13617464,6.719334719,16.07484407,32.39189189,2.454261954,1.93035343,2.323284823,0.004158004,0,450503.8316,1.455301455,1.207900208
2001,46,19.55194805,34.21428571,1.181818182,0.642857143,0.642857143,290.5194805,75.18181818,14.92207792,4.155844156,0.538961039,1.11038961,13.77272727,15.67532468,1.577922078,1.019480519,30.59090909,6.974025974,19.52597403,34.27922078,2.616883117,1.701298701,2.292207792,0,0.584415584,460077.5,1.428571429,1.298701299
2001,47,55.15097691,63.72113677,0.80017762,0.372113677,0.351687389,581.2255773,97.28063943,16.03108348,4.154529307,0.3330373,1.111012433,20.19982238,14.89698046,1.824156306,1.111900533,29.49111901,6.776198934,55.1687389,62.80905861,2.540852575,1.921847247,2.574600355,0.000888099,0.005328597,470578.9618,1.525754885,1.307282416
2001,48,11.08830621,23.47317661,0.600361664,0.058770344,0.029837251,1802.809825,238.5940325,16.00693189,4.155515371,0.315852923,1.125979506,15.00753466,12.91922845,1.809825196,1.242314647,27.60638939,6.645268234,11.28059072,22.90988547,2.789029536,2.24291742,2.392405063,0.002109705,0.005424955,481664.0425,1.56238698,1.205244123
2001,49,36.17054264,48.48449612,0,0,0,916.9922481,33.27906977,17.07751938,4.255813953,0.205426357,1.127906977,10.96899225,14.29844961,1.670542636,1.209302326,29.45348837,6.837209302,33.96124031,46.03488372,2.84496124,3.802325581,2.372093023,0.007751938,0,490131.4574,1.511627907,1.290697674
2001,50,16.13095238,33.98809524,0.392857143,0,0,1192.357143,14.4047619,15.71428571,4.214285714,0.583333333,1.095238095,18.89285714,19.60714286,1.69047619,0.964285714,35.96428571,7.369047619,15.95238095,34.9047619,2.261904762,3.738095238,3.535714286,0,0.095238095,500042.5,1.428571429,1.345238095
2001,51,98.88421053,98.88421053,0.402339181,0.141520468,0.115789474,365.5812865,222.7766082,16.27368421,4.208187135,0.43625731,1.093567251,19.41052632,12.91111111,1.575438596,1.132163743,26.41052632,6.766081871,98.88421053,98.88421053,2.457309942,1.281871345,2.370760234,0.002339181,0.032748538,510430.248,1.573099415,1.07251462
2001,53,18.33626761,32.72183099,0.651408451,0,0,484.8433099,42.08098592,15.48943662,4.223591549,0.514084507,1.142605634,16.19190141,13.25352113,1.832746479,1.169014085,29.75176056,6.75528169,18.20070423,34.10387324,2.732394366,1.052816901,2.674295775,0.003521127,0.153169014,530289.2095,1.51056338,1.295774648
2001,54,13.43380282,28.77183099,0.315492958,0,0,283.3267606,50.38591549,15.92676056,4.222535211,0.523943662,1.05915493,18.01408451,14.78591549,1.566197183,0.912676056,31.25633803,6.983098592,13.33521127,30.73521127,2.428169014,1.363380282,2.461971831,0.002816901,0,540178.9099,1.428169014,1.230985915
2001,55,16.09516837,31.61346999,0.219619327,0,0,808.8960469,76.56076135,16.13323572,4.348462665,0.54465593,1.117130307,16.6954612,13.06002928,1.786237189,1.251830161,28.91800878,7.37920937,13.57540264,30.58272328,2.458272328,2.631039531,2.345534407,0.010248902,0.030746706,550342,1.503660322,1.434846266
2001,56,15.09677419,31.46451613,1.15483871,0.638709677,0.638709677,39.87096774,19.99354839,16.42580645,4.270967742,0.567741935,1.2,11.27096774,14.54193548,1.670967742,1.019354839,29.43870968,6.961290323,14.36129032,29.33548387,2.535483871,1,2.767741935,0,0.077419355,560078,1.335483871,1.509677419
2002,1,13.27604726,28.23308271,1.162191192,0.572502685,0.531686359,488.3029001,72.64124597,15.68635875,4.243823845,0.327604726,1.114930183,20.22878625,12.49087003,1.651987111,1.332975295,26.44575725,6.530612245,96.89044039,96.89473684,2.421052632,3.372717508,2.566058002,0,0,10469.98496,1.4650913,1.174006445
2002,2,19.1025641,36.53846154,0.346153846,0,0,623.2307692,102.525641,16.02564103,4.461538462,0.461538462,1.141025641,16.79487179,12.61538462,1.897435897,1.358974359,33.79487179,7.115384615,18.92307692,39.17948718,2.794871795,2,1.897435897,0,0,20040.10256,1.448717949,1.551282051
2002,4,39.79979675,51.50711382,0.979674797,0.149390244,0.100609756,333.1849593,16.53150407,15.98780488,4.237804878,0.417682927,1.150406504,14.33536585,15.89430894,2.205284553,4.026422764,32.80894309,6.43597561,37.57723577,50.4847561,3.00101626,2.354674797,8.968495935,0.004065041,0.524390244,40494.5122,1.515243902,1.581300813
2002,5,13.05215827,27.39748201,0.832733813,0.356115108,0.356115108,778.1996403,82.07553957,15.23920863,4.160071942,0.356115108,1.151079137,17.92985612,13.24820144,1.638489209,1.464028777,28.21402878,6.760791367,12.84352518,28.49640288,2.557553957,4.764388489,2.363309353,0.003597122,0,50278.7446,1.465827338,1.239208633
2002,8,18.10487445,33.01772526,0.64254062,0.292466765,0.292466765,350.1772526,54.61595273,15.42245199,4.155096012,0.624815362,1.097488922,16.24667651,13.36041359,1.890694239,1.137370753,28.13441654,6.664697194,17.41654357,33.46824225,2.635155096,2.338257016,2.949778434,0.00295421,0.008862629,80339,1.444608567,1.268833087
2002,9,30.53156146,43.93023256,0.990033223,0.096345515,0,429.4219269,6.255813953,15.78405316,3.956810631,0.481727575,1.079734219,19.6013289,13.21594684,2.142857143,1.19269103,30.12292359,6.897009967,26.94019934,41.81063123,2.388704319,2.372093023,2.401993355,0,0,90151,1.398671096,1.249169435
2002,10,12.53508772,28.26315789,0.947368421,0,0,22.80701754,3.271929825,14.05263158,4.157894737,0.456140351,1.087719298,17.35087719,13.28070175,1.675438596,1.245614035,31.38596491,6.736842105,12.37719298,30.75438596,2.842105263,3.061403509,3.026315789,0,0,100057.5,1.552631579,1.245614035
2002,11,99,99,7.558139535,3.325581395,2.302325581,10,1,15.65116279,4,0.11627907,1.093023256,17.37209302,11.51162791,2.139534884,2.139534884,30.90697674,5.837209302,99,99,2.720930233,6.906976744,2.186046512,0,0,110023.2558,1.697674419,1.023255814
2002,12,28.85373665,42.43202847,0.437366548,0.040925267,0.035231317,756.0932384,72.31316726,15.73345196,4.13594306,0.368683274,1.116014235,15.38007117,13.7747331,1.897508897,1.656227758,28.52633452,6.54519573,28.80676157,42.12562278,2.787900356,2.541281139,1.809252669,0.002846975,0.000711744,121408.3078,1.579359431,1.118505338
2002,13,14.79515419,29.54919236,0.684287812,0.020558003,0,609.2371512,142.9471366,15.88399413,4.161527166,0.301762115,1.118942731,17.81718062,13.26872247,1.699706314,2.153450808,28.57195301,6.669603524,14.52202643,28.96475771,2.704111601,2.532305433,2.934654919,0.002936858,0.008076358,130685.9163,1.607929515,1.242290749
2002,15,36.66956522,50.16521739,2.826086957,2.582608696,2.582608696,5503.513043,3.556521739,14.2,4.07826087,0.504347826,1.034782609,14.09565217,10.73043478,2.208695652,1.217391304,29.02608696,6.426086957,35.0173913,47.70434783,2.773913043,2,2,0.008695652,0,150059.5043,1.460869565,1.217391304
2002,16,15.11304348,31.68695652,2.604347826,1.386956522,1.291304348,178.3434783,36.20869565,16.3,4.069565217,0.373913043,1.147826087,15.6,13.99130435,1.773913043,2.008695652,26.80434783,6.556521739,14.28695652,28.0826087,2.891304348,2.895652174,1.943478261,0.004347826,0.282608696,160116.1087,1.534782609,1.365217391
2002,17,18.11861744,92.55223881,0.538884525,0,0,1827.318146,86.04006284,15.68578162,4.184603299,0.508248233,1.115475255,16.95993716,11.95129615,1.882168107,1.59230165,28.0494894,6.743126473,11.98586017,27.21209741,2.688138256,2.62529458,2.30479183,0.002356638,0,170643.6017,1.523959152,1.282796544
2002,18,99,99,0.761904762,0.019607843,0,616.9047619,90.7394958,15.6302521,4.141456583,0.344537815,1.109243697,18.55182073,14.28151261,1.778711485,1.87535014,30.29691877,6.619047619,99,99,2.546218487,6.593837535,2.81232493,0.00140056,0,180359.1022,1.620448179,1.24929972
2002,19,12.94623656,28.05107527,0.161290323,0,0,1017.134409,103.8655914,14.91935484,4.228494624,0.282258065,1.088709677,13.6827957,12.96505376,1.626344086,1.809139785,29.11827957,6.962365591,12.43548387,27.74462366,2.64516129,2.75,2.13172043,0.002688172,0.002688172,190188.0161,1.60483871,1.408602151
2002,20,25.4741573,38.24044944,3.112359551,0.083146067,0,971.3977528,112.1348315,15.31910112,4.069662921,0.348314607,1.139325843,16.3258427,13.03146067,1.734831461,1.543820225,26.59101124,6.896629213,24.30786517,36.96629213,2.586516854,3.820224719,2.051685393,0.004494382,0.035955056,200226.1213,1.525842697,1.193258427
2002,21,20.70123457,35.74814815,0.279012346,0,0,828.9024691,122.6765432,15.86419753,4.298765432,0.32962963,1.12962963,20.37530864,12.91481481,1.648148148,1.465432099,26.99506173,6.602469136,20.44691358,33.76419753,2.443209877,2.543209877,2.343209877,0.003703704,0.009876543,210405.8333,1.511111111,1.337037037
2002,22,15.4375,30.67401961,0.193627451,0,0,346.5943627,62.15563725,15.60661765,4.261029412,0.4375,1.111519608,18.54166667,12.96446078,1.800245098,2.132352941,27.74632353,6.486519608,15.39705882,31.75857843,2.599264706,3.486519608,2.606617647,0.00245098,0,220408.663,1.504901961,1.574754902
2002,23,13.97311828,28.07526882,0.225806452,0.096774194,0,5176.193548,14.87096774,14.65053763,4.370967742,0.252688172,1.161290323,19.05376344,13.30107527,1.537634409,1.639784946,28.11827957,6.564516129,13.32795699,28.80645161,2.360215054,2,2.376344086,0,0.016129032,230093.5,1.462365591,1.413978495
2002,24,99,99,0.162251656,0,0,137.7201987,54.46523179,15.35430464,4.026490066,0.466887417,1.094370861,19.0513245,12.52980132,1.761589404,1.642384106,28.94536424,6.814569536,99,99,2.632450331,2,2.400662252,0,0.001655629,240303.6954,1.599337748,1.147350993
2002,25,25.08083141,40.63972286,2.244803695,0.304849885,0.228637413,718.9907621,16.04387991,15.54503464,3.986143187,0.401847575,1.060046189,20.78752887,11.50577367,2.027713626,1.360277136,29.18706697,6.792147806,24.19861432,38.87297921,2.429561201,2.064665127,2.290993072,0.004618938,0.027713626,250217,1.445727483,1.56812933
2002,26,39.98209719,51.31713555,4.982097187,0.083546462,0,746.7425405,102.0511509,15.10997442,4.248081841,0.37084399,1.088661552,17.03836317,13.29497016,1.805626598,2.021312873,29.17902813,6.658141517,37.92412617,50.37595908,2.692242114,2.568627451,2.498721228,0.00170503,0,260593.029,1.58226769,1.371696505
2002,27,27.62033898,39.40847458,0.13220339,0,0,1454.144068,85.02033898,15.10847458,4.222033898,0.459322034,1.113559322,15.11355932,13.26949153,1.840677966,2.433898305,28.33050847,6.918644068,23.3220339,35.76101695,2.594915254,2.461016949,2.255932203,0.005084746,0.03220339,270300.6305,1.511864407,1.406779661
2002,28,9.360208062,19.60078023,0.162548765,0.128738622,0.128738622,296.0377113,80.42782835,15.41092328,4.193758127,0.342002601,1.150845254,19.39011704,13.3159948,1.647594278,1.756827048,29.29778934,6.479843953,12.30429129,22.36020806,2.44343303,4.911573472,3.699609883,0,0.00130039,280386.5384,1.438231469,1.243172952
2002,29,36.81330869,49.76432532,0.72181146,0.111829945,0.091497227,1716.325323,128.9186691,15.56099815,4.194085028,0.42051756,1.116451017,18.12292052,13.26802218,1.641404806,1.441774492,27.30961183,6.825323475,36.45563771,47.76340111,2.551756007,2.97689464,2.42051756,0.002772643,0.00831793,290545.671,1.524953789,1.296672828
2002,30,13.75431034,29.60775862,0.11637931,0.081896552,0,63.82327586,54.09051724,15.98275862,4.379310345,0.810344828,1.159482759,14.56034483,15.47413793,1.767241379,0.775862069,27.18103448,7.301724138,12.43534483,28.625,2.349137931,4.017241379,2.568965517,0.004310345,0.530172414,300116.5,1.331896552,1.336206897
2002,31,15.99632353,29.82352941,0.448529412,0,0,551.4338235,95.91176471,16.11764706,4.238970588,0.397058824,1.128676471,13.45220588,15.29044118,1.830882353,1.400735294,31.04044118,6.455882353,15.35294118,28.90073529,2.602941176,6.845588235,2.441176471,0.003676471,0,310136.5,1.518382353,1.492647059
2002,32,28.22121212,42.72121212,0.657575758,0.042424242,0,40.34848485,14.02121212,15.34545455,4.090909091,0.418181818,1.154545455,13.33939394,12.53636364,1.751515152,1.418181818,28.01515152,6.606060606,27.08181818,40.91212121,2.915151515,2,2.142424242,0.003030303,0,320165.5,1.560606061,1.1
2002,33,14,32.61538462,0.495726496,0,0,505.8034188,11.23931624,14.68376068,3.735042735,0.47008547,1.085470085,20.68376068,12.98290598,1.64957265,2.324786325,29.35897436,6.598290598,13.8974359,30.71794872,2.384615385,2,2.64957265,0,0.008547009,330059.265,1.572649573,1.393162393
2002,34,98.3252149,98.4469914,1.570200573,0.992836676,0.992836676,1410.137536,18.79083095,15.73495702,4.103151862,0.342406877,1.104584527,17.7965616,12.14469914,1.998567335,1.395415473,28.98853868,6.553008596,98.3252149,98.43266476,2.577363897,2,2.169054441,0.005730659,0.011461318,340370.3281,1.494269341,1.187679083
2002,35,96.01507538,96.01507538,0.570351759,0.248743719,0.248743719,75.22864322,28.6959799,15.45477387,4.148241206,0.615577889,1.128140704,12.53517588,13.20100503,1.733668342,2.213567839,27.83919598,6.72361809,95.80904523,95.79145729,2.932160804,2,2.298994975,0.005025126,0.231155779,350205.902,1.434673367,1.311557789
2002,36,47.46279235,56.26506024,0.418143161,0.034727144,0,3535.173636,66.43586109,15.24946846,4.028348689,0.269312544,1.084337349,17.59036145,13.36924167,1.883061658,1.481927711,27.7696669,6.791637137,47.03118356,56.09780298,2.658398299,2.447909284,2.613040397,0.006378455,0.015591779,360707.1701,1.471296953,1.282778172
2002,37,35.14996496,47.89838823,0.444288718,0.069376314,0.069376314,677.5935529,103.6895585,15.44218641,4.055360897,0.423265592,1.104414856,19.7259986,12.91871058,1.703573931,1.511562719,27.01471619,6.671338472,34.94884373,46.61317449,2.552207428,2.210932025,1.896986685,0.002803083,0.000700771,370726.459,1.505255781,1.210932025
2002,38,11.16666667,25.6547619,0,0,0,179.8809524,57.5,17.26190476,4.404761905,0.726190476,1.154761905,12.76190476,11.73809524,1.583333333,1.523809524,25.46428571,6.904761905,10.88095238,27.67857143,2.416666667,2.488095238,2.273809524,0.011904762,0.416666667,380042.5,1.488095238,1.25
2002,39,25.21011673,37.95642023,0.549416342,0.260700389,0.231128405,1147.876265,87.02101167,15.70817121,4.182101167,0.432684825,1.103501946,19.99377432,12.42412451,1.762645914,1.809338521,27.90972763,6.856031128,25.83424125,38.79533074,2.494163424,3.558754864,2.395330739,0.003891051,0.00155642,390651.4918,1.556420233,1.299610895
2002,40,33.15336463,45.71517997,0.543035994,0,0,1117.893584,83.25039124,15.49608764,4.148669797,0.372456964,1.156494523,18.62128326,13.18622848,1.58685446,1.679186228,27.38184664,6.818466354,32.80907668,43.92175274,2.669796557,4.169014085,2.330203443,0.00312989,0,400323.8529,1.543035994,1.158059468
2002,41,14.95876289,31.49484536,1.110824742,0,0,378.3530928,37.41752577,14.1443299,4.134020619,0.463917526,1.12371134,15.68041237,15.33762887,1.868556701,1.128865979,29.28865979,6.49742268,13.41237113,29.81443299,2.56185567,2,2.551546392,0.00257732,0.048969072,410197.7964,1.43556701,1.554123711
2002,42,49.14569083,59.63406293,0.467852257,0.090287278,0.067715458,1783.625171,64.35157319,15.67168263,4.127222982,0.44254446,1.103967168,21.03283174,13.30095759,1.822845417,1.496580027,28.45212038,6.60875513,48.09781122,58.2250342,2.476744186,2.525307798,2.899452804,0.006155951,0.019835841,420738.2839,1.503419973,1.323529412
2002,44,10.61728395,29.96296296,1.765432099,0,0,146.0493827,6.407407407,16.03703704,4.555555556,0.567901235,1.037037037,19.16049383,11.32098765,2.160493827,1.259259259,27.74074074,7.037037037,11.72839506,28.59259259,2.419753086,2,2.530864198,0.037037037,0,440041,1.456790123,1.160493827
2002,45,13.75763962,30.12855638,0.290832455,0.104320337,0.104320337,135.2286617,47.97997893,15.84931507,4.306638567,0.531085353,1.109589041,20.9662803,12.80400421,1.628029505,1.27081138,26.76185458,6.717597471,14.84088514,30.81348788,2.498419389,3.111696523,2.457323498,0.003161222,0,450484.2129,1.453108535,1.22971549
2002,46,18.28930818,33.29559748,0.635220126,0,0,304.245283,75.50314465,13.57232704,4.037735849,0.660377358,1.132075472,12.90566038,16.55974843,1.811320755,1.025157233,30.42767296,6.327044025,17.59748428,30.64150943,2.477987421,2,2.465408805,0,0.874213836,460080,1.371069182,1.333333333
2002,47,60.67958412,68.60869565,0.36294896,0.122873346,0.093572779,556.8601134,97.50094518,15.63799622,4.09073724,0.459357278,1.112476371,20.23251418,14.51890359,1.768431002,1.404536862,29.35255198,6.643667297,60.8241966,68.9026465,2.474480151,2.921550095,2.535916824,0.00094518,0.004725898,470537.7127,1.47637051,1.259924386
2002,48,11.1385902,22.96475508,0.563918757,0.036439665,0,1818.013142,238.4889486,15.80406213,4.124850657,0.371266428,1.141875747,14.98894863,12.12066906,1.829151732,1.538530466,27.72789725,6.48655914,11.0146356,22.36379928,2.811230585,3.019713262,2.35692951,0.001792115,0.002389486,481681.1517,1.549283154,1.152031063
2002,49,28.73357664,41.9270073,0.218978102,0,0,731.5875912,34.83211679,15.55109489,4.233576642,0.197080292,1.197080292,9.846715328,13.40875912,1.784671533,1.211678832,29.50364964,6.934306569,26.94525547,41.62408759,2.872262774,4.310218978,2.751824818,0.003649635,0,490137.5,1.437956204,1.226277372
2002,50,14.28985507,29.01449275,0.811594203,0,0,1487.681159,15.69565217,15.46376812,4.202898551,0.47826087,1.130434783,17.50724638,19.69565217,1.797101449,1.52173913,32.92753623,7.15942029,14.39130435,32.65217391,3.014492754,2,2.289855072,0.014492754,0.072463768,500035,1.579710145,1.52173913
2002,51,98.9,98.92771084,1.387951807,0.954216867,0.954216867,534.6927711,204.3361446,15.61445783,4.065060241,0.385542169,1.101204819,20.39638554,12.20120482,1.73253012,1.408433735,26.72409639,6.445783133,99,99,2.34939759,2.254216867,2.485542169,0.004819277,0,510417.8711,1.46626506,1.168674699
2002,53,15.65870307,32.13993174,0.788395904,0.034129693,0,412.0819113,43.30375427,15.42150171,4.163822526,0.559726962,1.122866894,16.4112628,13.24232082,1.800341297,1.317406143,27.16211604,6.607508532,15.21331058,30.49146758,2.491467577,2.215017065,2.791808874,0.001706485,0.203071672,530295.7218,1.4778157,1.271331058
2002,54,11.895,30.0475,0.305,0,0,267.6225,50.67,16.4725,4.1725,0.6175,1.0975,18.61,14.3725,1.5775,1.3625,29.8725,6.885,11.835,29.94,2.345,2.13,2.8075,0.0075,0,540201.24,1.445,1.36
2002,55,15.55755895,31.7517337,0.484049931,0,0,648.6185853,72.88488211,16.22191401,4.27184466,0.493758669,1.113730929,16.40776699,13.76976422,1.746185853,1.59223301,29.77531207,6.837725381,13.3814147,30.38002774,2.581137309,2.515950069,2.289875173,0.004160888,0.037447989,550361.9445,1.574202497,1.432732316
2002,56,13.83443709,30.96688742,0.701986755,0,0,57.01986755,19.51655629,15.69536424,3.986754967,0.509933775,1.165562914,13.33112583,14.78807947,1.589403974,1.01986755,29.69536424,7.066225166,12.47682119,29.04635762,2.490066225,2.264900662,2.635761589,0,0.059602649,560076,1.344370861,1.331125828
2003,1,14.93126386,30.8713969,1.851441242,1.135254989,1.097560976,512.9667406,71.28824834,15.64966741,4.271618625,0.358093126,1.11308204,20.29157428,12.87583149,1.745011086,1.454545455,27.72283814,6.870288248,81.0232816,84.72394678,2.518847007,3.307095344,2.401330377,0.001108647,0.003325942,10452.78825,1.541019956,1.135254989
2003,2,44.93103448,55.09195402,0,0,0,1170.068966,113.8965517,15.37931034,3.83908046,0.390804598,1.126436782,15.7816092,16.90804598,1.701149425,1.091954023,29.74712644,6.873563218,43.05747126,52.8045977,2.298850575,2,1.885057471,0,0,20045.66667,1.436781609,1.390804598
2003,4,41.43576567,52.25282631,1.354573484,0.368961973,0.305241521,335.1366906,16.0729702,17.17985612,4.327852004,0.41315519,1.149023638,14.89208633,17.81911614,2.232271326,4.561151079,32.63926002,6.7327852,38.28674203,49.81192189,3.042137718,2.34635149,9.17368962,0.002055498,0.476875642,40488.1223,1.549845838,1.651593011
2003,5,12.69626998,28.31261101,0.518650089,0.005328597,0,781.035524,80.40674956,15.54174067,4.323268206,0.378330373,1.136767318,18.26465364,13.81349911,1.612788632,1.419182948,29.11722913,6.829484902,12.74245115,28.58614565,2.41740675,3.079928952,2.451154529,0.001776199,0,50282.34103,1.465364121,1.335701599
2003,8,20.78947368,35.32982456,0.919298246,0.173684211,0.173684211,344.1561404,55.48596491,15.33333333,4.122807018,0.585964912,1.126315789,14.92105263,12.82807018,1.826315789,1.450877193,26.86842105,6.638596491,19.8122807,34.4245614,2.756140351,2,2.645614035,0.001754386,0,80285.5,1.543859649,1.257894737
2003,9,25.82310469,39.7400722,0.328519856,0.010830325,0,432.7833935,6.725631769,16.01083032,4.299638989,0.545126354,1.075812274,20.22743682,12.45487365,2.028880866,1.945848375,30.73285199,6.606498195,22.46209386,38.8267148,2.364620939,2,2.397111913,0.003610108,0,90139,1.462093863,1.357400722
2003,10,13.64661654,31.19548872,0.45112782,0,0,41.64661654,3.511278195,15.51879699,4.30075188,0.503759398,1.067669173,16.57142857,12.15789474,1.77443609,1.729323308,26.60150376,7.082706767,12.91729323,28.87969925,3,2,2.571428571,0,0,100067.5188,1.759398496,1.248120301
2003,11,95.85714286,95.85714286,2.80952381,1.571428571,1.571428571,10.07936508,1,15.3015873,4.174603175,0.126984127,1.063492063,15.52380952,11.74603175,2.158730159,1.73015873,26.76190476,7.158730159,95.85714286,95.85714286,2.936507937,5.206349206,2.26984127,0,0.031746032,110033.746,1.53968254,1.206349206
2003,12,28.4460682,42.43667363,0.376478775,0.041057759,0.034446764,700.6875435,71.35768963,15.56924148,4.132219903,0.366736256,1.102644398,15.2887961,13.44572025,1.868475992,1.52887961,28.20041754,6.528531663,28.32393876,41.64091858,2.677453027,2.400139179,1.878218511,0.00243563,0.009046625,121438.4941,1.542101601,1.111343076
2003,13,14.82980178,30.11483254,0.639097744,0.067669173,0.067669173,619.3465482,138.7826384,16.03964457,4.15721121,0.284347232,1.09569378,18.35543404,13.32535885,1.643882433,1.67874231,29.03964457,6.846889952,14.2303486,28.95967191,2.719070403,2.723171565,2.631578947,0.004784689,0.001367054,130734.5919,1.556390977,1.204374573
2003,15,18.2173913,33.54782609,0.373913043,0.034782609,0.165217391,4685.026087,3.434782609,15.33043478,4.382608696,0.67826087,1.156521739,17.93913043,15.20869565,2.173913043,0.947826087,30.57391304,6.834782609,35.51304348,47.88695652,2.765217391,2,2.304347826,0,0,150060.4348,1.452173913,1.139130435