YEAR,STATE,ARR_HOUR,ARR_MIN,CF1,CF2,CF3,CITY,COUNTY,DAY,DAY_WEEK,DRUNK_DR,FATALS,HARM_EV,HOUR,LGT_COND,MAN_COLL,MINUTE,MONTH,NOT_HOUR,NOT_MIN,PERSONS,RAIL,REL_ROAD,SCH_BUS,SP_JUR,ST_CASE,VE_FORMS,WEATHER
2003,16,14.06896552,28.40613027,1.528735632,0.471264368,0.379310345,115.2681992,40.348659,16.09961686,3.965517241,0.38697318,1.122605364,15.26436782,16.32183908,1.662835249,1.478927203,29.72413793,6.793103448,13.01149425,27.6743295,2.432950192,4.164750958,2.091954023,0,0.252873563,160131,1.367816092,1.318007663
2003,17,14.5764526,93.11085627,0.371559633,0.075688073,0.075688073,1793.925076,89.0412844,15.87003058,4.136850153,0.494648318,1.111620795,16.62079511,12.26299694,1.839449541,1.657492355,28.05733945,6.587155963,11.90519878,27.38455657,2.678134557,2.853211009,2.402905199,0.001529052,0.001529052,170659.3035,1.5382263,1.285168196
2003,18,34.76095618,46.33598938,0.62815405,0.018592297,0,634.0478088,89.40371846,15.80212483,4.124833997,0.325365206,1.1062417,17.55378486,13.00929615,1.575033201,1.735723772,28.30942895,6.686586985,34.33598938,46.0185923,2.673306773,5.055776892,2.820717131,0.003984064,0,180381.4834,1.653386454,1.399734396
2003,19,13.95039164,29.12010444,0.101827676,0,0,1073.859008,102.2036554,15.51436031,4.27154047,0.2845953,1.156657963,15.78328982,13.61096606,1.74151436,1.514360313,29.41253264,6.634464752,13.58224543,28.97389034,2.412532637,2.537859008,2.190600522,0.005221932,0.020887728,190194.2715,1.477806789,1.326370757
2003,20,12.60859189,27.37947494,1.195704057,0,0,1005.334129,117.0477327,15.73747017,4.143198091,0.357995227,1.119331742,15.46062053,12.71360382,1.713603819,1.579952267,28.14797136,6.551312649,12.23866348,28.80906921,2.653937947,2.441527446,2.410501193,0.00477327,0.033412888,200217.4964,1.553699284,1.23627685
2003,21,21.66508876,35.81775148,0.294674556,0,0,734.1940828,119.016568,15.35147929,4.125443787,0.29112426,1.098224852,20.6556213,13.23786982,1.602366864,1.494674556,28.86627219,6.78816568,21.16331361,35.67455621,2.476923077,2.375147929,2.346745562,0.002366864,0,210423,1.526627219,1.295857988
2003,22,15.67312349,31.37288136,0.278450363,0.023002421,0,377.4673123,62.31961259,16.40799031,3.960048426,0.311138015,1.138014528,18.83898305,12.94552058,1.807506053,2.036319613,28.07021792,6.726392252,15.62590799,31.69491525,2.521791768,3.473365617,3.157384988,0.003631961,0.002421308,220420.1162,1.518159806,2.629539952
2003,23,14.6827957,31.27956989,0.446236559,0,0,5601.580645,15.91397849,15.17741935,4.349462366,0.333333333,1.112903226,17.84408602,12.87096774,1.650537634,1.607526882,25.34946237,6.795698925,14.10215054,27.77956989,2.564516129,2,2.301075269,0.005376344,0,230094.1828,1.532258065,1.290322581
2003,24,98.83333333,98.83333333,0.32996633,0.166666667,0.166666667,127.7255892,49.81144781,14.52861953,4.183501684,0.493265993,1.094276094,18.32828283,12.30976431,1.867003367,1.737373737,29.27946128,6.890572391,98.83333333,98.83333333,2.803030303,2.207070707,2.388888889,0.001683502,0,240298.3603,1.685185185,1.274410774
2003,25,50.20967742,61.0483871,1.633640553,0.108294931,0,744.7603687,16.1797235,16.56221198,4.105990783,0.377880184,1.064516129,20.16589862,13.49308756,2.039170507,1.746543779,30.359447,6.824884793,49.80645161,59.40322581,2.370967742,2,2.594470046,0.002304147,0.039170507,250217.5,1.426267281,1.605990783
2003,26,40.38566553,51.89931741,4.557167235,0.054607509,0,845.5972696,102.883959,15.58703072,4.171501706,0.354948805,1.094709898,16.70904437,13.56313993,1.82337884,1.91552901,29.16808874,6.885665529,36.99744027,49.05460751,2.624573379,2.604948805,2.467576792,0.001706485,0,260590.9625,1.610068259,1.418088737
2003,27,36.65866209,47.32075472,0.377358491,0,0,1642.370497,86.87650086,15.68953688,4.168096055,0.500857633,1.123499142,15.68267581,13.25042882,1.80102916,2.444253859,29.47684391,6.548885077,32.67753002,44.62092624,2.495711835,2.857632933,2.289879931,0.005145798,0.053173242,270295.8096,1.506003431,1.481989708
2003,28,8.594147583,18.27099237,0,0,0,305.1895674,79.6475827,15.91221374,4.239185751,0.250636132,1.109414758,20.37150127,13.76844784,1.642493639,1.159033079,30.30661578,6.792620865,12.04961832,21.74554707,2.279898219,4.099236641,3.617048346,0.001272265,0.001272265,280394.5623,1.426208651,1.159033079
2003,29,53.23926941,61.80456621,0.838356164,0.017351598,0,1498.355251,129.9552511,15.73789954,4.145205479,0.42283105,1.125114155,18.6109589,13.84109589,1.585388128,1.56347032,27.94885845,6.76803653,53.20639269,61.80365297,2.589041096,2.923287671,2.452968037,0.006392694,0,290551.9781,1.518721461,1.242922374
2003,30,12.17991632,29.33054393,0.246861925,0,0,44.05857741,54.16736402,14.82426778,4.263598326,0.79916318,1.09623431,14.52301255,13.72803347,1.70292887,0.836820084,28.30125523,6.974895397,11.66527197,28.09205021,2.276150628,2.581589958,2.677824268,0,0.464435146,300120,1.347280335,1.192468619
2003,31,23.36964981,32.66536965,0.151750973,0,0,734.6303502,82.71984436,14.58365759,4.303501946,0.416342412,1.140077821,13.87548638,15.22568093,1.766536965,1.750972763,30.67315175,6.770428016,23.45914397,33.07782101,2.579766537,5.73151751,2.108949416,0.003891051,0.011673152,310129,1.548638132,1.319066148
2003,32,22.16716418,36.11940299,0.859701493,0.041791045,0,51.52835821,13.0119403,15.09253731,4.152238806,0.495522388,1.098507463,11.66268657,13.37313433,1.87761194,1.298507463,26.02089552,6.767164179,20.01492537,32.30746269,2.785074627,2,2.229850746,0.005970149,0.002985075,320168,1.486567164,1.080597015
2003,33,13.19827586,30.42241379,0.310344828,0,0,262.3362069,11,14.75,4.181034483,0.456896552,1.094827586,19.61206897,14.36206897,2.00862069,1.155172414,30,7.172413793,13.26724138,30.15517241,2.353448276,2,1.836206897,0.00862069,0,330058.5,1.448275862,1.577586207
2003,34,99,99,0.415662651,0.149096386,0.149096386,1407.189759,19.60542169,16.09487952,4.108433735,0.352409639,1.103915663,17.74548193,12.21084337,1.918674699,1.426204819,29.20933735,6.615963855,99,99,2.662650602,2.664156627,2.293674699,0.006024096,0.001506024,340356.3343,1.573795181,1.301204819
2003,35,96.84196185,96.84196185,0.283378747,0,0,101.106267,28.5013624,15.1280654,4.29972752,0.623978202,1.196185286,11.95095368,12.88828338,1.692098093,1.084468665,26.67847411,6.675749319,96.58310627,96.68119891,2.803814714,3.098092643,1.997275204,0,0.258855586,350195.5559,1.367847411,1.130790191
2003,36,50.375,59.1630117,0.51754386,0.169590643,0.144736842,3456.915936,66.12426901,15.61988304,4.108918129,0.231725146,1.091374269,17.22880117,13.14912281,1.839181287,1.298245614,29.03143275,6.95248538,48.51608187,58.07017544,2.557017544,2.736842105,2.480263158,0.004385965,0.001461988,360686.6944,1.455409357,1.326754386
2003,37,37.09240688,49.00429799,0.49713467,0.010028653,0,676.5408309,102.9727794,15.67908309,4.148280802,0.424068768,1.112464183,18.94412607,12.66977077,1.691260745,1.671919771,27.70773639,7.040114613,37.0222063,48.25859599,2.673352436,2.202722063,1.829512894,0.005014327,0,370711.0487,1.562320917,1.227077364
2003,38,26.89473684,39.02105263,2.326315789,2.084210526,2.084210526,302.8421053,59.21052632,13.64210526,3.936842105,0.8,1.105263158,11.72631579,13.82105263,1.673684211,1.778947368,28.06315789,7.768421053,25.97894737,36.33684211,2.536842105,2.852631579,2.021052632,0.021052632,0.505263158,380048.3474,1.452631579,1.536842105
2003,39,22.78025751,36.58454936,0.315021459,0,0,1986.304721,84.83175966,15.7751073,4.230042918,0.414592275,1.093562232,19.92103004,12.54678112,1.756223176,1.927038627,28.53218884,6.794849785,23.1639485,36.50472103,2.626609442,3.005150215,2.559656652,0.005150215,0.000858369,390595.6712,1.606866953,1.407725322
2003,40,40.0302521,52.15462185,0.416806723,0,0,1139.114286,90.12268908,15.61512605,4.225210084,0.431932773,1.127731092,19.51092437,13.02016807,1.665546218,1.48907563,27.79831933,6.789915966,40.01176471,52.48235294,2.722689076,3.194957983,2.250420168,0.005042017,0,400298.642,1.571428571,1.154621849
2003,41,15.7039627,31.05594406,0.808857809,0,0,406.5850816,38.06759907,16.51048951,4.184149184,0.498834499,1.193473193,15.82983683,14.61538462,1.878787879,1.2004662,29.09090909,6.864801865,13.97435897,30.09324009,2.568764569,2.834498834,2.655011655,0,0.025641026,410220.0466,1.459207459,1.466200466
2003,42,41.96231682,52.99511514,0.270760642,0.00418702,0,1769.824145,63.96301465,15.7718074,4.046755059,0.418004187,1.100488486,20.51779484,13.49406839,1.790648988,1.759246336,28.47662247,6.718771807,41.09141661,52.25819958,2.539427774,2,2.714584787,0.009071877,0.00628053,420718.321,1.558269365,1.441730635
2003,44,11.48958333,30.08333333,1.34375,0.197916667,0,139.59375,6.104166667,14.3125,3.947916667,0.59375,1.083333333,20.69791667,11.94791667,2.041666667,1.166666667,29.27083333,6.739583333,11.6875,28.16666667,2.40625,2,3.041666667,0,0,440048.5,1.489583333,1.34375
2003,45,62.93812155,69.62099448,0.177900552,0,0,201.8674033,49.12375691,16.01436464,4.268508287,0.472928177,1.070718232,19.66629834,12.79779006,1.671823204,1.513812155,27.32596685,7.006629834,64.17790055,70.36243094,2.504972376,3.027624309,2.180110497,0,0.002209945,450459.1315,1.487292818,1.182320442
2003,46,20.02890173,32.72254335,0.161849711,0,0,204.3930636,76.58381503,15.95375723,4.12716763,0.606936416,1.173410405,14.78612717,18.14450867,1.653179191,0.965317919,35.52023121,6.450867052,19.01734104,32.44508671,2.473988439,2.190751445,3.115606936,0,0.583815029,460087,1.312138728,1.560693642
2003,47,93.82768103,94.81026581,0.635197067,0.208065995,0.181484876,552.4445463,94.19890009,15.57195234,4.249312557,0.292392301,1.093492209,20.74702108,14.80476627,1.74152154,1.367552704,29.42254812,6.802016499,93.81943171,94.69569203,2.510540788,2.798350137,2.497708524,0.001833181,0.004582951,470557.3923,1.487626031,1.278643446
2003,48,10.82333729,22.49406176,0.566805226,0.014251781,0,1746.734264,236.5469121,15.68200713,4.144299287,0.364904988,1.134501188,15.07808789,12.38776722,1.830463183,1.625593824,28.00326603,6.826900238,10.76811164,22.28147268,2.79631829,2.997030879,2.267814727,0.002672209,0.001484561,481691.3916,1.560273159,1.168052257
2003,49,28.54580153,41.13740458,0.076335878,0,0,696.351145,33.6870229,15.19847328,4.106870229,0.125954198,1.179389313,10.21755725,13.15267176,1.599236641,1.389312977,28.33206107,6.671755725,25.83587786,39.06870229,3.167938931,2,2.511450382,0,0,490131.7328,1.438931298,1.236641221
2003,50,16,32.46031746,1.857142857,0,0,1283.47619,14.74603175,14.31746032,4,0.428571429,1.095238095,16.38095238,21.41269841,1.682539683,1.365079365,32.53968254,7.015873016,15.85714286,31.6984127,2.428571429,2,2.158730159,0.015873016,0,500032,1.555555556,1.80952381
2003,51,98.88501742,98.88501742,0.470383275,0.361207898,0.344947735,256.8594657,186.4308943,15.78977933,4.011614402,0.484320557,1.095238095,20.32984901,12.86527294,1.653890825,1.341463415,26.96515679,6.684088269,98.88501742,98.88501742,2.282229965,2.530778165,2.800232288,0.00232288,0.00116144,510433.3217,1.522648084,1.207897793
2003,53,23.58441558,37.46382189,1.055658627,0.027829314,0,543.8200371,43.7458256,14.73283859,4.083487941,0.525046382,1.113172542,16.7755102,13.74397032,1.896103896,1.317254174,28.39703154,6.807050093,23.39888683,36.79962894,2.615955473,2.057513915,2.962894249,0.003710575,0.172541744,530272.5455,1.480519481,1.393320965
2003,54,12.39226519,30.21823204,0.486187845,0,0,314.8508287,50.26519337,15.60497238,4.273480663,0.566298343,1.08839779,18.87845304,16.55524862,1.64640884,1.356353591,30.61049724,6.640883978,12.43093923,29.72928177,2.430939227,2.856353591,2.408839779,0.002762431,0,540181.5,1.502762431,1.386740331
2003,55,17.3653088,33.41918528,0.696452037,0,0.005256242,766.6438896,74.3653088,15.58081472,4.081471748,0.545335085,1.114323259,17.03810775,14.95532194,1.746386334,1.47043364,30.06701708,6.601839685,14.41392904,30.63074901,2.386333771,2.395532194,2.291721419,0.009198423,0.018396846,550381.2891,1.492772668,1.398160315
2003,56,14.15602837,28.70921986,0.858156028,0,0,99.0070922,21.28368794,15.08510638,4.092198582,0.531914894,1.170212766,10.56737589,17.17021277,1.482269504,1.042553191,30.32624113,7.014184397,13.24822695,26.12056738,2.609929078,2,2.567375887,0,0,560071,1.397163121,1.581560284
2004,1,14.48934109,29.49903101,1.30620155,0.591085271,0.575581395,533.0862403,73.35465116,15.50193798,4.150193798,0.242248062,1.118217054,20.66182171,12.84302326,1.657945736,1.365310078,26.44670543,6.55620155,53.08914729,61.02325581,2.388565891,3.021317829,2.411821705,0.002906977,0.002906977,10520.20155,1.499031008,1.198643411
2004,2,72.86458333,77.375,0,0,0,1078.645833,111.9166667,15.20833333,3.895833333,0.322916667,1.052083333,15.54166667,14.38541667,1.697916667,1.510416667,26.9375,7.010416667,55.47916667,59.76041667,2.541666667,2,1.78125,0,0,20049.48958,1.46875,1.989583333
2004,4,41.03636364,51.56363636,0.815151515,0.014141414,0,363.7111111,15.33535354,16.67070707,4.153535354,0.367676768,1.162626263,15.42626263,17.04141414,2.206060606,5.476767677,32.33737374,6.596969697,38.48585859,49.08888889,3.296969697,2,9.297979798,0.004040404,0.421212121,40496.87576,1.544444444,1.694949495
2004,5,13.13410596,28.22019868,0.697019868,0.190397351,0.163907285,702.9122517,79.16556291,15.76655629,4.40397351,0.369205298,1.163907285,19.8294702,14.03642384,1.572847682,1.586092715,29.68874172,6.658940397,13.25827815,28.41721854,2.753311258,3.064569536,2.392384106,0.003311258,0,50303.3245,1.533112583,1.298013245
2004,8,54.01510067,62.34228188,0.604026846,0,0,382.1677852,57.83892617,16.02348993,4.288590604,0.493288591,1.119127517,15.16107383,12.96308725,1.744966443,1.531879195,29.3942953,6.365771812,50.80201342,60.52516779,2.808724832,2,2.453020134,0.001677852,0.005033557,80299.03859,1.60738255,1.298657718
2004,9,26.18214286,39.08571429,0.503571429,0.125,0.053571429,421.2035714,6.785714286,15.65357143,4.025,0.389285714,1.05,21.48214286,12.39642857,2.021428571,1.896428571,30.23214286,6.7,22.38214286,38.02142857,2.339285714,2.375,2.610714286,0,0.010714286,90140.5,1.503571429,1.292857143
2004,10,15.312,34.76,0.464,0,0,104.072,3.368,14.776,4.024,0.384,1.072,19.416,14,1.696,1.696,29.68,6.904,14.576,34.776,2.656,2,2.688,0.016,0,100063,1.544,1.16
2004,11,99,99,3.317073171,2.951219512,2.414634146,10,1,15.70731707,5.219512195,0.317073171,1.048780488,17.02439024,11.92682927,2.243902439,2.219512195,26.58536585,5.463414634,99,99,3.073170732,2,1.853658537,0,0,110021,1.707317073,1.048780488
2004,12,28.5811411,42.23505296,0.343696618,0.086436625,0.069354288,648.2617014,71.77724633,15.60608131,4.144858217,0.336863683,1.108302016,15.68192689,13.51212846,1.934403826,1.609839426,28.87734882,6.563033823,28.49470448,42.23095319,2.758797403,2.430474889,1.745814827,0.003074821,0.004783054,121468.4462,1.565766997,1.121284592
2004,13,16.72248804,31.04169515,0.676691729,0.203007519,0.203007519,544.9207109,142.4196856,16.03759398,4.097060834,0.25974026,1.116883117,17.68010936,12.89268626,1.641831852,1.971291866,28.77785373,6.602870813,16.04579631,30.67327409,2.68557758,3.058099795,2.357484621,0.004784689,0.005468216,130733.2016,1.615174299,1.171565277
2004,15,33.5703125,44.578125,0.5078125,0,0,4709.960938,3.75,16.3359375,4.171875,0.53125,1.109375,17.0390625,12.484375,1.8828125,1.109375,29.390625,6.828125,30.21875,44.65625,3.0703125,2,2.7890625,0,0,150064.5,1.4609375,1.1484375
2004,16,14.225,27.89583333,2.029166667,0.833333333,0.825,165.6583333,40.55833333,15.225,3.95,0.366666667,1.083333333,16.3625,14.44166667,1.754166667,1.5875,28.19583333,7.029166667,12.475,28.4,2.558333333,3.479166667,2.108333333,0,0.2125,160120.5,1.4125,1.495833333
2004,17,12.45343137,95.60620915,0.753267974,0.245098039,0.242647059,1873.803922,90.35130719,16.38398693,4.16748366,0.504084967,1.107026144,17.3619281,12.32598039,1.875,1.791666667,28.28431373,6.705882353,12.00898693,28.35620915,2.578431373,2.81127451,2.289215686,0.00245098,0.006535948,170616.3513,1.549019608,1.277777778
2004,18,13.24737456,29.90548425,0.513418903,0.056009335,0,682.7887981,88.92532089,15.95099183,4.148191365,0.334889148,1.105017503,18.2042007,13.02683781,1.648774796,1.631271879,28.75729288,6.852975496,13.3722287,29.5764294,2.500583431,5.788798133,3.177362894,0.001166861,0,180439.3886,1.581096849,1.319719953
2004,19,12.7740113,27.23728814,0.132768362,0,0,1130.596045,106.6610169,15.55649718,4.189265537,0.220338983,1.096045198,14.46892655,12.75423729,1.65819209,1.895480226,27.32485876,7.059322034,12.70903955,26.81638418,2.525423729,2.720338983,1.97740113,0.011299435,0.002824859,190180.6186,1.542372881,1.242937853
2004,20,12.12307692,27.73076923,0.538461538,0,0,895.5128205,113.2358974,15.52051282,4.035897436,0.312820513,1.176923077,16.14358974,15.06153846,1.656410256,1.81025641,28.95641026,6.958974359,12.08461538,27.78974359,2.692307692,3.820512821,2.020512821,0.005128205,0,200198.9154,1.594871795,1.271794872
2004,21,21.96018735,37.4824356,0.340749415,0,0,710.4297424,119.8384075,15.48477752,4.092505855,0.31030445,1.128805621,20.72482436,13.02810304,1.679156909,1.556206089,28.09250585,6.892271663,21.78688525,36.55503513,2.444964871,2.480093677,2.316159251,0.004683841,0,210427.8618,1.540983607,1.24824356
2004,22,14.09927361,28.7590799,0.382566586,0,0,418.9200969,62.21791768,16.00726392,4.240920097,0.365617433,1.122276029,19.23970944,13.45520581,1.818401937,1.493946731,27.92493947,6.351089588,14.01937046,29.43341404,2.663438257,3.376513317,2.892251816,0.002421308,0.003631961,220414.885,1.581113801,2.676755448
2004,23,14.93258427,31.92696629,0.269662921,0,0,5280.842697,15.16853933,15.34269663,4.213483146,0.359550562,1.08988764,18.79213483,13.50561798,1.651685393,1.382022472,29.73595506,6.376404494,13.73033708,30.99438202,2.235955056,3.073033708,2.370786517,0.011235955,0.050561798,230091.0955,1.438202247,1.348314607
2004,24,98.6875,98.70833333,0.857638889,0.34375,0.34375,117.53125,55.33506944,16.05381944,4.116319444,0.467013889,1.116319444,19.00520833,12.09895833,1.928819444,1.357638889,27.95138889,6.765625,98.68576389,98.74826389,2.585069444,2,2.545138889,0.003472222,0.036458333,240290.8368,1.513888889,1.213541667
2004,25,61.47427293,68.36241611,1.494407159,0.398210291,0.22147651,783.295302,15.9261745,15.26845638,4.248322148,0.270693512,1.064876957,19.79418345,12.23042506,2.017897092,1.469798658,28.77628635,6.686800895,60.04697987,67.59060403,2.232662192,2.246085011,2.581655481,0,0.002237136,250225.6756,1.387024609,1.5950783
2004,26,39.24454976,49.83127962,3.841706161,0.020853081,0,771.9772512,102.2028436,15.76587678,4.162085308,0.367772512,1.098578199,17.60663507,13.76303318,1.829383886,2.01042654,29.4985782,6.95450237,36.96682464,49.18957346,2.584834123,2.594312796,2.542180095,0.004739336,0.002843602,260533.0493,1.594312796,1.448341232
2004,27,36.25961538,47.16153846,0.076923077,0,0,1515.546154,84.66538462,16.08076923,4.226923077,0.388461538,1.090384615,14.97692308,13.1,1.703846154,2.182692308,27.94230769,7.009615385,30.36923077,41.16346154,2.505769231,3.844230769,2.05,0.005769231,0.023076923,270265.1192,1.559615385,1.396153846
2004,28,12.89185751,23.96183206,0.025445293,0,0,311.1857506,77.44020356,15.53435115,4.199745547,0.25826972,1.145038168,19.9821883,12.34732824,1.576335878,1.090330789,28.57506361,6.53562341,20.00890585,28.44529262,2.309160305,3.427480916,3.475826972,0,0.001272265,280394.6387,1.445292621,1.167938931
2004,29,48.80715706,58.1332008,0.698807157,0.05666004,0,1546.024851,131.3727634,15.74652087,4.152087475,0.428429423,1.123260437,19.92743539,13.39065606,1.588469185,1.358846918,27.08548708,6.655069583,48.69681909,57.67793241,2.5,3.125248509,2.456262425,0.005964215,0,290510.828,1.489065606,1.294234592
2004,30,14.09090909,28.79904306,0.555023923,0.014354067,0,46.13397129,53.68899522,16.05263158,4.373205742,0.727272727,1.09569378,15.49282297,13.47368421,1.645933014,0.842105263,26.89473684,7.071770335,13.61722488,29.35885167,2.330143541,2,2.770334928,0,0.516746411,300105,1.315789474,1.411483254
2004,31,17.36244541,29.069869,0.165938865,0,0,661.1877729,89.82969432,15.58951965,3.890829694,0.388646288,1.109170306,15.30567686,16.41048035,1.807860262,1.930131004,32.12227074,6.729257642,16.76419214,29.55458515,2.545851528,4.475982533,2.179039301,0,0,310115,1.537117904,1.301310044
2004,32,27.675,42.025,0.811111111,0.038888889,0,38.15833333,12.10555556,15.31944444,4.177777778,0.394444444,1.097222222,12.78888889,12.53888889,1.905555556,1.455555556,28.37777778,6.841666667,24.76111111,38.89722222,2.597222222,2,2.211111111,0,0.033333333,320180.5,1.486111111,1.069444444
2004,33,12.78481013,26.69620253,0.253164557,0,0,253.9050633,10.55696203,16.37341772,4.310126582,0.411392405,1.082278481,18.51898734,13.37341772,1.917721519,1.816455696,29.26582278,7.069620253,12.75316456,28.43670886,2.430379747,2,1.518987342,0.006329114,0,330079.5,1.506329114,1.405063291
2004,34,98.74269006,98.80994152,0.339181287,0,0,1387.51462,19.70175439,15.37280702,4.065789474,0.358187135,1.057017544,17.70614035,12.37573099,1.986842105,1.428362573,27.89035088,6.866959064,98.74269006,98.77923977,2.752923977,2.774853801,2.270467836,0.010233918,0.004385965,340368.8158,1.581871345,1.219298246
2004,35,99,99,0.601366743,0.451025057,0.451025057,96.76082005,28.25056948,15.73120729,4.004555809,0.496583144,1.186788155,13.51936219,12.85649203,1.621867882,1.585421412,28.56492027,6.804100228,99,99,2.886104784,2.660592255,2.307517084,0,0.275626424,350227.9567,1.430523918,1.170842825
2004,36,44.00510204,54.86005831,0.448979592,0,0,3502.631924,64.18950437,15.58965015,4.141399417,0.275510204,1.089650146,17.87973761,13.12390671,1.826530612,1.321428571,29.72886297,6.787172012,42.83017493,54.4351312,2.551749271,2.278425656,2.301749271,0.006559767,0.008746356,360686.5,1.46574344,1.289358601
2004,37,39.08892025,50.26605505,0.369089626,0.014114326,0,653.5264644,100.2604093,16.01411433,4.145377558,0.404375441,1.110091743,19.32604093,12.73676782,1.666196189,1.486944248,27.60903317,6.881439661,39.03105152,50.2166549,2.589273112,2.323218066,1.850388144,0.004234298,0,370710.9217,1.542695836,1.20606916
2004,38,22.83157895,35.63157895,0.536842105,0,0,222.7894737,59.48421053,15.97894737,4.157894737,0.484210526,1.052631579,11.31578947,12.88421053,1.473684211,1.6,26.49473684,6.8,22.92631579,34.98947368,2.252631579,2.326315789,1.736842105,0,0.368421053,380048,1.431578947,1.347368421
2004,39,17.56319862,31.20550301,0.392949269,0,0,1464.919175,86.68701634,15.62940671,4.155631986,0.440240757,1.105760963,20.3877902,12.77987962,1.729148753,1.797936371,27.11693895,6.665520206,18.18486672,31.61134996,2.535683577,2.936371453,2.383490972,0.002579536,0,390605,1.564918315,1.306104901
2004,40,43.24246988,53.39759036,0.468373494,0,0,1242.968373,86.2560241,15.5060241,4.253012048,0.388554217,1.165662651,18.92921687,13.56325301,1.676204819,1.418674699,27.20933735,6.405120482,42.50753012,52.74096386,2.653614458,2.927710843,2.265060241,0.001506024,0,400334.3178,1.519578313,1.222891566
2004,41,15.4742268,30.18298969,1.079896907,0,0,369.4072165,37.60309278,14.7371134,4.067010309,0.520618557,1.175257732,17.17268041,13.90979381,1.621134021,1.255154639,26.35824742,6.881443299,13.34793814,27.79639175,2.595360825,2.105670103,2.50257732,0,0.028350515,410196.799,1.507731959,1.461340206
2004,42,35.11086637,47.17694567,0.461086637,0.072687225,0.072687225,1695.919236,65.25624082,15.84067548,4.234214391,0.422173275,1.093979442,21.2041116,12.78120411,1.769456681,1.750367107,28.34361233,6.66886931,34.43318649,46.49632893,2.466226138,2,2.803964758,0.004405286,0.002202643,420682.3311,1.544052863,1.403817915
2004,44,12.30769231,28.93589744,1.782051282,0,0,148.4615385,6.384615385,15.76923077,4.358974359,0.512820513,1.064102564,20.47435897,12.51282051,2.179487179,1.153846154,28.41025641,6.679487179,12.24358974,27.62820513,2.423076923,2,2.884615385,0,0,440039.5,1.474358974,1.384615385
2004,45,99,99,0.206131078,0,0,191.294926,46.65961945,15.80232558,4.253699789,0.494714588,1.105708245,20.40274841,12.45560254,1.743128964,1.26744186,27.1205074,6.674418605,99,99,2.477801268,3.009513742,2.293868922,0.003171247,0,450479.1438,1.434460888,1.162790698
2004,46,26.1626506,39.61445783,0.560240964,0,0,295.8253012,71.97590361,13.71686747,4.042168675,0.512048193,1.186746988,12.56024096,14.55421687,1.759036145,1.198795181,28.13253012,6.969879518,23.98192771,37.84337349,2.451807229,2,2.36746988,0,0.554216867,460083.5,1.415662651,1.409638554
2004,47,95.35684299,95.93450882,0.680940386,0.120906801,0.083123426,558.0948783,99.09403862,15.58186398,4.203190596,0.335012594,1.124265323,20.82619647,15.34089001,1.806884971,1.445843829,29.8597817,6.712846348,95.27287993,95.81276238,2.476070529,2.382871537,2.586062133,0.004198153,0.000839631,470610.9312,1.506297229,1.262804366
2004,48,10.27127985,21.95192897,0.621555419,0.015309247,0,1750.830374,234.602572,15.70177587,4.028475199,0.376913656,1.132578077,15.53643601,12.3781384,1.875995101,1.508573178,28.39406001,6.573484385,10.13655848,21.82241274,2.784445805,2.730557257,2.301898347,0.00183711,0.00061237,481641.1494,1.552663809,1.197795468
2004,49,23.17692308,35.94230769,0.076923077,0,0,712.0076923,33.9,15.95,4.073076923,0.219230769,1.138461538,11.6,13.31923077,1.696153846,1.196153846,26.56538462,6.85,21.82692308,34.29230769,2.65,2.734615385,2.915384615,0.007692308,0,490133.4462,1.434615385,1.157692308
2004,50,15.02380952,27.73809524,1.202380952,0,0,1207.738095,15.38095238,16.33333333,4.30952381,0.523809524,1.166666667,19.97619048,25.8452381,1.642857143,1.285714286,35.48809524,7.011904762,13.91666667,25.45238095,2.404761905,2,2.226190476,0,0,500042.5238,1.511904762,1.55952381
2004,51,99,99,0.930787589,0.607398568,0.590692124,278.2875895,190.7899761,16.150358,4.150357995,0.470167064,1.100238663,20.59188544,13.03579952,1.732696897,1.235083532,27.10859189,6.754176611,99,99,2.261336516,2,2.848448687,0.007159905,0.00477327,510422.506,1.452267303,1.204057279
2004,53,25.60510806,39.92730845,0.581532417,0.076620825,0,471.1060904,42.13948919,15.92141454,4.023575639,0.52259332,1.113948919,16.77603143,12.8762279,1.797642436,1.333988212,29.04518664,6.652259332,25.25343811,40.09626719,2.526522593,2.222003929,2.89194499,0.003929273,0.278978389,530258.9312,1.487229862,1.233791749
2004,54,12.63421053,29.70789474,1.221052632,0.057894737,0,303.3921053,49.03157895,15.77631579,4.186842105,0.484210526,1.078947368,18.70263158,15.14736842,1.634210526,1.221052632,29.83421053,6.878947368,12.77631579,29.76052632,2.394736842,2.542105263,2.621052632,0,0,540193.0658,1.489473684,1.431578947
2004,55,17.05263158,32.90858726,0.732686981,0,0,750.7894737,73.32409972,15.26454294,4.175900277,0.516620499,1.096952909,18.67451524,16.55124654,1.721606648,1.43767313,31.97783934,6.914127424,14.31855956,30.76869806,2.400277008,2.831024931,2.272853186,0.005540166,0.022160665,550361.5,1.497229917,1.416897507