YEAR,STATE,ARR_HOUR,ARR_MIN,CF1,CF2,CF3,CITY,COUNTY,DAY,DAY_WEEK,DRUNK_DR,FATALS,HARM_EV,HOUR,LGT_COND,MAN_COLL,MINUTE,MONTH,NOT_HOUR,NOT_MIN,PERSONS,RAIL,REL_ROAD,SCH_BUS,SP_JUR,ST_CASE,VE_FORMS,WEATHER
2004,56,16.21126761,30.32394366,0.85915493,0,0,47.66197183,21.25352113,15.49295775,4.028169014,0.542253521,1.154929577,13.21126761,15.34507042,1.654929577,0.873239437,27.31690141,6.978873239,15.82394366,29.95070423,2.767605634,2,2.661971831,0,0.11971831,560071.5,1.464788732,1.704225352
2005,1,14.43388834,29.48481881,1.160626836,0.387855044,0.387855044,545.1096964,71.5612145,15.64446621,4.173359452,0.346718903,1.124387855,20.07639569,12.80117532,1.721841332,1.581782566,26.93731636,6.672869736,47.10479922,56.4446621,2.469147894,2.213516161,2.36532811,0,0.000979432,10512.4143,1.522037218,1.171400588
2005,2,86.1969697,88.04545455,0.212121212,0,0,1397.378788,112.8484848,15.43939394,4.045454545,0.53030303,1.106060606,18.81818182,16.04545455,1.712121212,1.772727273,30.16666667,7.212121212,16.13636364,29.98484848,2.803030303,1,2.196969697,0,0.015151515,20033.5,1.560606061,1.439393939
2005,4,39.01637765,49.95761079,4.403660886,3.262042389,3.242774566,255.0327553,15.48169557,16.87186898,4.190751445,0.400770713,1.13583815,17.61078998,15.00578035,2.231213873,5.218689788,30.66088632,6.481695568,35.1628131,47.2495183,2.891136802,1.264932563,8.016377649,0.002890173,0.447013487,40520.3815,1.531791908,1.728323699
2005,5,14.1090604,29.1090604,0.832214765,0.332214765,0.332214765,755.9228188,79.7114094,14.97986577,4.280201342,0.330536913,1.097315436,17.98657718,13.31879195,1.612416107,1.662751678,27.57718121,6.619127517,13.13255034,27.19127517,2.411073826,1.963087248,2.565436242,0.003355705,0,50299.47987,1.505033557,1.19295302
2005,8,51.12815884,60.02166065,0.628158845,0,0,374.2418773,52.11191336,15.58122744,4.218411552,0.588447653,1.093862816,17.03971119,12.6101083,1.913357401,1.339350181,27.433213,6.640794224,46.36823105,56.13537906,2.680505415,1.366425993,2.24368231,0,0.010830325,80277.5,1.536101083,1.194945848
2005,9,31.14503817,45.85114504,0.618320611,0,0,429.0954198,6.610687023,16.14885496,4.106870229,0.454198473,1.061068702,19.43129771,12.49618321,1.935114504,1.251908397,31.51526718,6.809160305,23.19847328,40.01145038,2.564885496,1.366412214,2.36259542,0.003816794,0.011450382,90131.5,1.557251908,1.320610687
2005,10,12.78632479,27.47863248,0.623931624,0,0,15.98290598,3.034188034,15.71794872,4.205128205,0.495726496,1.136752137,18.73504274,13.01709402,1.683760684,1.52991453,26.47008547,6.461538462,12.85470085,28.13675214,2.615384615,1,2.692307692,0.008547009,0,100059.8034,1.623931624,1.273504274
2005,11,96.75,96.75,0.772727273,0,0,10,1,13.81818182,4.295454545,0.545454545,1.090909091,16.27272727,11.65909091,2.25,1.045454545,29.63636364,6.840909091,96.75,96.75,2.704545455,1,2.522727273,0,0.022727273,110023.0909,1.295454545,1.136363636
2005,12,28.52802267,42.48016373,0.473551637,0.039987406,0.031171285,753.5094458,71.08816121,15.51668766,4.037783375,0.3447733,1.10768262,15.38948363,13.41404282,1.937342569,1.924748111,28.75535264,6.498740554,28.10138539,42.00881612,2.747166247,1.408060453,1.911523929,0.003463476,0.000944584,121611.909,1.57115869,1.164672544
2005,13,17.12389381,31.93931732,0.775600506,0.447534766,0.438053097,592.2446271,142.1548673,15.71491783,4,0.297092288,1.092920354,18.94310999,13.02085967,1.625158028,1.80783818,29.77812895,6.728192162,16.80025284,32.04614412,2.582806574,1.773072061,2.489254109,0.002528445,0.006321113,130793.7712,1.586599241,1.149178255
2005,15,12.74418605,29.2248062,0.255813953,0.15503876,0,4546.852713,3.465116279,17.27906977,4.263565891,0.682170543,1.085271318,17.39534884,15.54263566,2.23255814,1.178294574,28.94573643,6.930232558,13.43410853,27.12403101,2.488372093,1,1.984496124,0,0.015503876,150065.4109,1.372093023,1.209302326
2005,16,14.22222222,30.75720165,1.222222222,0.497942387,0.407407407,138.3580247,37.01646091,16.30041152,4.325102881,0.29218107,1.131687243,17.84773663,14.04115226,1.600823045,1.670781893,28.20576132,7.127572016,12.48559671,27.82716049,2.378600823,1,2.497942387,0.004115226,0.226337449,160122,1.390946502,1.329218107
2005,17,11.70316302,96.14436334,0.584752636,0.04703974,0,1916.381184,88.23114355,15.56285483,4.103000811,0.489862125,1.105433901,17.36739659,12.05758313,1.836982968,1.570965126,28.74614761,6.865369019,11.69910787,28.62368208,2.569343066,1.811030008,2.205190592,0.00567721,0.01540957,170636.0503,1.573398216,1.274128143
2005,18,13.60467836,30.10877193,0.421052632,0,0,623.1637427,87.75321637,15.57660819,4.250292398,0.329824561,1.097076023,19.40935673,13.05380117,1.569590643,1.58128655,29.38479532,6.560233918,13.24210526,30.39532164,2.433918129,4.410526316,3.23625731,0.007017544,0,180431.6807,1.543859649,1.269005848
2005,19,13.76130653,29.30904523,0.148241206,0,0,1118.39196,104.339196,15.61809045,4.216080402,0.216080402,1.130653266,14.68090452,12.97236181,1.658291457,1.650753769,28.46733668,6.718592965,13.81407035,28.64824121,2.472361809,1.590452261,2.057788945,0.005025126,0.025125628,190202.8116,1.505025126,1.309045226
2005,20,12.18229167,28.203125,0.471354167,0,0,1149.908854,110.734375,15.25,4.096354167,0.341145833,1.114583333,15.6171875,12.4140625,1.690104167,1.677083333,26.65625,6.5234375,12.078125,28.3515625,2.427083333,1.4609375,2.125,0.002604167,0.0078125,200197.8021,1.505208333,1.265625
2005,21,25.97062147,39.75141243,0.306214689,0,0,759.1841808,118.2067797,15.44858757,4.127683616,0.324293785,1.11299435,21.75028249,13.07570621,1.64180791,1.506214689,27.84067797,6.836158192,25.80564972,39.23502825,2.376271186,1.37740113,2.397740113,0.001129944,0,210443,1.494915254,1.258757062
2005,22,13.62155963,30.21559633,0.775229358,0.262614679,0.232798165,375.3566514,62.0412844,15.5516055,4.098623853,0.358944954,1.104357798,17.67201835,13.54931193,1.846330275,1.721330275,28.37729358,6.658256881,13.75344037,29.49082569,2.668577982,1.930045872,3.080275229,0.002293578,0.001146789,220439.3222,1.537844037,2.10206422
2005,23,12.59602649,28.51655629,0.887417219,0,0,5772.900662,15.86092715,14.86092715,4.112582781,0.337748344,1.119205298,20.98013245,12.58278146,1.701986755,1.668874172,29.15231788,6.774834437,12.43046358,29.78807947,2.350993377,1,2.523178808,0.006622517,0,230076,1.490066225,1.331125828
2005,24,98.85615251,98.8440208,0.478336222,0.171577123,0.171577123,329.9532062,50.41941075,15.19584055,4.249566724,0.433275563,1.064124783,17.4592721,12.29289428,1.904679376,1.719237435,28.62218371,6.935875217,98.85441941,98.93067591,2.580589255,1,2.185441941,0.005199307,0.006932409,240289.1005,1.566724437,1.183708839
2005,25,74.13189448,78.82014388,1.67146283,0.522781775,0.474820144,790.1342926,17.45563549,15.73860911,4.273381295,0.29736211,1.057553957,19.11031175,12.38129496,1.899280576,1.505995204,27.92326139,6.822541966,74.0647482,79.28297362,2.302158273,1,2.24940048,0,0,250209.9736,1.436450839,1.441247002
2005,26,41.0368932,52.2407767,3.913592233,0.019417476,0,768.6223301,101.0543689,15.6038835,4.166019417,0.367961165,1.096116505,16.98640777,12.86116505,1.845631068,2.187378641,29.15242718,6.912621359,38.5,50.19417476,2.612621359,1.263106796,2.458252427,0.005825243,0,260518.1505,1.587378641,1.383495146
2005,27,37.18,48.14,0.436,0.198,0.198,1367.024,86.52,15.06,4.242,0.444,1.118,15.87,12.406,1.662,1.932,29.54,6.794,30.876,43.242,2.486,1.478,2.546,0.014,0.006,270252.746,1.542,1.336
2005,28,12.97380952,22.75357143,0.003571429,0,0,282.1404762,79.55714286,15.89642857,4.301190476,0.303571429,1.108333333,19.62619048,12.34404762,1.664285714,0.952380952,29.44404762,6.74047619,14.31666667,23.96190476,2.245238095,2.35,3.625,0,0.002380952,280420.5548,1.38452381,1.188095238
2005,29,50.61862131,59.71888988,0.798567592,0.095792301,0,1592.487914,128.0295434,15.76275739,4.234556849,0.446732319,1.125335721,19.3831692,13.53446732,1.615040286,1.262309758,27.92837959,6.569382274,50.53536258,59.36347359,2.519247986,1.825425246,2.512085944,0.004476276,0,290566.2856,1.495971352,1.192479857
2005,30,14.14732143,31.33482143,0.790178571,0,0,76.09375,58.77678571,15.13392857,4.196428571,0.758928571,1.120535714,12.59375,12.77232143,1.669642857,0.799107143,26.97767857,6.544642857,14.14732143,29.26339286,2.294642857,1.111607143,2.508928571,0,0.415178571,300112.5,1.28125,1.334821429
2005,31,17.5210084,28.59243697,0,0,0,762.394958,85.53781513,15.76470588,4.172268908,0.336134454,1.159663866,12.40336134,15.8697479,1.75210084,1.827731092,31.01680672,6.962184874,17.06302521,28.76470588,2.550420168,3.382352941,2.222689076,0,0,310119.5,1.550420168,1.407563025
2005,32,28.15039578,41.69129288,1.126649077,0.036939314,0,36.43799472,18.07387863,15.5646438,4.126649077,0.406332454,1.126649077,13.5171504,12.48548813,1.934036939,1.659630607,29.15831135,7.306068602,20.15039578,36.37467018,2.662269129,1.356200528,2.575197889,0.002638522,0.005277045,320190.781,1.54353562,1.158311346
2005,33,13.37820513,30.62179487,0.641025641,0,0,272.1987179,11.34615385,15.00641026,4.378205128,0.397435897,1.064102564,22.05128205,13.57692308,1.666666667,1.192307692,28.54487179,6.852564103,12.84615385,29.07051282,2.153846154,1,2.717948718,0,0,330078.5,1.455128205,1.307692308
2005,34,98.49855072,98.60289855,0.543478261,0.286956522,0.286956522,1278.833333,18.79710145,15.93768116,4.14057971,0.398550725,1.082608696,18.03188406,12.44492754,1.942028986,1.369565217,29.08695652,6.979710145,98.74202899,98.80724638,2.669565217,1.063768116,2.391304348,0.004347826,0.014492754,340371.3797,1.531884058,1.197101449
2005,35,97.82142857,97.82142857,1.954761905,1.65,1.65,132.6190476,28,16.55714286,4.069047619,0.466666667,1.161904762,10.14047619,12.77142857,1.676190476,1.178571429,26.96904762,7.066666667,97.82142857,97.82142857,2.69047619,2.814285714,2.335714286,0.002380952,0.235714286,350217.4476,1.388095238,1.097619048
2005,36,44.64564565,54.88438438,0.675675676,0.222972973,0.222972973,3456.750751,65.53603604,15.3460961,4.142642643,0.310810811,1.076576577,18.23348348,12.90615616,1.878378378,1.28003003,28.76651652,6.815315315,42.95570571,53.58183183,2.515765766,1.486486486,2.451951952,0.003753754,0.006006006,360668.3303,1.427927928,1.251501502
2005,37,52.55007052,61.71156559,0.441466855,0.014104372,0,711.1763047,100.0705219,15.89210155,4.150211566,0.399153738,1.090973202,19.03667137,13.10366714,1.722849083,1.526093089,28.57757405,6.708744711,52.09520451,61.17348378,2.480959097,1.411142454,1.799717913,0.003526093,0,370711.2708,1.511283498,1.189703808
2005,38,13.39047619,31.97142857,0.333333333,0.133333333,0,230.8095238,55.8952381,15.67619048,4.180952381,0.685714286,1.171428571,11.2,11.14285714,1.676190476,1.171428571,24.05714286,6.847619048,13.40952381,31.2952381,2.114285714,3.095238095,2.295238095,0,0.4,380054.7333,1.276190476,1.180952381
2005,39,19.03679477,32.43663123,0.253475061,0.01635323,0,1566.578904,83.26982829,15.48977923,4.183973835,0.441537204,1.080130826,20.01308258,12.80621423,1.748160262,2.094848733,28.99509403,6.681929681,20.10057236,32.84955029,2.521668029,1.330335241,2.345870809,0.003270646,0.003270646,390621.0981,1.588716271,1.281275552
2005,40,53.64697609,61.92405063,0.635724332,0.139240506,0.139240506,1102.842475,86.58931083,15.8790436,4.218002813,0.376933896,1.129395218,19.35864979,12.91842475,1.631504923,1.375527426,27.61744023,7.210970464,52.92123769,61.21097046,2.509142053,1.123769339,2.398030942,0.00140647,0.007032349,400357.3868,1.504922644,1.180028129
2005,41,16.18284424,31.55756208,0.706546275,0.0496614,0,361.1196388,35.66365688,15.46049661,4.022573363,0.449209932,1.099322799,16.41083521,15.10609481,1.821670429,1.835214447,29.90293454,6.706546275,14.33182844,30.23024831,2.575620767,1,2.571106095,0.002257336,0.076749436,410228.526,1.553047404,1.805869074
2005,42,61.0754843,68.499666,0.519038076,0.07748831,0.066132265,1730.834335,62.45156981,15.4001336,4.193720775,0.424849699,1.079492318,20.88911156,12.96325985,1.851703407,1.682030728,28.0741483,6.650634603,61.08016032,68.36606546,2.434869739,1.208416834,2.752839011,0.006012024,0.013360053,420749.5925,1.526386106,1.394121576
2005,44,13.4,29.075,1.2125,0,0,152.9625,6.625,15.6625,4.25,0.5,1.0875,20.9,13.1625,2,1.15,28.9125,6.75,13.325,29.0875,2.55,1,2.6375,0,0,440040.5,1.4125,1.3875
2005,45,99,99,0.069317023,0,0,192.2201835,48.13761468,15.18960245,4.222222222,0.47196738,1.115188583,21.22833843,12.49847095,1.747196738,1.686034659,27.30377166,6.49745158,99,99,2.455657492,1.95922528,2.314984709,0.004077472,0,450492.0999,1.454638124,1.191641182
2005,46,31.9556962,41.90506329,0.215189873,0,0,363.4620253,79.30379747,14.37974684,4.32278481,0.588607595,1.17721519,11.06962025,13.79746835,1.85443038,1.14556962,26.89240506,6.898734177,31.3164557,40.98734177,2.683544304,1.892405063,2.405063291,0,1.139240506,460079.7468,1.430379747,1.873417722
2005,47,94.26787252,95.44702842,0.747631352,0.111111111,0.085271318,599.1791559,98.43669251,15.94229113,4.236003445,0.278208441,1.093884582,21.25581395,15.70801034,1.74332472,1.469422911,30.00516796,6.615848407,94.28165375,95.24461671,2.430663221,1.209302326,2.744186047,0.003445306,0.001722653,470582.8579,1.509905254,1.220499569
2005,48,10.04149378,21.17682732,0.744334504,0.046600702,0.004787743,1766.100862,235.141398,15.56240026,4.125758059,0.356208107,1.128630705,15.83147143,12.46504947,1.819980849,1.622087456,27.75199489,6.654324928,10.07245452,21.00606447,2.7593361,1.62910948,2.270667092,0.001595914,0,481574.7252,1.536865624,1.129269071
2005,49,25.85531915,39.26382979,0.268085106,0,0,1006.689362,32.48085106,16.03829787,4.161702128,0.123404255,1.2,10.25106383,13.19574468,1.608510638,1.565957447,27.59148936,6.965957447,23.26382979,36.82978723,2.978723404,2.382978723,2.212765957,0.004255319,0,490118.434,1.544680851,1.378723404
2005,50,11.76470588,29.47058824,1.073529412,0,0,662.2205882,16.05882353,14.89705882,4.058823529,0.632352941,1.073529412,21.70588235,14.38235294,1.485294118,1.279411765,31,7.073529412,11.57352941,31.17647059,2.25,1,2.323529412,0,0,500034.5,1.5,1.279411765
2005,51,99,99,0.648401826,0.356164384,0.339041096,236.9726027,180.5627854,15.57191781,4.135844749,0.402968037,1.081050228,20.20205479,13.01484018,1.756849315,1.194063927,28.14954338,7.109589041,99,99,2.164383562,1,2.398401826,0.00913242,0.011415525,510442.9852,1.423515982,1.158675799
2005,53,44.01551724,53.97758621,0.653448276,0,0,462.7931034,43.8862069,15.74482759,4.122413793,0.551724138,1.118965517,18.31034483,12.33103448,1.8,1.362068966,28.75344828,6.839655172,42.29827586,53.50344828,2.568965517,1.153448276,2.763793103,0.005172414,0.163793103,530297.6414,1.486206897,1.324137931
2005,54,12.60230548,30.34005764,1.827089337,0.181556196,0,341.7175793,51.24207493,15.46685879,4.322766571,0.478386167,1.077809798,19.84149856,15.78097983,1.596541787,1.247838617,31.23631124,6.821325648,12.44092219,29.78962536,2.417867435,1.285302594,2.576368876,0,0,540176.5908,1.446685879,1.282420749
2005,55,16.91876751,33.36134454,0.494397759,0.047619048,0.026610644,658.0364146,73.08123249,15.22408964,4.203081232,0.546218487,1.141456583,18.11904762,16.51820728,1.817927171,1.577030812,32.19187675,6.921568627,14.267507,30.80532213,2.491596639,1.546218487,2.365546218,0.00140056,0.035014006,550357.5,1.488795518,1.518207283
2005,56,16.12244898,32,1.06122449,0,0,54.08163265,22.91836735,15.59863946,3.952380952,0.62585034,1.156462585,13.1292517,12.7414966,1.62585034,1.176870748,25.32653061,6.544217687,15.0952381,30.57142857,2.299319728,1,2.639455782,0,0.129251701,560074,1.326530612,1.394557823
2006,1,13.76141659,29.21528425,1.453867661,0.663560112,0.645852749,517.4641193,74.54892824,15.75955266,4.181733458,0.30195713,1.124883504,20.92917055,12.49207829,1.712954334,1.370922647,27.54706431,6.459459459,38.47343896,49.5806151,2.441752097,3.082945014,2.397017707,0.005591799,0.016775396,10540.05219,1.476234856,1.160298229
2006,2,15.42253521,30.63380282,0.661971831,0,0,1116.352113,102.6478873,14.78873239,4.323943662,0.422535211,1.042253521,13.50704225,16.6056338,2.056338028,1.323943662,28.66197183,6.802816901,14.4084507,27.54929577,2.521126761,2,2.070422535,0,0.070422535,20036.22535,1.563380282,1.535211268
2006,4,41.11985689,52.68872987,6.9490161,6.211985689,6.198568873,201.7951699,14.52593918,15.16994633,4.041144902,0.464221825,1.156529517,17.07245081,14.96332737,2.430232558,3.860465116,34.44275492,6.443649374,36.46958855,49.23166369,3.011627907,2.725402504,7.642218247,0.002683363,0.584078712,40566.47406,1.548300537,1.721824687
2006,5,14.5,27.22147651,0.498322148,0.010067114,0,964.4312081,77.45973154,15.13422819,4.204697987,0.367449664,1.115771812,18.94966443,13.27684564,1.57885906,1.32885906,27.32214765,6.406040268,14.16275168,26.25167785,2.419463087,4.006711409,2.595637584,0,0,50299.73322,1.486577181,1.187919463
2006,8,46.83298969,56.02474227,0.890721649,0.032989691,0,386.0020619,55.06597938,15.34020619,4.109278351,0.597938144,1.103092784,14.85360825,12.63917526,1.832989691,1.245360825,26.96494845,6.734020619,41.42061856,51.72371134,2.622680412,3.086597938,2.303092784,0.002061856,0.028865979,80243.37526,1.492783505,1.2
2006,9,35.69283276,48.85665529,0.696245734,0,0,432.3856655,6.440273038,15.74061433,4.153583618,0.42662116,1.061433447,20.1331058,12.20819113,2.023890785,1.979522184,28.98976109,6.344709898,30.42320819,44.02389078,2.47440273,2,2.412969283,0.006825939,0,90147,1.542662116,1.33105802
2006,10,15.33834586,31.15789474,0.45112782,0,0,113.6015038,3.097744361,15.0075188,4.203007519,0.368421053,1.112781955,15.69924812,13.88721805,1.54887218,1.473684211,27.52631579,6.571428571,14.67669173,27.69172932,2.458646617,2,2.496240602,0.007518797,0,100067.9323,1.54887218,1.07518797
2006,11,99,99,1.727272727,0,0,10,1,16.78787879,3.787878788,0.454545455,1.121212121,13.21212121,11.84848485,2.090909091,1.545454545,29.42424242,5.727272727,99,99,2.757575758,7.727272727,1.484848485,0,0,110020.9394,1.484848485,1.03030303
2006,12,29.68603896,42.81071429,0.685064935,0.00974026,0,839.9714286,70.84577922,15.76331169,4.069805195,0.333766234,1.089935065,15.37402597,13.44772727,1.931818182,1.802922078,28.74935065,6.420454545,30.32532468,43.76590909,2.705194805,2.216233766,1.84512987,0.00487013,0.005844156,121569.3682,1.565584416,1.142207792
2006,13,16.49646757,31.16955684,0.690430315,0.136159281,0.12716763,627.1374438,138.5305074,15.42003854,4.140012845,0.3224149,1.087347463,19.14001285,13.14386641,1.691714836,1.757867694,29.79126525,6.599229287,15.60051381,30.48298009,2.570969814,2.485549133,2.880539499,0.003853565,0.001284522,130795.7649,1.560693642,1.166345536
2006,15,13.53472222,28.59027778,0.395833333,0,0,4831.618056,3.625,17.06944444,4.298611111,0.631944444,1.118055556,17.43055556,10.94444444,2.25,1.368055556,28.11111111,6.319444444,13.33333333,31.28472222,2.569444444,2,1.930555556,0,0.013888889,150073.4792,1.416666667,1.243055556
2006,16,12.87447699,29.0083682,1.343096234,0.414225941,0.414225941,133.4435146,38.11297071,15.53974895,4.535564854,0.39748954,1.117154812,16.72384937,14.12970711,1.694560669,1.661087866,29.29288703,6.757322176,11.64016736,28.54811715,2.439330544,3.962343096,2.493723849,0,0.246861925,160120.5858,1.389121339,1.276150628
2006,17,11.91373239,96.48151408,0.513204225,0.000880282,0,1811.126761,89.54577465,15.55809859,4.095070423,0.530809859,1.103873239,18.17869718,12.18573944,1.848591549,1.810739437,28.79577465,6.603873239,11.91285211,29.36179577,2.571302817,2.713028169,2.490316901,0.001760563,0.007042254,170584.4894,1.522887324,1.264964789
2006,18,13.08658537,30.14634146,0.603658537,0.019512195,0,2890.995122,88.67804878,15.76829268,4.019512195,0.32195122,1.1,19.12804878,12.27926829,1.608536585,1.630487805,28.2,6.787804878,12.57073171,29.73292683,2.465853659,4.535365854,3.207317073,0.003658537,0,180417.3622,1.532926829,1.202439024
2006,19,12.25647668,28.07512953,0.051813472,0,0,1010.476684,102.7202073,14.65544041,4.204663212,0.256476684,1.137305699,14.85751295,12.80310881,1.689119171,1.968911917,29.14507772,7.020725389,12.25129534,27.39896373,2.398963731,3.005181347,2.113989637,0,0,190196.1606,1.507772021,1.222797927
2006,20,12.07259953,27.34192037,0.306791569,0,0,1318.864169,115.3981265,14.9882904,4.25058548,0.318501171,1.096018735,16.92505855,13.3911007,1.695550351,1.81030445,28.48009368,6.725995316,12.24824356,28.08196721,2.367681499,3.220140515,2.304449649,0.007025761,0,200222.9016,1.470725995,1.1264637
2006,21,21.96415771,36.00477897,0.162485066,0,0,763.3273596,121.0023895,15.35483871,4.115890084,0.298685783,1.090800478,20.46953405,12.85902031,1.673835125,1.499402628,27.59378734,6.806451613,21.96176822,36.25567503,2.33572282,2.80167264,2.307048984,0.003584229,0,210419,1.508960573,1.229390681
2006,22,14.30898876,30.52247191,0.465168539,0.007865169,0,385.9539326,61.73483146,15.18876404,4.059550562,0.412359551,1.108988764,19.53483146,12.7258427,1.856179775,1.565168539,27.35168539,6.534831461,13.99550562,29.87191011,2.47752809,2.891011236,2.568539326,0.004494382,0,220469.3393,1.502247191,1.241573034
2006,23,13.10526316,29.00584795,0.122807018,0,0,4884.321637,15.39766082,15.88888889,4.374269006,0.368421053,1.099415205,21.78362573,12.66666667,1.596491228,0.964912281,27.29824561,6.783625731,13.23976608,28.38011696,2.274853801,3.105263158,1.918128655,0.005847953,0,230087.9942,1.438596491,1.292397661
2006,24,99,99,0.267676768,0,0,484.969697,56.87205387,15.27946128,4.121212121,0.449494949,1.097643098,18.15993266,12.35353535,1.912457912,1.51010101,29.85353535,6.648148148,99,99,2.45959596,2,2.47979798,0.003367003,0.006734007,240299.2357,1.577441077,1.136363636
2006,25,95.88337469,96.43672457,1.089330025,0.034739454,0,822.17866,16.0719603,15.49379653,4.071960298,0.359801489,1.064516129,20.53349876,12.42431762,1.925558313,2.079404467,28.89578164,6.957816377,95.87593052,96.72952854,2.181141439,2,3.138957816,0.00248139,0.007444169,250206.2903,1.416873449,1.58808933
2006,26,41.87250996,52.44820717,4.682270916,0.035856574,0.014940239,953.6414343,102.0338645,16.14342629,4.078685259,0.39940239,1.081673307,17.34163347,13.23207171,1.851593625,1.823705179,29.53585657,6.926294821,40.85258964,52.39641434,2.428286853,2.589641434,2.616533865,0.002988048,0,260511.4631,1.519920319,1.31374502
2006,27,42.70175439,53.3377193,0.375,0.260964912,0.217105263,1423.030702,83.09649123,16.00657895,3.971491228,0.432017544,1.083333333,16.03508772,12.58552632,1.712719298,1.905701754,28.23903509,6.666666667,37.33552632,47.48464912,2.407894737,3.063596491,2.24122807,0.004385965,0.032894737,270232.443,1.50877193,1.298245614
2006,28,14.20320197,22.75123153,0,0,0,336.9901478,78.47044335,15.37684729,4.146551724,0.235221675,1.121921182,18.97044335,13.01724138,1.700738916,1.071428571,28.68965517,6.397783251,14.1182266,23.99753695,2.311576355,3.934729064,3.447044335,0.001231527,0.006157635,280410.0222,1.42364532,1.136699507
2006,29,49.6900103,59.69104016,0.710607621,0.130792997,0,1733.316169,131.6158599,15.90937178,4.229660144,0.495365602,1.128733265,18.83831102,13.80329557,1.666323378,1.338825953,28.86508754,6.539649846,49.80947477,59.32131823,2.465499485,2.426364573,2.46961895,0.004119464,0,290493.2657,1.513903193,1.192584964
2006,30,15.27312775,31.14537445,0.202643172,0.088105727,0,98.27753304,53.05286344,14.88986784,4.013215859,0.784140969,1.162995595,13.92070485,13.88105727,1.651982379,0.889867841,27.58590308,6.845814978,13.6123348,30.37885463,2.356828194,2,2.72246696,0,0.502202643,300118.0396,1.317180617,1.176211454
2006,31,14.7699115,27.07079646,0.230088496,0,0,769.9734513,86.04424779,15.06637168,4.092920354,0.389380531,1.190265487,14.80530973,15.49557522,1.880530973,1.752212389,31.90707965,6.756637168,15.28318584,27.35840708,2.442477876,4.415929204,2.185840708,0,0,310114.4027,1.473451327,1.438053097
2006,32,19.20984456,35.21761658,1.090673575,0,0,42.51295337,14.7642487,16.02331606,4.033678756,0.435233161,1.116580311,13.56994819,12.06476684,1.976683938,1.595854922,28.72797927,6.575129534,12.73834197,29.87046632,2.823834197,2,1.893782383,0.002590674,0.041450777,320195.4275,1.601036269,1.062176166
2006,33,13.09482759,30.81034483,0.327586207,0,0,273.8275862,11.10344828,17.56896552,4.275862069,0.5,1.094827586,21.56034483,13.10344828,1.586206897,1.206896552,29.06896552,7.456896552,13,29.46551724,2.275862069,2,2.327586207,0,0,330060.6983,1.543103448,1.198275862
2006,34,98.62905501,98.71368124,0.403385049,0,0,1791.851904,18.93229901,15.92665726,3.978843441,0.420310296,1.087447109,17.06205924,13.02538787,1.992947814,1.344146685,27.70803949,6.658674189,98.62764457,98.74894217,2.647390691,2.836389281,2.097320169,0.004231312,0.022566996,340376.3935,1.531734838,1.166431594
2006,35,98.82075472,98.85849057,0.091981132,0,0,110.0235849,26.65801887,15.39858491,3.981132075,0.514150943,1.141509434,13.65566038,12.59433962,1.646226415,2.599056604,26.83962264,6.58254717,98.41037736,98.52122642,2.686320755,3.337264151,2.191037736,0,0.341981132,350213.3514,1.349056604,1.136792453
2006,36,45.07561156,55.08154188,0.505559674,0.146775389,0.146775389,3462.143069,65.28317272,15.29799852,4.133432172,0.292809489,1.077835434,18.26093403,12.34099333,1.883617494,1.23795404,28.3358043,6.874722016,44.46849518,55.2186805,2.581912528,2.420311342,2.261675315,0.004447739,0.006671609,360687.2832,1.458858414,1.250555967
2006,37,52.08286517,61.61587079,0.363061798,0,0,719.133427,102.7696629,15.79213483,4.213483146,0.413623596,1.091292135,20.14255618,12.8377809,1.659410112,1.422752809,29.19592697,6.556882022,51.99508427,61.6488764,2.480337079,2.341994382,1.933988764,0.000702247,0,370717.8876,1.483848315,1.167837079
2006,38,13.34653465,29.40594059,0.346534653,0,0,101.8811881,52.5049505,17.33663366,3.97029703,0.544554455,1.099009901,12.23762376,14.24752475,1.534653465,1.148514851,28.26732673,6.881188119,12.23762376,29.54455446,2.227722772,2,2.485148515,0,0.386138614,380051,1.326732673,1.297029703
2006,39,16.5363716,30.0035057,0.603856266,0.173531989,0.173531989,1262.379492,84.40052585,15.6485539,4.148115688,0.471516214,1.085013146,20.68624014,12.54951797,1.758983348,1.921121823,28.75635408,6.741454864,17.40315513,31.10692375,2.447852761,2.69237511,2.39964943,0.007011394,0,390586.5364,1.525854514,1.213847502
2006,40,43.68161435,55.06576981,0.490284006,0,0,1026.61435,86.60538117,15.20478326,4.056801196,0.373692078,1.143497758,20.14947683,12.67115097,1.596412556,1.361733931,28.84155456,6.733931241,41.31988042,52.83557549,2.606875934,3.325859492,2.342301943,0,0.02690583,400339.4499,1.532137519,1.086696562
2006,41,15.08133971,30.63636364,0.509569378,0,0,359.8349282,36.64593301,15.64593301,4.016746411,0.531100478,1.14354067,17.27511962,15.98086124,1.851674641,1.081339713,30.71291866,6.863636364,14.31578947,30.79904306,2.5,2.361244019,2.454545455,0.002392344,0.033492823,410214.0766,1.435406699,1.461722488