YEAR,STATE,ARR_HOUR,ARR_MIN,CF1,CF2,CF3,CITY,COUNTY,DAY,DAY_WEEK,DRUNK_DR,FATALS,HARM_EV,HOUR,LGT_COND,MAN_COLL,MINUTE,MONTH,NOT_HOUR,NOT_MIN,PERSONS,RAIL,REL_ROAD,SCH_BUS,SP_JUR,ST_CASE,VE_FORMS,WEATHER
2006,42,74.15188077,78.92831796,1.157558552,0.294535131,0.28105039,1692.647977,62.99858055,15.4251242,4.166075231,0.432221434,1.082327892,21.32434351,12.64017033,1.843860894,1.368346345,28.37402413,6.674946771,73.70688432,78.70688432,2.356990774,2.352732434,2.613200852,0.010645848,0.021291696,420705.8261,1.481192335,1.242015614
2006,44,11.48611111,28.19444444,0.722222222,0,0,155.5416667,6.416666667,15.44444444,4.097222222,0.652777778,1.125,19.80555556,11.36111111,2.111111111,1,30.77777778,6.875,11.38888889,29.41666667,2.194444444,2,2.75,0.013888889,0.111111111,440036.7639,1.388888889,1.166666667
2006,45,99,99,0.287769784,0,0,221.8417266,48.58273381,15.15621788,4.26618705,0.45323741,1.073997945,20.5282631,12.3381295,1.830421377,1.378211716,27.23432682,6.831449126,99,99,2.394655704,2.940390545,2.368961973,0.004110997,0,450488.8016,1.43987667,1.149023638
2006,46,30.75581395,40.34883721,0.587209302,0,0,349.005814,75.75581395,13.6744186,4,0.488372093,1.110465116,12.77325581,14.03488372,1.76744186,1.139534884,29.76744186,6.831395349,29.19767442,40.46511628,2.23255814,2.238372093,2.825581395,0,0.784883721,460086.5,1.377906977,1.273255814
2006,47,95.3875969,95.55297158,0.736434109,0,0,613.838932,94.89664083,15.65202412,4.249784668,0.32213609,1.105943152,21.19638243,14.51765719,1.803617571,1.390180879,29.7002584,6.779500431,95.4496124,95.92075797,2.465116279,2.324720069,2.534883721,0.002583979,0,470591.4961,1.489233419,1.273040482
2006,48,10.15118514,20.86483024,0.688340807,0.004484305,0,1743.309737,243.8955798,15.47629725,4.066623959,0.319026265,1.131005766,15.62011531,12.41319667,1.835361947,1.583920564,28.26297245,6.508007687,10.16495836,20.84112748,2.69186419,3.029147982,2.425048046,0.001601537,0,481565.6944,1.527866752,1.183536195
2006,49,26.38554217,40.06024096,0,0,0,1103.104418,33.69879518,15.91967871,4.273092369,0.192771084,1.152610442,11.20883534,13.08835341,1.738955823,1.441767068,29.08835341,6.831325301,23.30923695,37.10040161,2.662650602,2,2.204819277,0,0,490126.3775,1.465863454,1.293172691
2006,50,13.85714286,30.63636364,1.142857143,0.337662338,0,1132.519481,14.22077922,17.18181818,4.025974026,0.480519481,1.12987013,20.92207792,17.58441558,1.467532468,0.922077922,36.49350649,5.818181818,14.24675325,33.8961039,2.194805195,2,2.623376623,0.025974026,0.064935065,500040,1.376623377,1.467532468
2006,51,99,99,0.757505774,0.257505774,0.228637413,279.1616628,198.9203233,15.38683603,4.165127021,0.420323326,1.110854503,22.10046189,12.39838337,1.748267898,1.236720554,27.1408776,6.732101617,99,99,2.18591224,2,2.436489607,0.002309469,0,510446.3072,1.438799076,1.105080831
2006,53,30.16435986,42.48615917,0.517301038,0,0,542.8754325,44.51903114,15.66435986,4.034602076,0.574394464,1.095155709,16.7716263,12.87197232,1.847750865,1.42733564,28.85121107,6.8183391,30.06747405,42.7283737,2.515570934,2.081314879,2.885813149,0,0.115916955,530297.7941,1.494809689,1.287197232
2006,54,30.92204301,43.30376344,1.067204301,0.034946237,0,348.3010753,51.29032258,16.33870968,4.225806452,0.411290323,1.102150538,20.84408602,15.3844086,1.701612903,1.373655914,29.84946237,6.521505376,30.23924731,44.33602151,2.365591398,3.752688172,2.494623656,0.002688172,0,540196.3495,1.481182796,1.392473118
2006,55,16.49552239,31.94626866,0.970149254,0.02238806,0,785.7432836,74.1238806,15.33432836,4.020895522,0.595522388,1.080597015,18.89850746,15.28059701,1.888059701,1.517910448,31.75671642,6.673134328,14.55074627,31.24328358,2.32238806,2.611940299,2.66119403,0.004477612,0.035820896,550336.4701,1.440298507,1.511940299
2006,56,15.81065089,31.27810651,0.49704142,0,0,49.52662722,22.14792899,15.08284024,4.266272189,0.562130178,1.153846154,13.87573964,13.63313609,1.609467456,1.366863905,28.08284024,7.100591716,15.10059172,29.19526627,2.763313609,2,2.550295858,0,0.201183432,560085,1.50887574,1.49704142
2007,1,13.83960396,29.50990099,1.279207921,0.657425743,0.588118812,584.3891089,73.51485149,15.59009901,4.221782178,0.355445545,1.099009901,20.13168317,12.38019802,1.68019802,1.341584158,27.24851485,6.543564356,55.41386139,62.91584158,2.415841584,4.155445545,2.291089109,0.002970297,0.000990099,10505.5,1.456435644,1.118811881
2007,2,34.70666667,44.93333333,0.493333333,0,0,938.36,105.4266667,15.6,4.186666667,0.48,1.093333333,14.45333333,15.69333333,2.066666667,1.853333333,29.33333333,6.986666667,30.18666667,40.96,2.626666667,3,1.64,0.013333333,0.106666667,20038.56,1.546666667,1.586666667
2007,4,42.20063025,52.35819328,3.652310924,2.990546218,2.911764706,197.2867647,14.50735294,15.14180672,4.12394958,0.503151261,1.125,15.07037815,14.6302521,2.221638655,3.337184874,35.38130252,6.537815126,37.77836134,49.14390756,2.857142857,3,4.881302521,0.003151261,0.524159664,40487.47164,1.529411765,1.446428571
2007,5,12.08233276,25.21269297,0.569468268,0.169811321,0.169811321,967.0531732,78.45454545,15.14922813,4.166380789,0.363636364,1.113207547,18.69468268,13.81818182,1.680960549,1.440823328,27.86963979,6.620926244,11.23499142,24.25728988,2.384219554,4.523156089,2.799313894,0,0,50293.39623,1.473413379,1.283018868
2007,8,50.62401575,58.68503937,1.348425197,0,0,403.8444882,55.99212598,15.81102362,4.210629921,0.588582677,1.090551181,14.77165354,12.41929134,1.775590551,1.480314961,27.54724409,6.657480315,46.75590551,55.8011811,2.63976378,3.375984252,2.188976378,0,0,80254.5,1.553149606,1.344488189
2007,9,34.24163569,45.97769517,0.706319703,0.05204461,0.055762082,447.0669145,6.710037175,16.46096654,4.130111524,0.546468401,1.100371747,20.1598513,12.97026022,1.985130112,1.732342007,29.11152416,6.672862454,25.75464684,39.07434944,2.423791822,3,2.3866171,0,0.014869888,90135.36431,1.520446097,1.26394052
2007,10,17.93333333,32.58095238,0.361904762,0,0,14.95238095,3.295238095,14.06666667,4.276190476,0.485714286,1.114285714,18.55238095,12.38095238,1.733333333,1.352380952,26.92380952,6.142857143,13.1047619,29.0952381,2.638095238,3,2.771428571,0.00952381,0,100053.819,1.514285714,1.228571429
2007,11,93.5,93.5,1.111111111,0,0,10,1,14.86111111,4.166666667,0.666666667,1.222222222,13.94444444,13.97222222,2.333333333,0.916666667,26.55555556,6.416666667,93.5,93.5,2.611111111,3,1.888888889,0,0,110018.5,1.333333333,1
2007,12,31.37206932,44.2803262,0.524634726,0.037716616,0.006455997,775.5069657,70.63710499,15.56439008,4.119266055,0.356439008,1.091743119,15.61875637,13.98844716,1.970778118,1.630309208,29.36255522,6.358477744,31.94189602,44.96228338,2.647638464,3.281345566,1.778117567,0.003058104,0.005436629,121508.8777,1.551817873,1.140332994
2007,13,17.24329759,31.84785523,0.526809651,0.086461126,0.066353887,593.4651475,141.7573727,15.64209115,4.070375335,0.304959786,1.099865952,19.04356568,12.84852547,1.666219839,1.660187668,29.75536193,6.583780161,16.58713137,31.39276139,2.581769437,3.993967828,2.847855228,0.002010724,0.008713137,130747.3123,1.542225201,1.130697051
2007,15,14.472,33.816,0.096,0,0,4791.296,3.752,14.472,4.184,0.656,1.104,16.144,12.976,1.96,1.176,29.736,6.32,15.064,32.48,2.512,3,2.384,0,0.016,150065.12,1.368,1.168
2007,16,14.20183486,30.84862385,2.848623853,1.899082569,1.816513761,181.1376147,41.30275229,15.5,4.169724771,0.389908257,1.155963303,16.18807339,14.56422018,1.76146789,1.114678899,29.11009174,6.908256881,12.97247706,28.6559633,2.403669725,4.013761468,2.600917431,0,0.151376147,160109.5,1.334862385,1.26146789
2007,17,11.97957371,96.27619893,0.397868561,0.002664298,0,1996.21048,90.25932504,15.61811723,4.056838366,0.536412078,1.108348135,17.69449378,12.13143872,1.823268206,1.54973357,29.04884547,6.557726465,11.97957371,28.75666075,2.510657194,3.511545293,2.325932504,0.002664298,0.007104796,170575.7087,1.517761989,1.362344583
2007,18,12.65422886,29.96766169,0.610696517,0.036069652,0,2847.359453,87.13930348,15.83830846,4.11318408,0.291044776,1.116915423,19.37562189,12.42661692,1.630597015,1.618159204,29.65920398,6.501243781,12.76492537,30.2300995,2.473880597,5.476368159,3.254975124,0.007462687,0,180415.408,1.542288557,1.243781095
2007,19,12.65139949,28.11450382,0.152671756,0,0,971.5750636,109.9007634,16.49618321,4.183206107,0.249363868,1.134860051,14.75063613,12.39949109,1.664122137,1.513994911,28.67684478,6.860050891,12.55470738,27.19847328,2.458015267,4.045801527,2.239185751,0.005089059,0,190200.2952,1.473282443,1.300254453
2007,20,13.36675462,29.0474934,0.688654354,0,0,1162.07124,115.4432718,15.82849604,4.356200528,0.327176781,1.09762533,16.06860158,14.57255937,1.664907652,1.844327177,28.56200528,6.836411609,13.2348285,28.55408971,2.656992084,3.440633245,2.295514512,0,0.01055409,200192.2269,1.646437995,1.416886544
2007,21,22.45454545,36.30510585,0.250311333,0,0,725.0772105,124.8655044,15.69364882,4.056039851,0.323785803,1.075965131,21.23038605,13.0622665,1.613947696,1.366127024,28.60024907,6.633872976,22.36861768,36.24034869,2.363636364,3.723536737,2.462017435,0.00249066,0.00249066,210402.4421,1.479452055,1.173100872
2007,22,17.48111111,33.42222222,0.7,0.031111111,0,491.4611111,63.08888889,15.67666667,4.044444444,0.442222222,1.103333333,19.29777778,14.18,1.892222222,1.228888889,28.32555556,6.625555556,17.43888889,33.17333333,2.395555556,3.906666667,2.845555556,0.003333333,0,220451.5111,1.452222222,1.182222222
2007,23,14.86470588,32.67058824,0.329411765,0,0,5193.929412,15.47058824,15.40588235,4.023529412,0.447058824,1.076470588,22.04705882,12.40588235,1.811764706,0.929411765,31.02352941,6.905882353,14.97058824,35.07058824,2.211764706,3.976470588,2.229411765,0.011764706,0.017647059,230088.5176,1.364705882,1.211764706
2007,24,99,99,0.652329749,0.23655914,0.177419355,394.9175627,60.00358423,15.96057348,4.123655914,0.474910394,1.100358423,18.79390681,12.95698925,1.930107527,1.385304659,29.16308244,6.829749104,99,99,2.4390681,3.055555556,2.781362007,0.003584229,0.025089606,240280.371,1.521505376,1.200716846
2007,25,23.97794118,38.38970588,0.281862745,0,0,721.0759804,16.10294118,15.52941176,4.051470588,0.411764706,1.06372549,21.83578431,12.45343137,2.392156863,2.916666667,30.17401961,6.306372549,23.67156863,39.67156863,2.200980392,3,2.911764706,0.00245098,0,250210.0319,1.397058824,1.93627451
2007,26,43.96161616,54.38181818,3.871717172,0.022222222,0,1030.90303,102.3434343,15.3989899,4.212121212,0.394949495,1.097979798,17.5979798,13.06161616,1.855555556,2.187878788,28.59191919,6.924242424,43.61414141,53.9959596,2.590909091,3.043434343,2.617171717,0.003030303,0.004040404,260506.9838,1.558585859,1.414141414
2007,27,63.33261339,69.57451404,0.203023758,0,0,1704.565875,88.74946004,15.12311015,4.190064795,0.442764579,1.101511879,16.04319654,12.44276458,1.712742981,2.123110151,28.23110151,6.835853132,54.87041037,63.22030238,2.773218143,3.406047516,2.183585313,0.019438445,0.032397408,270237.8315,1.714902808,1.373650108
2007,28,22.60820896,28.68781095,0.024875622,0,0,357.7126866,77.23134328,15.29726368,4.060945274,0.26119403,1.099502488,20.03358209,12.67537313,1.585820896,0.921641791,29.75497512,6.646766169,21.95522388,28.17661692,2.150497512,3.412935323,3.241293532,0,0,280402.5,1.389303483,1.129353234
2007,29,50.87777778,60.27333333,0.982222222,0.061111111,0,1742.111111,137.2277778,16.31777778,4.274444444,0.458888889,1.102222222,18.96666667,13.44666667,1.643333333,1.384444444,28.48777778,6.655555556,50.99666667,60.32555556,2.405555556,3.518888889,2.525555556,0.006666667,0.002222222,290454.5856,1.478888889,1.205555556
2007,30,15.856,29.384,0.212,0,0,39.056,51.808,15.22,4.004,0.768,1.108,14.052,13.596,1.712,0.936,28.42,6.624,14.192,31.888,2.352,3,2.708,0,0.488,300125.5,1.312,1.328
2007,31,15.57391304,28.9,0.3,0,0,799.4130435,91.63478261,15.5173913,4.308695652,0.42173913,1.113043478,14.95217391,15.13043478,1.626086957,1.808695652,29.26521739,6.67826087,15.59130435,28.05217391,2.486956522,3.57826087,2.252173913,0.004347826,0.013043478,310115.5,1.556521739,1.317391304
2007,32,18.86803519,34.42521994,0.351906158,0,0,44.94428152,10.41642229,15.00879765,4.085043988,0.448680352,1.093841642,13.62170088,12.29912023,1.935483871,1.527859238,28.5601173,6.032258065,15.01759531,31.72727273,2.700879765,3,2.052785924,0.002932551,0.005865103,320171.5044,1.507331378,1.070381232
2007,33,12.50819672,28.43442623,0.37704918,0,0,279.0327869,11.04918033,16.6147541,4.475409836,0.385245902,1.057377049,20.85245902,12.5,1.614754098,1.245901639,30.21311475,6.475409836,12.36885246,30.53278689,2.114754098,4.360655738,2.213114754,0.016393443,0,330069.0656,1.483606557,1.229508197
2007,34,99,99,0.308605341,0,0,1289.918398,18.39762611,15.46290801,4.140949555,0.399109792,1.074183976,18.85459941,12.64391691,2.010385757,1.370919881,27.85459941,6.642433234,99,99,2.554896142,3.427299703,2.330860534,0.005934718,0.035608309,340345.8457,1.491097923,1.253709199
2007,35,96.12668464,96.21832884,0.568733154,0.266846361,0.266846361,154.1967655,27.41509434,15.08894879,3.994609164,0.522911051,1.113207547,13.01078167,13.32614555,1.725067385,2.269541779,27.79245283,6.668463612,96.59838275,96.59838275,2.522911051,3.447439353,2.334231806,0.002695418,0.274932615,350186,1.347708895,1.20754717
2007,36,46.10266774,55.7938561,0.211802749,0,0,3488.43169,66.47291835,15.84155214,4.025060631,0.316087308,1.076798707,18.41552142,12.66208569,1.869846403,1.436540016,27.90784155,6.87712207,45.21422797,54.73160873,2.548100243,3.266774454,2.09135004,0.006467259,0,360630.0243,1.493936944,1.271624899
2007,37,71.93861386,77.52607261,0.494389439,0.087128713,0.065346535,698.749835,102.3320132,15.60990099,4.122112211,0.44290429,1.106270627,20.31815182,12.41980198,1.739933993,1.452805281,28.19867987,6.648844884,71.75709571,77.05478548,2.457425743,3.38349835,1.815181518,0.005280528,0,370763.6383,1.469966997,1.137953795
2007,38,15.4,31.70526316,0.147368421,0,0,213.3684211,55.90526316,15.07368421,4.431578947,0.894736842,1.168421053,12.6,13.41052632,1.8,1.031578947,30.02105263,7.252631579,15.45263158,32.11578947,2.315789474,3.294736842,2.684210526,0,0.473684211,380048,1.305263158,1.463157895
2007,39,16.57019811,30.38329027,0.461670973,0.085271318,0.085271318,1374.484927,86.63479759,15.29543497,4.158484065,0.472006891,1.080964686,20.80017227,12.64685616,1.768303187,1.970714901,29.17743325,6.67786391,16.8208441,31.09646856,2.361757106,3.260981912,2.622739018,0.004306632,0.006890612,390595.292,1.503014643,1.266149871
2007,40,43.82280431,54.93528505,0.898305085,0.457627119,0.457627119,1210.420647,88.10015408,16.50077042,4.080123267,0.369799692,1.18027735,18.44838213,12.89522342,1.696456086,1.434514638,28.53775039,6.633281972,42.28505393,53.58859784,2.627118644,3.793528505,2.294298921,0,0.001540832,400329.0755,1.543913713,1.206471495
2007,41,16.68126521,31.83454988,0.97323601,0,0,312.4452555,36.91727494,15.93187348,4.070559611,0.549878345,1.107055961,16.43309002,17.97810219,1.936739659,1.03892944,32.486618,6.673965937,14.98053528,30.9270073,2.413625304,3,2.545012165,0.00243309,0.075425791,410209.4891,1.423357664,1.756690998
2007,42,72.94328787,78.27853553,0.64178033,0.055994257,0.023689878,1460.180905,65.52261307,15.88513999,4.119167265,0.461593683,1.070351759,20.27207466,13.06891601,1.791098349,1.675520459,29.33165829,6.635319454,71.29073941,77.01363963,2.472361809,3.301507538,2.52189519,0.0028715,0,420698.4659,1.552763819,1.357501795
2007,44,26.578125,39.078125,0.65625,0,0,147.109375,6.09375,15.71875,4.109375,0.484375,1.078125,21.421875,11.84375,1.953125,0.609375,25.796875,6.328125,26.484375,40.1875,2.046875,3,2.671875,0,0,440032.5,1.234375,1.078125
2007,45,99,99,0.14213198,0,0,166.2081218,47.16649746,15.43045685,4.173604061,0.52284264,1.093401015,20.55634518,12.19695431,1.717766497,1.336040609,26.85279188,6.584771574,99,99,2.445685279,3.440609137,2.479187817,0.001015228,0,450496.8873,1.43857868,1.134010152
2007,46,31.38461538,40.94615385,0.176923077,0,0,364.6538462,74.76923077,16.85384615,4.146153846,0.538461538,1.123076923,12.33846154,13.43076923,1.615384615,1.084615385,25.56153846,6.638461538,31.26153846,39.46153846,2.415384615,3.223076923,2.584615385,0,0.869230769,460065.5,1.353846154,1.584615385
2007,47,94.80918092,95.62106211,0.670567057,0.135013501,0.089108911,575.2628263,97.75787579,15.89738974,4.052205221,0.381638164,1.090009001,21.28442844,13.73087309,1.738973897,1.403240324,28.01440144,6.653465347,94.81278128,95.55355536,2.299729973,3.141314131,2.639963996,0.00360036,0.00450045,470565.2493,1.480648065,1.223222322
2007,48,10.29193548,20.59741935,0.686774194,0.038387097,0.031935484,1768.673548,241.4464516,15.36709677,4.07483871,0.35516129,1.118064516,16.67290323,12.21774194,1.871612903,1.822580645,28.71225806,6.658709677,10.51548387,21.92806452,2.620645161,3.891935484,2.338709677,0.002258065,0.004516129,481582.9542,1.531612903,1.213870968
2007,49,25.29069767,41.15891473,0.244186047,0,0,966.1124031,33.62015504,15.60852713,3.996124031,0.217054264,1.158914729,11.82170543,12.7248062,1.728682171,1.236434109,27.8875969,6.73255814,23.85658915,37.6744186,2.755813953,3.643410853,2.631782946,0.003875969,0,490129.9729,1.449612403,1.143410853
2007,50,14.25806452,29.77419355,1.322580645,0.709677419,0,824.4193548,14.96774194,16.83870968,4.322580645,0.629032258,1.064516129,18.27419355,18.19354839,1.790322581,1.435483871,33.4516129,6.193548387,12.43548387,33.5483871,2.193548387,3,2.225806452,0,0.14516129,500032.0968,1.387096774,1.241935484
2007,51,98.89479277,98.89479277,0.532412327,0.015940489,0,300.4867163,204.1976621,15.7120085,4.121147715,0.447396387,1.091392136,19.7151966,12.75451647,1.698193411,1.210414453,28.12964931,6.773645058,98.89479277,98.89479277,2.170031881,3.176408077,2.266737513,0.003188098,0.007438895,510472.5994,1.435706695,1.11370882
2007,53,30.11111111,43.10357815,0.4086629,0,0,474.1920904,44.39736347,15.22787194,3.979284369,0.527306968,1.075329567,16.31450094,12.7740113,1.830508475,1.604519774,28.27306968,6.661016949,29.76271186,43.54425612,2.451977401,3.52354049,3.13747646,0,0.175141243,530272.7232,1.485875706,1.258003766
2007,54,37.42118863,49.12661499,0.431524548,0.056847545,0,417.3979328,49.20671835,15.87080103,4.237726098,0.516795866,1.11627907,20.96899225,19.00258398,1.664082687,1.359173127,33.5245478,6.4625323,36.9870801,49.84496124,2.235142119,3,4.284237726,0.005167959,0,540206.4109,1.408268734,1.348837209
2007,55,17.72888889,33.8237037,0.779259259,0.026666667,0,877.957037,73.05925926,15.94222222,4.208888889,0.601481481,1.12,17.24592593,13.25185185,1.822222222,1.900740741,29.6162963,6.715555556,15.62814815,32.49185185,2.394074074,3.392592593,2.207407407,0.005925926,0.011851852,550339.6711,1.49037037,1.444444444
2007,56,14.68613139,32.1459854,0.255474453,0,0,60.72992701,23.39416058,15.19708029,4.430656934,0.481751825,1.094890511,14.91970803,14.03649635,1.678832117,0.875912409,27.01459854,6.656934307,14.54014599,30.5620438,2.189781022,3.131386861,2.824817518,0,0.087591241,560069,1.291970803,1.401459854
2008,1,13.10998878,27.59820426,0.821548822,0.015712682,0.025813692,569.023569,74.75084175,15.94388328,4.159371493,0.326599327,1.087542088,21.35802469,12.8338945,1.757575758,1.498316498,27.12008979,6.603815937,92.31649832,92.92031425,2.386083053,1.44332211,2.460157127,0.001122334,0.004489338,10446,1.451178451,1.17620651
2008,2,34.63636364,40.38181818,1.4,0.109090909,0,1433.290909,117.0181818,16.45454545,4.090909091,0.454545455,1.127272727,13.45454545,15.07272727,1.836363636,1.963636364,24.21818182,7.509090909,30,36.52727273,3.018181818,1,1.690909091,0,0.163636364,20029.07273,1.654545455,1.581818182
2008,4,34.91933571,48.0688019,2.501779359,1.525504152,1.412811388,178.0474496,14.33214709,15.30130486,4.176749703,0.316725979,1.112692764,14.45077106,14.44246738,2.084223013,2.7485172,34.19928826,6.27995255,29.3831554,41.93001186,2.865954923,1.142348754,4.763938316,0.005931198,0.377224199,40428.72598,1.50059312,1.367734282
2008,5,12.15217391,24.11956522,0.630434783,0,0,933.7300725,79.56884058,15.9076087,3.987318841,0.311594203,1.086956522,20.37681159,14.38043478,1.675724638,1.307971014,29.80072464,6.628623188,11.69927536,24.66485507,2.231884058,1.635869565,2.601449275,0.003623188,0,50278.90761,1.420289855,1.31884058
2008,8,54.53488372,63.00634249,1.109936575,0.21564482,0.040169133,411.1902748,53.1141649,16.13742072,4.205073996,0.380549683,1.158562368,15.35306554,12.85623679,1.816067653,1.226215645,27.35095137,6.744186047,49.76321353,59.50739958,2.600422833,1.073995772,2.287526427,0,0,80239.70402,1.507399577,1.162790698
2008,9,29.07526882,42.74193548,0.139784946,0,0,471.7706093,6.827956989,15.60215054,4.189964158,0.333333333,1.082437276,20.22939068,12.43727599,1.88172043,1.272401434,28.92831541,6.577060932,19.11827957,34.49103943,2.318996416,1,2.397849462,0.007168459,0,90140.0681,1.46953405,1.182795699
2008,10,21.8,36.45714286,0.628571429,0,0,36.41904762,3.228571429,14.81904762,4.095238095,0.533333333,1.152380952,17.63809524,13.52380952,1.819047619,1.104761905,28,6.647619048,18.48571429,33.34285714,2.466666667,1,2.504761905,0.019047619,0,100053,1.457142857,1.114285714
2008,11,59.09375,68,0.5,0,0,10,1,15.03125,4.125,0.21875,1.0625,16.375,11.34375,2.28125,1.34375,26.96875,6.6875,54.125,60.4375,2.28125,1,2.1875,0,0,110016.9688,1.34375,1.0625
2008,12,29.73507058,43.17734347,0.430329352,0.006876583,0,801.7198697,71.29605501,15.71878393,4.150199059,0.297502714,1.078537821,16.73072747,13.41404271,2.012667391,1.445168295,28.44553022,6.446254072,31.63879841,44.62649294,2.562432139,1.3470865,1.791530945,0.006152733,0.000723851,121425.6667,1.532030402,1.130655085
2008,13,13.22262774,27.75474453,0.801459854,0.010218978,0,617.9335766,140.0291971,15.93430657,4.118978102,0.250364964,1.091240876,19.3919708,13.35182482,1.63649635,1.600729927,29.66934307,6.525547445,13.18467153,27.97664234,2.474452555,1.451094891,2.905839416,0.006569343,0.001459854,130685.6,1.512408759,1.15620438
2008,15,15.25490196,30.17647059,0.833333333,0,0,4668,4.137254902,14.67647059,3.990196078,0.450980392,1.049019608,18.7745098,13.03921569,1.931372549,1.176470588,26.82352941,6.343137255,21.82352941,34.85294118,2.343137255,1,2.235294118,0,0,150051.5,1.37254902,1.205882353
2008,16,15.28773585,32.79245283,3.448113208,2.801886792,2.801886792,122.6084906,40.06603774,15.51415094,4.283018868,0.391509434,1.094339623,16.22641509,15.21226415,1.726415094,1.641509434,28.16981132,6.759433962,14.83018868,29.63207547,2.396226415,1.632075472,2.438679245,0,0.226415094,160106.5,1.433962264,1.419811321
2008,17,12.57157895,97.96631579,0.601052632,0.213684211,0.212631579,1936.62,88.28842105,15.67684211,4.047368421,0.385263158,1.097894737,16.73789474,12.27789474,1.783157895,1.454736842,28.13894737,6.718947368,12.5,29.55052632,2.481052632,1.894736842,2.385263158,0.007368421,0.017894737,170497.0063,1.511578947,1.392631579
2008,18,12.55158184,28.50206327,0.532324622,0.100412655,0,2734.814305,91.5392022,15.80467675,4.055020633,0.277854195,1.127922971,18.88033012,12.33837689,1.590096286,1.702888583,28.56258597,6.859697387,12.4264099,28.80330124,2.431911967,2.746905089,2.988995873,0.004126547,0,180373.5667,1.554332875,1.382393398
2008,19,12.55434783,26.51086957,0.301630435,0,0,702.8179348,104.6467391,15.38858696,4.171195652,0.195652174,1.119565217,14.60326087,12.67934783,1.684782609,1.703804348,27.36413043,6.815217391,12.50815217,24.81793478,2.516304348,1.369565217,2.027173913,0.005434783,0,190189.3777,1.551630435,1.494565217
2008,20,12.23919308,27.44092219,0.262247839,0.066282421,0,1148.011527,109.7723343,16.25936599,4.414985591,0.389048991,1.106628242,18.4610951,13.34582133,1.858789625,1.599423631,28.50720461,7.051873199,12.7204611,28.4092219,2.279538905,1.694524496,2.461095101,0.002881844,0.023054755,200177.9049,1.432276657,1.30259366
2008,21,20.31824234,35.07723036,0.30758988,0,0,759.8055925,116.3848202,16.00932091,4.154460719,0.284953395,1.098535286,21.08122503,13.06924101,1.675099867,1.386151798,28.22636485,6.845539281,19.57523302,33.71637816,2.27563249,1.286284953,2.296937417,0.003994674,0.001331558,210376.8202,1.468708389,1.238348868
2008,22,15.36053593,32.34226553,0.758830694,0.046285018,0.028014616,358.0231425,61.42143727,15.87576127,4.123020706,0.401948843,1.115712546,20.16565164,13.86479903,1.931790499,1.328867235,27.90499391,6.677222899,15.39220463,31.17783191,2.41047503,2.320341048,2.554202192,0.002436054,0.001218027,220411.8197,1.429963459,1.298416565
2008,23,15.25694444,30.65277778,0.333333333,0,0,4466.965278,16.01388889,16.07638889,3.930555556,0.319444444,1.076388889,23.29166667,13.33333333,1.631944444,0.979166667,28.94444444,6.618055556,15.10416667,31.43055556,2.104166667,1,3.541666667,0,0,230076.9236,1.416666667,1.444444444
2008,24,99,99,0.472118959,0.211895911,0.18401487,433.6505576,64.65427509,15.80297398,4.219330855,0.295539033,1.098513011,18.46468401,13.42565056,1.949814126,1.836431227,29.57992565,6.620817844,99,99,2.505576208,1,2.62267658,0.003717472,0.027881041,240271.1877,1.514869888,1.144981413
2008,25,21.23668639,36.55029586,0.357988166,0,0,699.5502959,16.4260355,16.16272189,4.180473373,0.319526627,1.076923077,21.06508876,11.9408284,2.313609467,2.041420118,28.24556213,6.834319527,21.43491124,37.17751479,2.171597633,1.414201183,3.325443787,0.00591716,0,250178.1982,1.313609467,1.582840237
2008,26,43.58907104,54.33879781,5.012021858,0.043715847,0,1219.206557,101.7256831,15.03278689,4.161748634,0.326775956,1.071038251,17.47978142,12.22622951,1.756284153,1.8,29.19125683,6.789071038,42.23497268,53.98032787,2.54863388,1.356284153,2.582513661,0.003278689,0.003278689,260468.906,1.545355191,1.42295082
2008,27,39.77380952,50.9547619,0.619047619,0.016666667,0,1710.154762,83.03809524,15.97142857,4.016666667,0.366666667,1.083333333,15.28333333,12.33095238,1.795238095,1.866666667,30.12619048,6.902380952,25.3,40.35952381,2.626190476,1.2,2.39047619,0.002380952,0.071428571,270215.8595,1.523809524,1.526190476
2008,28,28.47538678,33.26160338,0,0,0,325.6146273,79.30661041,15.53305204,4.021097046,0.223628692,1.101265823,21.10548523,12.50914205,1.58931083,0.994374121,29.88185654,6.533052039,28.01125176,33.11814346,2.137834037,2.575246132,3.281293952,0.00281294,0,280356.3263,1.385372714,1.170182841
2008,29,51.29704142,60.79408284,0.940828402,0.14556213,0.050887574,1696.137278,129.3443787,15.89940828,4.095857988,0.35147929,1.136094675,19.61656805,14.13491124,1.70887574,1.240236686,28.35621302,6.734911243,51.29349112,59.76923077,2.389349112,1.449704142,2.624852071,0.001183432,0.001183432,290428.2509,1.482840237,1.353846154
2008,30,13.75961538,31.44711538,0.389423077,0,0,51.95192308,49.60576923,16.40384615,4.144230769,0.4375,1.100961538,12.88461538,14.04326923,1.620192308,1.509615385,27.33173077,6.8125,13.92788462,27.8125,2.485576923,1.081730769,2.605769231,0.004807692,0.331730769,300105.0817,1.375,1.254807692