YEAR,STATE,ARR_HOUR,ARR_MIN,CF1,CF2,CF3,CITY,COUNTY,DAY,DAY_WEEK,DRUNK_DR,FATALS,HARM_EV,HOUR,LGT_COND,MAN_COLL,MINUTE,MONTH,NOT_HOUR,NOT_MIN,PERSONS,RAIL,REL_ROAD,SCH_BUS,SP_JUR,ST_CASE,VE_FORMS,WEATHER
2008,31,23.2606383,32.89361702,0.627659574,0.526595745,0.526595745,456.2234043,85.64893617,15.7393617,4.069148936,0.356382979,1.106382979,13.55319149,20.56382979,1.659574468,1.89893617,33.25,6.595744681,22.39893617,32.66489362,2.287234043,1.063829787,2.244680851,0,0.015957447,310094.5,1.510638298,1.462765957
2008,32,21,36.05921053,0.585526316,0,0,32.86842105,17.30592105,14.4375,4.190789474,0.361842105,1.065789474,14.54605263,12.78289474,2,1.417763158,29.30921053,6.539473684,14.28947368,31.20723684,2.516447368,1,2,0,0.003289474,320154.5428,1.467105263,1.065789474
2008,33,13.11811024,29.37795276,0.157480315,0,0,273.7952756,10.46456693,15.02362205,3.937007874,0.37007874,1.086614173,18.70866142,13.91338583,1.732283465,1.204724409,30.95275591,6.976377953,12.98425197,29.44094488,2.433070866,1,2.196850394,0.007874016,0,330065.9449,1.527559055,1.094488189
2008,34,66.00720721,72.41621622,0.405405405,0.066666667,0,1674.446847,19.19459459,15.46846847,4.252252252,0.282882883,1.063063063,18.3009009,12.44144144,2.084684685,1.190990991,27.38018018,6.616216216,65.94234234,72.27747748,2.491891892,1,2.969369369,0.007207207,0.025225225,340303.9694,1.455855856,1.185585586
2008,35,89.83333333,89.83333333,0.104938272,0,0,188.1481481,28.54938272,15.08950617,4.320987654,0.320987654,1.12962963,10.17592593,12.7191358,1.635802469,1.339506173,26.45987654,6.836419753,89.83333333,89.83333333,2.712962963,2.694444444,2.290123457,0,0.182098765,350162.5648,1.37654321,1.219135802
2008,36,46.70528109,56.74616695,0.282793867,0.012776831,0,3610.518739,66.86201022,15.5451448,4.080919932,0.248722317,1.05451448,17.76916525,12.51788756,1.889267462,1.462521295,29.72998296,6.668654174,46.14480409,56.81856899,2.5,1.596252129,2.233390119,0.005110733,0,360604.2555,1.461669506,1.362010221
2008,37,65.41925701,71.41470811,0.388172858,0,0,755.1425322,103.5822593,15.47990902,4.173616376,0.354814253,1.082638362,20.47611827,13.08263836,1.702805155,1.319939348,28.39499621,6.510993177,64.74450341,71.61561789,2.376042456,1.292645944,1.93328279,0.003790751,0,370668.3533,1.429112964,1.178923427
2008,38,14.28865979,32.13402062,0,0,0,239.8453608,56.21649485,15.89690722,4.237113402,0.515463918,1.072164948,10.74226804,11.36082474,1.680412371,1.422680412,28.93814433,6.783505155,12.40206186,29.40206186,2.237113402,2.092783505,2.474226804,0,0.309278351,380049,1.412371134,1.340206186
2008,39,16.4622384,30.55959964,0.353958144,0,0,1511.161056,81.00545951,15.7188353,4.094631483,0.362147407,1.083712466,20.18835305,12.19563239,1.751592357,1.717015469,28.03184713,6.842584167,16.58871702,31.85259327,2.397634213,1.401273885,2.417652411,0.008189263,0.000909918,390575.6488,1.501364877,1.26933576
2008,40,33.51636905,46.11160714,0.485119048,0,0,1302.479167,84.59821429,15.54166667,4.150297619,0.354166667,1.116071429,19.08630952,13.47470238,1.726190476,1.572916667,29.51636905,6.796130952,32.62053571,45.23065476,2.486607143,1.686011905,2.495535714,0.00297619,0.00297619,400338.4866,1.510416667,1.25
2008,41,14.99186992,30.10569106,1.132791328,0.119241192,0,335.9837398,36.05691057,15.42547425,4.233062331,0.352303523,1.127371274,16.86178862,18.08130081,1.989159892,1.035230352,31.80216802,6.886178862,13.93495935,28.98373984,2.482384824,1.33604336,2.861788618,0.002710027,0.005420054,410186.1463,1.411924119,1.571815718
2008,42,52.5736377,61.53902798,0.990427099,0.272459499,0.221649485,1091.155376,64.61413844,15.64285714,4.145802651,0.388807069,1.081001473,21.04418262,12.71354934,1.781296024,1.493372607,28.5191458,6.72017673,52.03902798,61.2371134,2.32179676,1.231222386,2.47275405,0.004418262,0.025036819,420680.5479,1.494845361,1.393961708
2008,44,14.14285714,32.26984127,0.444444444,0.301587302,0,141.8888889,6.428571429,14.19047619,4,0.365079365,1.031746032,20.98412698,12.9047619,2.079365079,0.904761905,31.47619048,6.888888889,14.44444444,31.57142857,2.079365079,1,2.365079365,0,0,440032,1.285714286,1.19047619
2008,45,99,99,0.143876338,0,0,236.7491082,47.24970273,15.23781213,4.14744352,0.442330559,1.095124851,21.82639715,12.53269917,1.81450654,1.152199762,26.75148633,6.40665874,99,99,2.311533888,1.488703924,2.613555291,0.003567182,0,450422.7384,1.386444709,1.200951249
2008,46,26.18348624,37.60550459,0.128440367,0,0,350.5321101,73.66055046,16.32110092,4.23853211,0.366972477,1.110091743,10.74311927,12.48623853,1.577981651,1.266055046,32.12844037,6.981651376,23.11926606,36.58715596,2.678899083,1.229357798,2.449541284,0,0.275229358,460056.1376,1.376146789,1.28440367
2008,47,96.18058455,96.56367432,0.534446764,0.118997912,0.103340292,635.2964509,98.25052192,15.80271399,4.133611691,0.266179541,1.088726514,22.31524008,13.9519833,1.765135699,1.492693111,28.42797495,6.522964509,96.27557411,96.72860125,2.211899791,1.105427975,2.507306889,0.003131524,0.003131524,470489.3225,1.461377871,1.279749478
2008,48,9.494544288,20.10430039,0.756739409,0.055519897,0.00449294,1873.504814,240.2041078,15.70025674,4.118421053,0.337612323,1.115532734,16.67233633,12.14120668,1.870667522,1.645057766,28.54525032,6.667843389,10.3716303,21.29300385,2.636392811,1.38478819,2.334724005,0.002888318,0.001283697,481581.267,1.522464698,1.162708601
2008,49,31.2122449,42.80816327,0.306122449,0,0,1023.922449,36.05306122,15.92244898,4.195918367,0.195918367,1.126530612,13.96734694,13.13061224,1.689795918,1.718367347,27.64489796,7.151020408,26.32244898,39.69795918,2.72244898,1,2.714285714,0.004081633,0.012244898,490124.6,1.432653061,1.13877551
2008,50,14.93939394,32,3.196969697,1.803030303,1.833333333,1113.272727,14.84848485,15.92424242,3.818181818,0.181818182,1.106060606,21.13636364,13.57575758,1.378787879,1.439393939,29,6.227272727,14.68181818,33.57575758,2.606060606,1,2.5,0,0,500033.5,1.545454545,1.53030303
2008,51,78.04842932,81.70418848,0.852094241,0.277486911,0.259162304,436.7709424,218.2094241,16.03664921,4.187172775,0.464659686,1.079842932,22.77748691,12.97513089,1.761780105,1.702879581,27.7552356,6.426701571,76.70418848,80.41884817,2.134816754,34.34816754,2.479057592,0.006544503,0.006544503,510383.4385,1.437172775,1.132198953
2008,53,20.42946058,35.93775934,0.304979253,0.205394191,0.205394191,486.1307054,44.59751037,16.17842324,4.217842324,0.435684647,1.080912863,16.87551867,12.84024896,1.848547718,1.394190871,28.49170124,6.468879668,19.77385892,35.80912863,2.39626556,1.033195021,2.269709544,0.002074689,0.045643154,530247.6286,1.475103734,1.352697095
2008,54,44.87833828,54.28783383,0.827893175,0.587537092,0.587537092,963.6913947,51.0652819,15.17210682,4.231454006,0.412462908,1.121661721,23.08605341,16.3264095,1.629080119,0.976261128,29.48961424,6.786350148,43.94065282,54.09792285,2.213649852,1.204747774,3.044510386,0.005934718,0,540171.3591,1.421364985,1.362017804
2008,55,25.57219251,38.89661319,1.064171123,0,0,789.6470588,74.46524064,15.9144385,4.285204991,0.418894831,1.078431373,17.31907308,12.21568627,1.784313725,1.654188948,28.91800357,6.768270945,20.84313725,36.15686275,2.468805704,1.290552585,2.244206774,0.001782531,0.032085561,550281,1.527629234,1.502673797
2008,56,15.26618705,28.37410072,1.294964029,0.712230216,0.712230216,75.39568345,20.07913669,15.63309353,4.525179856,0.417266187,1.143884892,15.30215827,13.98561151,1.589928058,1.100719424,26.5971223,7.251798561,14.0647482,27.31654676,2.208633094,1,2.712230216,0,0.100719424,560070,1.345323741,1.604316547
2009,1,15.29457364,30.4625323,0.705426357,0,0,645.8475452,72.9121447,16.01550388,4.271317829,0.332041344,1.095607235,21.68604651,12.74547804,1.904392765,1.57881137,27.61369509,6.291989664,98.56072351,98.55167959,2.286821705,2.201550388,2.468992248,0.002583979,0,10388.67829,1.475452196,1.158914729
2009,2,44.18644068,51.52542373,3,1.677966102,1.677966102,1159.59322,102.220339,13.72881356,3.86440678,0.389830508,1.084745763,14.71186441,19.98305085,2.050847458,1.762711864,27.38983051,7.13559322,42.74576271,48.98305085,2.881355932,3.745762712,1.830508475,0,0.13559322,20030,1.508474576,1.474576271
2009,4,34.2538787,45.20733427,0.686882934,0,0,179.3413258,15.79407616,15.46403385,4.14809591,0.287729196,1.136812412,16.77291961,17.35825106,2.284908322,4.004231312,33.20733427,6.478138223,32.4471086,46.08603667,2.733427362,2.275035261,8.645980254,0.002820874,0.478138223,40363.41467,1.418899859,1.923836389
2009,5,29.96616541,41.96804511,0.686090226,0.415413534,0.372180451,902.4492481,78.61278195,15.84022556,4.178571429,0.32518797,1.120300752,19.59586466,14.43796992,3,2.283834586,29.71616541,6.620300752,30.19360902,41.7537594,2.383458647,2.327067669,2.703007519,0.001879699,0,50268.40789,1.471804511,1.306390977
2009,8,50.2173913,58.51258581,1.105263158,0,0,359.8535469,57.04347826,15.59496568,4.162471396,0.38215103,1.064073227,14.84210526,12.97940503,1.860411899,1.235697941,28.39588101,6.654462243,45.67048055,55.75286041,2.581235698,2.231121281,2.315789474,0.00228833,0,80220.85812,1.498855835,1.267734554
2009,9,30.72985782,45.02843602,0.54028436,0.066350711,0,459.7440758,6.90521327,15.87203791,3.995260664,0.440758294,1.061611374,21.42180095,12.18483412,1.867298578,1.450236967,32.81516588,6.857819905,16.78199052,36.93838863,2.184834123,2.236966825,2.44549763,0,0,90107.56872,1.431279621,1.274881517
2009,10,18.00990099,34.07920792,0.99009901,0,0,21.48514851,3.376237624,14.11881188,3.831683168,0.405940594,1.148514851,20.02970297,12.87128713,1.653465347,1.02970297,28.51485149,6.841584158,17.2970297,32.69306931,2.712871287,2,2.386138614,0.00990099,0,100051.7624,1.524752475,1.128712871
2009,11,48.46428571,56.03571429,0,0,0,10,1,14.07142857,4.535714286,0.285714286,1.035714286,15,13.25,2.357142857,1.285714286,22.42857143,7.285714286,48.42857143,55.03571429,2.571428571,2,1.642857143,0,0,110014.5,1.321428571,1.035714286
2009,12,30.34740397,44.19628535,0.371042634,0,0,809.046011,71.34065006,15.24018573,4.168847615,0.295483326,1.080624736,16.79696074,13.39046011,2.001266357,1.396791895,28.66948079,6.451245251,33.14098776,46.1329675,2.524271845,2.138032925,2.108062474,0.00422119,0.000844238,121228.45,1.475728155,1.111439426
2009,13,21.12118644,36.13559322,0.861016949,0.16779661,0.16779661,803.6483051,144.6152542,15.58474576,4.170338983,0.246610169,1.094915254,19.75762712,13.53050847,1.688135593,1.736440678,29.54322034,6.369491525,20.89152542,35.71271186,2.477118644,2.239830508,2.758474576,0.002542373,0.010169492,130591.7763,1.494915254,1.169491525
2009,15,15.72727273,34.47474747,0.838383838,0,0,4455.111111,3.888888889,15.21212121,4.050505051,0.535353535,1.101010101,20.77777778,12.06060606,1.949494949,1.202020202,30.34343434,6.02020202,15.57575758,35.11111111,2.464646465,2,2.464646465,0.01010101,0,150052.2121,1.404040404,1.202020202
2009,16,18.73869347,33.46231156,1.954773869,0.994974874,0.994974874,229.1557789,38.92964824,15.70351759,3.964824121,0.296482412,1.135678392,16.17085427,15.54271357,1.577889447,1.753768844,29.42713568,6.959798995,17.59798995,32.77889447,2.603015075,2,2.43718593,0.005025126,0.24120603,160100,1.447236181,1.291457286
2009,17,30.43870192,98.17427885,0.598557692,0.242788462,0.237980769,2068.185096,90.08653846,15.95793269,4.116586538,0.40625,1.094951923,16.85697115,12.02764423,1.853365385,1.640625,29.85817308,6.787259615,13.27283654,31.62139423,2.639423077,2.641826923,2.207932692,0.002403846,0,170429.8065,1.563701923,1.354567308
2009,18,12.33227848,30.88607595,0.732594937,0.026898734,0,2773.351266,89.52531646,15.41613924,4.174050633,0.292721519,1.096518987,19.16297468,12.40348101,1.650316456,1.545886076,28.73892405,6.588607595,12.39398734,29.60443038,2.449367089,3.825949367,3.064873418,0.004746835,0,180322.7278,1.571202532,1.324367089
2009,19,24.8964497,40.17455621,0.565088757,0.292899408,0.292899408,784.9408284,103.8698225,15.78994083,3.890532544,0.263313609,1.097633136,14.80473373,13.26035503,1.781065089,1.51183432,28.48816568,6.568047337,24.84319527,39.42899408,2.292899408,2.357988166,2.479289941,0.00887574,0.00887574,190175.1479,1.48816568,1.301775148
2009,20,18.43103448,34.0316092,0.189655172,0,0,1120.568966,115.862069,15.81896552,4.135057471,0.350574713,1.109195402,15.79597701,14.31321839,1.870689655,1.887931034,27.92528736,6.545977011,18.47701149,33.50574713,2.382183908,2.206896552,2.712643678,0.002873563,0.031609195,200180.796,1.436781609,1.278735632
2009,21,22.06712329,35.84246575,0.606849315,0.002739726,0,672.7657534,120.7753425,15.5260274,4.220547945,0.298630137,1.083561644,20.71369863,12.79726027,1.61369863,1.438356164,28.76849315,6.610958904,21.54109589,36.4369863,2.394520548,2.045205479,2.409589041,0.004109589,0.002739726,210367.0315,1.528767123,1.234246575
2009,22,17.63923182,34.25788752,1.017832647,0.14266118,0,388.6941015,63.9382716,15.61591221,4.282578875,0.403292181,1.130315501,20.17421125,13.16872428,1.864197531,1.253772291,28.50617284,6.12345679,17.62277092,33.73662551,2.399176955,2.283950617,2.63648834,0.004115226,0,220366.0535,1.425240055,1.164609053
2009,23,15.9869281,30.8496732,0.14379085,0,0,5322.202614,15.44444444,16.28104575,3.980392157,0.333333333,1.039215686,20.53594771,14.32026144,1.653594771,1.254901961,27.81045752,7.150326797,15.43137255,30.03921569,2.392156863,2,3.248366013,0,0,230077.1699,1.54248366,1.22875817
2009,24,76.77864078,81.13980583,0.669902913,0.384466019,0.384466019,167.0699029,58.89708738,15.26407767,4.153398058,0.33592233,1.066019417,18.6815534,12.27961165,1.891262136,1.730097087,29.33009709,6.365048544,76.78446602,81.40970874,2.559223301,2,2.681553398,0.00776699,0.027184466,240258,1.512621359,1.198058252
2009,25,27.44408946,42.28434505,1.431309904,0.948881789,0.948881789,770.370607,15.39616613,15.46325879,4.364217252,0.261980831,1.086261981,19.54632588,12.18210863,2.194888179,3.658146965,28.77635783,6.651757188,27.08626198,42.41214058,2.297124601,2,3.504792332,0,0.006389776,250162.2843,1.437699681,1.846645367
2009,26,42.63320942,53.33581165,4.55638166,0.16976456,0.1511772,1213.01487,103.2949195,15.39653036,4.091697646,0.332094176,1.080545229,17.63816605,12.73110285,1.800495663,1.739776952,28.13135068,6.862453532,41.32589839,52.61090458,2.526641884,2.135068154,2.474597274,0,0.009913259,260416.8042,1.539033457,1.36307311
2009,27,33.95687332,45.94878706,0.956873315,0.30458221,0.266846361,1783.212938,85.33962264,16.2884097,4.39083558,0.307277628,1.134770889,16.11859838,12.93800539,1.824797844,2.102425876,28.32075472,6.722371968,21.84636119,36.23719677,2.409703504,2.592991914,2.245283019,0.010781671,0.067385445,270193.7628,1.493261456,1.530997305
2009,28,53.67511886,61.02535658,0.063391442,0,0,309.9492868,75.23137876,15.76386688,4.161648177,0.136291601,1.109350238,19.77337559,12.56418384,1.716323296,1.039619651,30.64025357,6.386687797,51.72424723,58.27099842,2.231378764,3.00792393,3.499207607,0.004754358,0.001584786,280316,1.358161648,1.171156894
2009,29,54.1870229,61.89185751,0.86259542,0.179389313,0.029262087,1715.592875,135.7633588,15.50508906,4.183206107,0.368956743,1.117048346,20.05979644,13.45547074,1.657760814,1.356234097,28.83587786,6.72519084,53.83587786,62.1437659,2.437659033,2.549618321,2.479643766,0.002544529,0.002544529,290396.8257,1.460559796,1.276081425
2009,30,18.71717172,34.44444444,0.444444444,0,0,37.07070707,56.48484848,14.9040404,4.025252525,0.444444444,1.116161616,14.10606061,13.86868687,1.52020202,0.858585859,29.6969697,6.772727273,18.13636364,36.14141414,2.333333333,2,2.601010101,0.005050505,0.373737374,300100.8737,1.373737374,1.247474747
2009,31,64.65365854,70.15121951,0,0,0,743.0243902,82.64878049,15.27804878,4.034146341,0.4,1.087804878,16.02926829,15.95609756,1.858536585,2.019512195,31.10243902,7.034146341,65.0097561,71.11219512,2.47804878,2.073170732,2.248780488,0,0.029268293,310105.1561,1.595121951,1.448780488
2009,32,18.86098655,35.11659193,0.470852018,0,0,32.08520179,19.72197309,14.66816143,4.224215247,0.367713004,1.089686099,14.55605381,12.49775785,1.99103139,1.286995516,28.27802691,6.686098655,15.12556054,31.80717489,2.677130045,2,2.372197309,0,0.013452915,320113.3722,1.511210762,1.107623318
2009,33,14.29896907,31.86597938,0.144329897,0,0,271.8556701,10.62886598,15.8556701,4.082474227,0.309278351,1.134020619,19.91752577,13.40206186,1.515463918,1.12371134,29.36082474,6.865979381,14.16494845,29.90721649,2.268041237,2,2.360824742,0,0,330049.9072,1.494845361,1.164948454
2009,34,46.65636364,55.95818182,0.581818182,0.041818182,0,1441.489091,19.06181818,15.93454545,4.258181818,0.250909091,1.061818182,17.55454545,12.44909091,1.972727273,1.463636364,27.63818182,6.505454545,44.47818182,55.32,2.621818182,2.450909091,2.154545455,0.001818182,0.021818182,340302.92,1.507272727,1.201818182
2009,35,94.96551724,95.11598746,0.106583072,0,0,192.5924765,27.65830721,15.12852665,4.354231975,0.369905956,1.131661442,10.06583072,13.21630094,1.677115987,1.106583072,27.34169279,6.460815047,95.27586207,95.27586207,2.78369906,2.996865204,2.307210031,0,0.122257053,350161.1254,1.426332288,1.304075235
2009,36,44.50888681,55.43872778,0.225444341,0,0,3455.87652,64.13002806,15.84190833,3.970065482,0.245088868,1.083255379,17.63423761,12.62114125,1.963517306,1.626753976,28.83068288,6.772684752,45.1272217,55.7595884,2.481758653,2.297474275,2.057998129,0.001870907,0.000935454,360541.6427,1.423760524,1.285313377
2009,37,34.78873239,47.18061309,0.457332229,0,0,747.4913007,100.5625518,15.5973488,4.202982601,0.326429163,1.087821044,20.12924606,12.66280033,1.71996686,1.364540182,29.26594863,6.469759735,34.42916321,47.01822701,2.413421707,2.52029826,2.385252693,0.006628003,0,370607.7316,1.471416736,1.190555095
2009,38,15.87068966,31.79310345,0.025862069,0,0,112.5948276,60.24137931,16.79310345,4.00862069,0.422413793,1.206896552,11.43103448,12.47413793,1.689655172,1.413793103,26.15517241,7.068965517,15.81896552,32.19827586,2.396551724,2.284482759,1.862068966,0,0.431034483,380058.5,1.456896552,1.577586207
2009,39,24.80740741,39.35555556,0.613756614,0,0,1351.369312,83.39153439,16.2042328,4.138624339,0.378835979,1.081481481,20.34074074,12.6962963,1.746031746,1.904761905,28.98095238,7.025396825,24.88042328,39.26878307,2.4,2.002116402,2.415873016,0.002116402,0,390493.2042,1.51005291,1.232804233
2009,40,46.25232198,56.26315789,0.634674923,0.027863777,0,1220.46904,87.62229102,15.37151703,4.278637771,0.357585139,1.140866873,19.17647059,14.32198142,1.744582043,1.309597523,29.23219814,6.496904025,46.66099071,55.43962848,2.354489164,2.26006192,2.526315789,0.001547988,0.004643963,400330.2245,1.458204334,1.207430341
2009,41,16.06646526,32.10876133,0.851963746,0,0,334.1782477,36.90332326,16.24773414,4.359516616,0.356495468,1.13897281,16.43202417,17.98489426,1.888217523,1.042296073,32.31117825,6.870090634,15.6978852,31.54380665,2.580060423,2.320241692,2.46223565,0,0.009063444,410169.4079,1.47734139,1.52265861
2009,42,45.17060367,54.72965879,0.973753281,0.206474191,0.173228346,1226.866142,65.24846894,15.14260717,4.139107612,0.364829396,1.098862642,20.46544182,12.85739283,1.762904637,1.530183727,27.55030621,6.724409449,43.95713036,54.47069116,2.419947507,2,2.512685914,0.004374453,0.014873141,420574.9711,1.517935258,1.317585302
2009,44,53.63157895,61.11842105,0.513157895,0,0,134.4342105,6.552631579,14.42105263,4.013157895,0.434210526,1.092105263,19.40789474,12.52631579,2.078947368,1,29.26315789,7.618421053,46.86842105,56.85526316,2.263157895,2,2.960526316,0.013157895,0.118421053,440039.4342,1.342105263,1.381578947
2009,45,99,99,0.048959608,0,0,200.9302326,46.96817625,15.24847001,4.17870257,0.438188494,1.094247246,21.6376989,12.78947368,1.697674419,1.206854345,27.06364749,6.499388005,99,99,2.348837209,2.302325581,2.550795594,0.003671971,0,450410.3305,1.416156671,1.17625459
2009,46,50.13392857,57.58035714,0.660714286,0,0,275.0892857,80.10714286,16.97321429,4.017857143,0.455357143,1.169642857,10.40178571,12.51785714,1.651785714,1.116071429,26.44642857,6.866071429,43.10714286,53.85714286,2.303571429,2.803571429,2.839285714,0,0.642857143,460056.5,1.3125,1.25
2009,47,97.33551913,97.80765027,0.707103825,0.083060109,0,614.979235,97.07868852,15.7147541,4.161748634,0.287431694,1.077595628,22.80874317,14.24808743,1.767213115,1.367213115,28.06666667,6.742076503,97.33224044,97.78142077,2.303825137,2.153005464,2.838251366,0.006557377,0.004371585,470465.8765,1.425136612,1.238251366
2009,48,39.29422254,49.94543509,0.987161198,0.158701854,0.070613409,1854.53388,236.3052782,15.46041369,4.157631954,0.368402282,1.106990014,17.45898716,12.0203281,1.952924394,1.65192582,28.67225392,6.410841655,39.92261056,50.45007133,2.558487874,2.600927247,2.575606277,0.0032097,0.003566334,481430.6312,1.509629101,1.20363766
2009,49,24.19815668,38.87096774,0.788018433,0,0,808.3225806,32.66820276,14.98156682,3.944700461,0.207373272,1.124423963,12.57603687,12.96313364,1.718894009,1.488479263,27.62211982,6.31797235,22.82949309,38.13364055,3.055299539,2,3.101382488,0.004608295,0.013824885,490109.5346,1.594470046,1.285714286
2009,50,13.91304348,28.86956522,5.347826087,2.869565217,2.869565217,965.6376812,14.94202899,14.23188406,4.31884058,0.376811594,1.072463768,20.42028986,19,1.594202899,1.15942029,32.63768116,7.536231884,13.72463768,28.95652174,2.333333333,2.246376812,2.652173913,0,0,500035.9855,1.405797101,1.507246377
2009,51,88.16666667,89.35632184,0.859195402,0.317528736,0.284482759,328.6867816,214.5632184,16.05747126,4.283045977,0.352011494,1.08908046,23.36206897,12.82614943,1.774425287,1.278735632,27.98563218,6.704022989,95.09626437,95.09626437,2.143678161,2.834770115,2.614942529,0.002873563,0.002873563,510351.8621,1.400862069,1.199712644
2009,53,22.47682119,36.82560706,0.194260486,0,0,548.7660044,46.0419426,15.34437086,4.154525386,0.485651214,1.086092715,16.59602649,12.20309051,1.933774834,1.165562914,27.28918322,6.841059603,22.19646799,35.76600442,2.441501104,2,2.618101545,0,0.08388521,530229.7329,1.399558499,1.357615894
2009,54,49.62461538,60.39692308,0.732307692,0.012307692,0,1250.307692,49.67692308,15.50769231,4.141538462,0.4,1.098461538,21.44923077,12.82461538,1.636923077,1.049230769,27.37230769,6.458461538,48.88615385,58.79076923,2.203076923,2,2.393846154,0.003076923,0,540163.7231,1.387692308,1.332307692
2009,55,29.92475248,43.53663366,1.445544554,0.045544554,0,968.4415842,76.15247525,15.98415842,4.223762376,0.451485149,1.110891089,18.3009901,16.94455446,1.786138614,1.875247525,33.03366337,6.938613861,25.76831683,40.08514851,2.306930693,2.281188119,2.576237624,0.005940594,0.02970297,550253.3564,1.443564356,1.342574257
2009,56,27.74137931,41.23275862,0.327586207,0,0,56.89655172,21.18965517,17.25,3.75862069,0.413793103,1.155172414,12.6637931,15.25862069,1.75,0.939655172,29.69827586,6.784482759,27.52586207,42.23275862,2.724137931,2,2.948275862,0.00862069,0.206896552,560058.5,1.275862069,1.612068966
2010,1,16.50252525,31.64772727,0.547979798,0.017676768,0,775.6641414,74.76767677,16.19444444,4.186868687,0.303030303,1.088383838,21.34217172,12.63131313,2.04040404,1.715909091,26.81818182,6.775252525,96.39015152,96.77020202,2.282828283,2.460858586,2.468434343,0.005050505,0,10398.57071,1.470959596,1.808080808
2010,2,61.05769231,65.13461538,1.692307692,0,0,983.2115385,114.0961538,16.42307692,4.288461538,0.365384615,1.076923077,16.38461538,13.76923077,1.75,1.5,23.25,7.288461538,55.92307692,62.71153846,2.403846154,2,2.211538462,0,0,20027.01923,1.461538462,4.134615385
2010,4,34.77841727,46.65179856,1.024460432,0.027338129,0,195.8992806,14.3942446,15.45611511,4.264748201,0.277697842,1.092086331,16.94244604,17.40863309,2.31942446,2.010071942,32.78705036,6.615827338,31.84028777,44.23741007,2.503597122,2.277697842,6.646043165,0.001438849,0.4,40366.03885,1.448920863,10.94388489
2010,5,30.16247582,43.15473888,1.510638298,0.80270793,0.765957447,974.0174081,78.52030948,15.11025145,4.226305609,0.340425532,1.104448743,21.46808511,13.54352031,2.98065764,1.976789168,28.85880077,7.12959381,29.88588008,42.89555126,2.255319149,2.785299807,2.646034816,0.001934236,0.005802708,50260.69632,1.456479691,1.489361702
2010,8,50.65206813,61.05352798,1.063260341,0.04622871,0,410.243309,54.61313869,15.57177616,4.189781022,0.316301703,1.094890511,15.65693431,12.70316302,1.851581509,1.525547445,27.73722628,7.240875912,44.81995134,55.94890511,2.333333333,2.537712895,2.335766423,0.00243309,0,80206,1.462287105,1.165450122
2010,9,32.47491639,45.83277592,0.54180602,0,0,445.9397993,6.578595318,15.76923077,4.351170569,0.347826087,1.070234114,21.73244147,12.10033445,1.91638796,1.217391304,29.9632107,6.622073579,17.42474916,33.97324415,2.023411371,2,2.434782609,0.003344482,0,90151.19732,1.424749164,1.451505017
2010,10,21.32608696,38.02173913,0.369565217,0,0,39.7826087,3.195652174,14.54347826,4.065217391,0.402173913,1.097826087,16.64130435,12.72826087,1.576086957,1.869565217,27.35869565,6.717391304,15.04347826,29.09782609,2.163043478,2,2.108695652,0.010869565,0,100047.2935,1.47826087,1.673913043
2010,11,97.16666667,97.16666667,0,0,0,10,1,12.79166667,4.208333333,0.375,1,14.41666667,10.04166667,2.458333333,0.625,29.41666667,5.791666667,97.16666667,97.16666667,1.625,2,1.875,0,0.041666667,110012.5,1.166666667,5.125
2010,12,34.86421937,47.13754976,0.473241928,0.027863777,0,762.4020345,72.04511278,15.67580716,4.180451128,0.283060593,1.080937638,16.11101283,13.00088456,1.990269792,1.744360902,28.75586024,6.507739938,36.1216276,48.54400708,2.383458647,2.122069881,2.072091995,0.004422822,0,121170.9836,1.523662096,3.113224237
2010,13,37.38695652,49.56347826,0.987826087,0.459130435,0.430434783,1111.426087,137.6695652,15.26782609,4.162608696,0.246956522,1.084347826,20.19478261,13.6773913,1.682608696,1.83826087,29.07652174,6.693913043,37.19478261,48.73826087,2.260869565,2.36173913,2.717391304,0.004347826,0.06,130579.6557,1.483478261,3.213913043
2010,15,15.66055046,33.1559633,1.082568807,0,0,4264.220183,3.458715596,17.0733945,4.256880734,0.403669725,1.036697248,18.66055046,13.11009174,2.559633028,1.330275229,29.98165138,6.036697248,14.69724771,31.22018349,2.293577982,2,2.128440367,0.018348624,0.018348624,150055.0367,1.403669725,4.018348624
2010,16,18.77297297,33.75675676,1.108108108,0.108108108,0,184.4756757,37.59459459,16.51891892,4.135135135,0.362162162,1.12972973,18.35135135,17.66486486,1.713513514,1.535135135,32.0972973,7.054054054,17.18378378,32.94054054,2.275675676,2,2.540540541,0,0.227027027,160093.027,1.367567568,3.562162162
2010,17,97.15384615,98.80769231,0.614219114,0.137529138,0.115384615,1695.297203,90.55011655,15.32867133,4.195804196,0.389277389,1.08041958,17.42890443,12.29487179,1.805361305,1.783216783,28.71678322,6.951048951,12.77039627,29.67832168,2.296037296,2.684149184,2.15967366,0.003496503,0.001165501,170458.4522,1.53030303,1.902097902