YEAR,STATE,ARR_HOUR,ARR_MIN,CF1,CF2,CF3,CITY,COUNTY,DAY,DAY_WEEK,DRUNK_DR,FATALS,HARM_EV,HOUR,LGT_COND,MAN_COLL,MINUTE,MONTH,NOT_HOUR,NOT_MIN,PERSONS,RAIL,REL_ROAD,SCH_BUS,SP_JUR,ST_CASE,VE_FORMS,WEATHER
2010,18,12.67902996,29.09129815,0.917261056,0.032810271,0,2744.342368,88.11269615,15.7532097,4.298145506,0.259629101,1.075606277,19.66761769,12.58345221,1.626248217,1.807417974,28.41084165,6.798858773,12.65763195,28.978602,2.406562054,2.823109843,2.731811698,0.005706134,0,180358.0143,1.562054208,3.032810271
2010,19,23.91091954,38.58908046,0.313218391,0,0,1154.698276,107.683908,15.5,4.209770115,0.186781609,1.120689655,15.28735632,12.87931034,1.640804598,2.048850575,29.10632184,7.172413793,23.65804598,38.04597701,2.290229885,2.140804598,2.204022989,0.005747126,0,190175.8563,1.568965517,1.350574713
2010,20,18.31382979,35.20744681,0.295212766,0,0,1296.593085,114.1489362,15.75265957,4.095744681,0.529255319,1.146276596,18.79255319,13.46010638,1.824468085,2.074468085,27.7287234,6.885638298,18.26861702,33.85106383,2.409574468,2.848404255,2.377659574,0.002659574,0.002659574,200195.2287,1.526595745,1.992021277
2010,21,22.24927954,37.4221902,0.602305476,0,0,688.9351585,113.6945245,15.69020173,4.203170029,0.28962536,1.095100865,18.88184438,12.93083573,1.634005764,1.700288184,28.4092219,6.742074928,21.6945245,36.92651297,2.342939481,2.752161383,2.328530259,0.004322767,0,210349.2507,1.502881844,3.285302594
2010,22,19.34161491,35.64440994,1.170807453,0.145962733,0,443.4006211,60.28881988,15.12888199,4.399068323,0.349378882,1.119565217,21.62111801,14.60403727,1.948757764,1.414596273,29.01397516,6.545031056,19.23447205,33.25931677,2.324534161,2.590062112,2.48447205,0.00621118,0,220325.9519,1.444099379,2.829192547
2010,23,15.01388889,30.34722222,0.138888889,0,0,4946.833333,15.27777778,15.88194444,4.194444444,0.291666667,1.118055556,23.0625,13.3125,1.875,1.381944444,27.58333333,7.041666667,14.88194444,29.86805556,2.138888889,2,3.701388889,0,0,230072.8333,1.409722222,3.138888889
2010,24,79.41468683,82.80345572,0.667386609,0.213822894,0.213822894,156.2181425,61.5161987,15.07991361,4.025917927,0.35637149,1.071274298,19.31533477,12.48812095,1.846652268,2.6587473,30.0950324,6.892008639,79.42980562,83.03023758,2.198704104,2,3.496760259,0.002159827,0.025917927,240234.2937,1.494600432,1.11663067
2010,25,27.98484848,42.84848485,1.006060606,0,0,793.4909091,15.67272727,16.06363636,4.121212121,0.327272727,1.051515152,20.12121212,12.63030303,2.096969697,1.712121212,28.5969697,6.927272727,27.7030303,41.88181818,1.963636364,2.351515152,2.742424242,0,0,250167.5727,1.360606061,8.654545455
2010,26,44.0744559,54.40206186,3.233676976,0.069873998,0,1149.623139,100.8213058,15.98396334,4.035509737,0.311569301,1.079037801,18.49369989,12.87743414,1.801832761,1.865979381,28.85910653,6.931271478,42.58304696,53.74799542,2.240549828,2.252004582,2.426116838,0.002290951,0.012600229,260450.9954,1.510882016,3.912943872
2010,27,35.44230769,47.42307692,1.063186813,0,0,1587.318681,87.95604396,15.90659341,4.085164835,0.321428571,1.129120879,15.02197802,13.12087912,1.769230769,2.53021978,29.18681319,6.848901099,23.2032967,37.47252747,2.505494505,2.274725275,1.975274725,0.010989011,0.038461538,270193.8049,1.629120879,5.071428571
2010,28,49.65920826,55.06712565,0.065404475,0,0,316.130809,78.09122203,15.42512909,4.106712565,0.242685026,1.103270224,20.01893287,13.09638554,1.65232358,1.581755594,29.56454389,6.641996558,49.232358,57.62994836,2.148020654,3.397590361,3.690189329,0.00172117,0.008605852,280291.6816,1.376936317,1.25989673
2010,29,49.68766067,59.28663239,0.748071979,0.025706941,0,1786.462725,137.4010283,15.40874036,4.129820051,0.340616967,1.055269923,21.7159383,13.14267352,1.645244216,1.48714653,27.70565553,6.933161954,49.53470437,58.89588689,2.291773779,2.552699229,2.475578406,0.005141388,0.015424165,290398.653,1.480719794,3.964010283
2010,30,17.29813665,34.27329193,0.807453416,0,0,44.72049689,53.1863354,17.1552795,4.155279503,0.49068323,1.173913043,17.03726708,12.97515528,1.701863354,1.633540373,26.75776398,7.130434783,16.09937888,34.1242236,2.248447205,2.670807453,2.590062112,0.00621118,0.391304348,300081,1.360248447,3.186335404
2010,31,96.41566265,96.41566265,0.355421687,0,0,655.6626506,95.98795181,15.93373494,3.909638554,0.307228916,1.144578313,16.78915663,13.95783133,1.578313253,2.126506024,31.25301205,6.777108434,96.41566265,96.41566265,2.222891566,2.728915663,2.34939759,0.006024096,0,310083.5,1.5,3.265060241
2010,32,20.44255319,34.09361702,0.659574468,0.063829787,0,34.03404255,11.95744681,14.84680851,4.09787234,0.331914894,1.093617021,14.97446809,12.48510638,1.834042553,1.382978723,28.12765957,6.974468085,16.52340426,31.22978723,2.306382979,2,2.344680851,0.008510638,0.004255319,320121.6085,1.476595745,3.072340426
2010,33,14.625,29.825,0.166666667,0,0,261.9333333,10.96666667,16.84166667,4.391666667,0.341666667,1.066666667,20.73333333,13.55,1.7,1.066666667,30.68333333,6.266666667,14.83333333,32.29166667,2.008333333,2,2.641666667,0,0,330060.5,1.4,3.091666667
2010,34,41.63773585,53.40754717,0.969811321,0.10754717,0,1454.032075,19.9245283,15.72641509,4.067924528,0.266037736,1.049056604,17.28679245,12.24716981,1.954716981,1.494339623,28.99433962,6.809433962,41.06037736,52.95471698,2.226415094,2.167924528,2.237735849,0.003773585,0.035849057,340282.7264,1.511320755,1.430188679
2010,35,96.39432177,96.49211356,0.312302839,0,0,339.170347,27.7444795,16.04731861,3.990536278,0.369085174,1.100946372,13.65299685,13.03470032,1.791798107,1.700315457,27.59305994,6.583596215,96.64037855,96.64037855,2.523659306,2.747634069,2.520504732,0,0.277602524,350163.8927,1.413249211,1.173501577
2010,36,43.65514184,54.35992908,0.254432624,0.122340426,0.087765957,3552.692376,64.07978723,15.81560284,3.947695035,0.241134752,1.064716312,18.87765957,12.64007092,1.865248227,1.296985816,28.71542553,6.737588652,43.14893617,53.81028369,2.136524823,2.102836879,2.171985816,0.007978723,0.010638298,360574.8502,1.397163121,3.660460993
2010,37,35.35960591,46.81280788,0.490968801,0,0,737.7840722,102.4729064,15.39819376,4.302134647,0.344006568,1.083743842,20.43924466,13.07963875,1.732348112,1.608374384,29.25369458,6.752873563,35.11904762,47.74055829,2.293103448,2.061576355,2.269293924,0.002463054,0.024630542,370612.8768,1.472906404,2.206075534
2010,38,15.02173913,33.23913043,0.576086957,0,0,230.923913,49.65217391,15.44565217,4.195652174,0.467391304,1.141304348,12.48913043,11.39130435,1.869565217,1.413043478,28.58695652,7.184782609,14.44565217,32.93478261,2.532608696,3.239130435,2.423913043,0,0.554347826,380046.5,1.576086957,10.27173913
2010,39,28.86280488,41.6504065,0.306910569,0,0,1363.679878,86.54674797,15.97154472,4.070121951,0.384146341,1.097560976,20.92581301,12.63617886,1.778455285,2.010162602,28.25406504,6.908536585,28.51829268,42.52235772,2.317073171,2.173780488,2.512195122,0.004065041,0,390521.7175,1.531504065,4.174796748
2010,40,22.92045455,36.67207792,0.847402597,0.099025974,0.022727273,1215.280844,90.25649351,15.35714286,4.146103896,0.366883117,1.084415584,19.13311688,13.59090909,1.774350649,1.612012987,27.40746753,6.862012987,22.17694805,35.75811688,2.258116883,2.405844156,2.452922078,0.00487013,0.016233766,400311.5828,1.452922078,3.535714286
2010,41,17.07876712,32.20890411,1.198630137,0,0,366.9828767,35.87671233,16.57191781,4.243150685,0.239726027,1.085616438,16.93835616,17.70205479,1.95890411,1.352739726,32.10616438,6.856164384,15.63356164,31.54452055,2.280821918,2,2.308219178,0.003424658,0.010273973,410151.0651,1.434931507,6.739726027
2010,42,44.38245033,55.56953642,1.254139073,0.184602649,0.018211921,1367.895695,63.80960265,16.00993377,4.174668874,0.347682119,1.09602649,21.0852649,12.36837748,1.733443709,1.59602649,27.92549669,6.95281457,43.35016556,54.625,2.196192053,2.046357616,2.446192053,0.007450331,0.007450331,420606.2169,1.475993377,1.697019868
2010,44,15,33.67692308,2.523076923,1.523076923,1.523076923,153.6923077,6.538461538,14.32307692,4.030769231,0.461538462,1.030769231,19.72307692,11.55384615,2.215384615,1.323076923,29.33846154,6.4,14.92307692,32.18461538,2.015384615,2,2.661538462,0,0,440035.6,1.353846154,2.061538462
2010,45,98.72133333,98.72133333,0.309333333,0,0,207.2786667,47.38933333,15.15066667,4.214666667,0.432,1.078666667,21.32666667,12.62933333,1.742666667,1.818666667,26.96666667,6.694666667,98.72133333,98.72133333,2.210666667,2.530666667,2.390666667,0.004,0,450382.16,1.444,1.728
2010,46,49.74193548,58,0.580645161,0.185483871,0,254.5564516,79.32258065,15.57258065,4.330645161,0.39516129,1.129032258,11.95967742,12.34677419,1.653225806,1.572580645,28.59677419,6.741935484,48.26612903,57.11290323,2.524193548,2,2.314516129,0,0.491935484,460063.4274,1.491935484,2.620967742
2010,47,97.23799582,97.58559499,1.066805846,0.305845511,0.206680585,612.934238,97.54279749,15.75052192,4.117954071,0.293319415,1.077244259,21.57620042,15.3256785,1.787056367,1.600208768,30.57098121,6.497912317,97.33716075,97.77870564,2.204592902,2.17954071,2.522964509,0.002087683,0.01565762,470493.9958,1.451983299,2.641962422
2010,48,51.77239621,60.43044428,1.024763292,0.063364894,0,1832.112891,237.9002185,15.61580481,4.186817189,0.374726875,1.100873999,17.35651857,11.600874,1.920975965,1.890386016,28.60014567,6.671158048,52.88346686,61.65149308,2.410415149,2.287327021,2.394391843,0.005462491,0.007283321,481406.1402,1.522578296,2.772032047
2010,49,25.50917431,39.61926606,0.655963303,0.091743119,0,1061.041284,34.05504587,16.19266055,4.302752294,0.211009174,1.160550459,15.69724771,13.10091743,1.614678899,1.848623853,28.91743119,7.114678899,23.07798165,37.39908257,2.628440367,3.02293578,2.541284404,0.004587156,0.032110092,490109.5,1.490825688,4.087155963
2010,50,14.93650794,30.3015873,1.079365079,0,0,1196.015873,14.14285714,16.36507937,3.873015873,0.396825397,1.126984127,19.25396825,11.88888889,1.53968254,1.444444444,29.19047619,7.333333333,14.76190476,29.25396825,2.238095238,2,2.603174603,0,0,500032,1.380952381,2.952380952
2010,51,98.98403483,98.98403483,0.811320755,0.165457184,0.143686502,315.9622642,218.0812772,15.85050798,4.224963716,0.332365747,1.074020319,22.07256894,12.79100145,1.715529753,1.608127721,27.81277213,6.656023222,98.98403483,98.98403483,1.956458636,3.258345428,2.502177068,0.004354136,0.001451379,510347.1843,1.439767779,1.198838897
2010,53,17.44549763,33.32464455,0.258293839,0,0,602.1398104,43.87677725,16.39099526,4.210900474,0.417061611,1.090047393,18.67061611,12.97867299,1.893364929,1.44549763,28.66113744,6.90521327,17.42180095,34.31042654,2.239336493,2.274881517,2.744075829,0.002369668,0.146919431,530216.4479,1.469194313,4.042654028
2010,54,58.08510638,66.39361702,0.783687943,0.35106383,0.35106383,1366.379433,51.46808511,14.75886525,4.131205674,0.365248227,1.117021277,20.63475177,12.60283688,1.59929078,1.436170213,27.83333333,6.79787234,57.65248227,66.93971631,2.191489362,2.397163121,2.617021277,0,0,540143.9255,1.439716312,3.003546099
2010,55,32.79356061,46.42992424,1.378787879,0,0,981.2234848,72.24242424,15.31439394,4.106060606,0.418560606,1.083333333,17.39772727,14.50568182,1.808712121,1.882575758,30.60416667,6.956439394,28.24621212,42.40340909,2.206439394,2.079545455,2.251893939,0.003787879,0.034090909,550268.1364,1.541666667,5.452651515
2010,56,29.17266187,42.05755396,0.402877698,0,0,55.53956835,21.35971223,15.61151079,3.856115108,0.417266187,1.115107914,19.45323741,14.46043165,1.539568345,1.129496403,29.82014388,7.381294964,29.23741007,41.85611511,2.028776978,2,2.755395683,0,0.136690647,560070,1.330935252,3.237410072
2011,1,16.03945746,30.80517879,0.557336621,0.035758323,0.028360049,654.405672,74.70653514,15.24907522,4.331689273,0.298397041,1.103575832,21.1701603,12.90875462,2.093711467,1.715166461,27.5215783,6.548705302,72.87546239,78.50308261,2.362515413,2.686806412,2.372379778,0.006165228,0,10407.40321,1.503082614,2.781750925
2011,2,95.65079365,96.79365079,1.015873016,0,0,965.3015873,116.3492063,14.73015873,3.888888889,0.380952381,1.142857143,14.92063492,12.49206349,1.746031746,1.301587302,26.04761905,6.523809524,95.65079365,96.58730159,2.634920635,2,2.333333333,0.015873016,0,20032,1.46031746,4.19047619
2011,4,35.88344371,47.18145695,0.952317881,0.026490066,0,230.3139073,16.90596026,15.85695364,4.173509934,0.263576159,1.094039735,16.12450331,16.99735099,2.353642384,3.78410596,31.4384106,6.817218543,33.56953642,45.68874172,2.452980132,2.292715232,7.132450331,0.00397351,0.474172185,40385.17748,1.487417219,11.70463576
2011,5,30.81532417,43.56188605,1.569744597,0.838899804,0.777996071,935.6817289,79.28683694,14.93123772,4.347740668,0.332023576,1.082514735,20.10019646,13.17288802,2.296660118,1.754420432,27.8762279,6.444007859,30.20235756,43.16699411,2.212180747,2.571709234,2.554027505,0.001964637,0,50259.96857,1.453831041,2.125736739
2011,8,54.92137592,63.26044226,1.066339066,0,0,380.0663391,56.31449631,15.67567568,4.142506143,0.378378378,1.098280098,17.2039312,13.10565111,1.953316953,1.437346437,28.97051597,6.955773956,50.22850123,59.66584767,2.312039312,2,2.528255528,0.002457002,0,80204,1.442260442,1.253071253
2011,9,42.87980769,53.39423077,0.634615385,0.091346154,0,429.1730769,6.211538462,16.19230769,4.067307692,0.370192308,1.0625,22.34615385,11.89423077,1.975961538,1.711538462,29.48076923,7.149038462,23.55769231,39.6875,2.0625,2,2.471153846,0,0.019230769,90105.24038,1.413461538,1.6875
2011,10,20.89361702,33.76595745,1.5,0,0,40,3.382978723,17.28723404,4.585106383,0.436170213,1.053191489,22.19148936,12.79787234,1.734042553,1.244680851,29.59574468,6.574468085,18.04255319,34.19148936,2.074468085,2,2.446808511,0,0,100047.5,1.5,3.276595745
2011,11,98,98,1.045454545,0,0,10,1,13.22727273,4.181818182,0.363636364,1.227272727,14.68181818,14,2.636363636,1.181818182,28.59090909,5.318181818,98,98,2.136363636,2,1.954545455,0,0,110011.5,1.318181818,1.136363636
2011,12,95.8363472,96.46428571,0.503616637,0.009041591,0,716.2789331,71.24276673,15.80560579,4.085895118,0.322332731,1.084990958,16.36889693,12.58905967,2.028481013,1.915913201,27.27079566,6.519891501,96.12432188,96.75045208,2.273056058,2,1.940325497,0.002260398,0,121154.3269,1.491862568,3.023508137
2011,13,45.08310992,54.60857909,1.179624665,0.285969616,0.26541555,964.3923146,139.8489723,15.36818588,4.242180518,0.228775693,1.09562109,20.0795353,13.1769437,1.667560322,1.675603217,28.44057194,6.627345845,45.22252011,54.74977659,2.295799821,2.386952636,2.535299374,0.00357462,0.068811439,130561.9053,1.515638963,2.851653262
2011,15,15.12371134,32.42268041,1.164948454,0.144329897,0,4705.061856,3.948453608,14.50515464,3.649484536,0.463917526,1.030927835,19.49484536,12.39175258,2.422680412,0.989690722,31.11340206,6.453608247,14.96907216,33.71134021,2.309278351,2,2.24742268,0,0,150049.9794,1.443298969,2.06185567
2011,16,16.28947368,33.36184211,1.355263158,0.046052632,0,267.0723684,43.48684211,16.26973684,4.355263158,0.315789474,1.098684211,19.61184211,16,1.914473684,1.644736842,28.93421053,7.585526316,16.11184211,31.84210526,2.532894737,2.835526316,2.605263158,0,0.269736842,160076.5,1.421052632,5.039473684
2011,17,97.14730539,97.75329341,0.726946108,0.076646707,0,2049.556886,89.71616766,15.80718563,4.146107784,0.337724551,1.099401198,17.69580838,12.5497006,1.814371257,1.620359281,27.58682635,6.904191617,12.72814371,28.73053892,2.28502994,2.428742515,2.256287425,0.005988024,0.020359281,170441.5892,1.495808383,1.352095808
2011,18,13.10207101,28.92307692,0.853550296,0.041420118,0,2718.109467,87.67455621,15.24556213,4.017751479,0.269230769,1.110946746,18.74260355,12.81508876,1.674556213,1.715976331,29.99408284,6.844674556,12.96301775,30.80769231,2.235207101,2.819526627,2.298816568,0.00887574,0,180354.5902,1.545857988,3.177514793
2011,19,23.44072948,37.38297872,0.398176292,0,0,851.4893617,99.94832827,15.51671733,4.060790274,0.218844985,1.094224924,15.85106383,11.99696049,1.680851064,2.021276596,28.79635258,7.072948328,23.62006079,38.91489362,2.121580547,2.261398176,2.455927052,0.012158055,0,190169.614,1.43768997,4.945288754
2011,20,20.25428571,36.80571429,0.782857143,0,0,1539.651429,108.9142857,15.28571429,4.102857143,0.34,1.102857143,19.72857143,13.8,1.728571429,1.882857143,28.94571429,6.371428571,20.54857143,34.7,2.351428571,2.82,2.362857143,0,0.008571429,200179.94,1.554285714,1.622857143
2011,21,22.31390135,36.98654709,0.704035874,0.005979073,0,774.2974589,119.0807175,15.16292975,4.118086697,0.275037369,1.076233184,21.83557549,12.89686099,1.612855007,1.648729447,29.44843049,6.771300448,21.8445441,36.56801196,2.285500747,2.738415546,2.454409567,0.002989537,0,210336.7429,1.500747384,3.257100149
2011,22,19.72555205,34.50473186,1.429022082,0.17192429,0.036277603,464.5078864,61.37539432,15.76971609,4.348580442,0.337539432,1.072555205,20.55993691,14.51419558,1.805993691,1.799684543,29.84700315,6.605678233,19.66876972,34.61041009,2.168769716,2.76340694,2.326498423,0.007886435,0.009463722,220320.5836,1.490536278,3.001577287
2011,23,13.72222222,30.36507937,0.476190476,0,0,5112.015873,13.80952381,16.93650794,4.214285714,0.333333333,1.079365079,23.49206349,13.67460317,1.642857143,0.968253968,29.26984127,7.412698413,13.53174603,30.98412698,1.849206349,2.087301587,3.706349206,0.007936508,0.007936508,230063.5,1.341269841,2.214285714
2011,24,62.54505495,69.53406593,0.967032967,0.217582418,0.217582418,154.4923077,46.65054945,15.46813187,4.314285714,0.375824176,1.065934066,18.30549451,12.28351648,2.021978022,2.430769231,30.18681319,7.013186813,62.58021978,70.05494505,2.248351648,2,2.318681319,0.002197802,0.063736264,240229.4527,1.520879121,1.2
2011,25,41.01123596,51.9241573,1.137640449,0.446629213,0.31741573,754.5702247,15.34831461,16.0252809,4.036516854,0.25,1.050561798,20.21348315,11.53370787,2.002808989,1.901685393,29.30898876,7.030898876,40.29775281,52.76123596,2.011235955,2.216292135,3.095505618,0.028089888,0,250195.4522,1.421348315,5.401685393
2011,26,43.0323741,54.31894484,3.458033573,0.055155875,0,1217.671463,100.0491607,15.72422062,4.225419664,0.300959233,1.065947242,18.34052758,12.76019185,1.882494005,1.779376499,29.2853717,6.944844125,41.76618705,52.70983213,2.207434053,2.410071942,2.131894484,0.002398082,0,260420.0743,1.482014388,4.157074341
2011,27,39.5508982,51.39520958,1.146706587,0.068862275,0.050898204,1728.610778,81.61676647,15.43712575,4.167664671,0.341317365,1.101796407,16.9251497,12.38323353,1.820359281,2.122754491,28.95808383,7.299401198,23.64670659,39.06586826,2.275449102,2.28742515,2.505988024,0.002994012,0.050898204,270173.4102,1.520958084,5.176646707
2011,28,48.94885362,55.49382716,0.035273369,0,0,286.1322751,79.15520282,15.64902998,4.139329806,0.234567901,1.111111111,21.99294533,12.66313933,1.589065256,1.652557319,29.17636684,6.335097002,48.71428571,56.18871252,2.162257496,2.305114638,3.664902998,0.010582011,0,280284.5485,1.423280423,1.17989418
2011,29,45.68575419,56.28212291,0.537709497,0,0,1723.358939,140.3324022,15.62849162,4.168994413,0.337988827,1.097765363,22.71927374,12.65642458,1.649441341,1.26396648,28.04888268,7.074022346,45.67877095,56.33379888,2.177374302,2.793296089,2.543296089,0.001396648,0.025139665,290364.5321,1.402234637,3.205307263
2011,30,18.36898396,36.36898396,0.786096257,0,0,81.89839572,56.11229947,15.81283422,4.058823529,0.427807487,1.117647059,15.70053476,12.86096257,1.582887701,1.310160428,27.67379679,7.647058824,16.87165775,32.22459893,2.352941176,2.064171123,2.689839572,0,0.310160428,300094,1.401069519,3.625668449
2011,31,95.17682927,95.17682927,0.237804878,0,0,853.6585366,88.09756098,15.3597561,4.298780488,0.323170732,1.103658537,14.82926829,16.28658537,1.743902439,2.298780488,30.54878049,6.859756098,95.17682927,95.17682927,2.481707317,3.567073171,2.103658537,0.012195122,0.018292683,310082.5,1.567073171,4.243902439
2011,32,19.55605381,36.73991031,1.107623318,0.085201794,0,42.03587444,14.86547085,16.65470852,4.233183857,0.34529148,1.103139013,15.68609865,13.08071749,1.878923767,1.520179372,28.42152466,6.659192825,16.12107623,31.47533632,2.349775785,2.484304933,2.085201794,0.00896861,0.00896861,320112.2735,1.479820628,2.529147982
2011,33,12.70238095,30.38095238,0.404761905,0,0,249.4047619,11.28571429,16.55952381,4.071428571,0.273809524,1.071428571,20.21428571,12.0952381,1.726190476,1.130952381,27.47619048,6.976190476,12.89285714,27.38095238,2.25,2,2.583333333,0.011904762,0,330042.5,1.428571429,3.273809524
2011,34,35.35836177,48.11945392,1.162116041,0.312286689,0.16894198,1656.909556,18.41296928,15.40443686,3.988054608,0.293515358,1.06996587,17.93686007,12.39590444,1.991467577,2.250853242,28.84812287,6.885665529,34.76109215,47.72525597,2.414675768,2.776450512,2.438566553,0.001706485,0.037542662,340305.0785,1.496587031,1.899317406
2011,35,96.55409836,96.62622951,0.655737705,0.121311475,0,663.3868852,28.5442623,15.68196721,4.157377049,0.350819672,1.147540984,14.90819672,13.34754098,1.662295082,1.068852459,28.55409836,6.901639344,96.83934426,96.81639344,2.370491803,2.445901639,2.570491803,0,0.301639344,350156.6656,1.363934426,1.17704918
2011,36,44.65141812,55.38792315,0.526075023,0.063129003,0,3345.904849,63.38060384,15.6989936,4.075022873,0.218664227,1.07136322,17.83623056,12.60475755,1.870082342,1.763952425,28.15827996,7.02378774,43.81244282,54.0768527,2.151875572,2.272644099,2.006404392,0.004574565,0.002744739,360548.9305,1.408051235,4.041171089
2011,37,34.52580927,46.70603675,0.688538933,0.118985127,0.086614173,907.6867892,103.503937,15.62554681,4.253718285,0.334208224,1.076115486,20.33595801,12.72965879,1.702537183,1.542432196,29.52055993,6.697287839,34.34908136,47.42869641,2.258967629,2,2.286964129,0.004374453,0,370574.3045,1.478565179,2.21872266
2011,38,35.86923077,47.8,0.907692308,0.323076923,0,168.8461538,59.58461538,15.5,4.061538462,0.430769231,1.138461538,12.25384615,12.56153846,1.953846154,1.623076923,27.41538462,7.792307692,36.38461538,48.03846154,2.223076923,2.123076923,2.338461538,0,0.5,380066.9923,1.446153846,9.853846154
2011,39,29.42462845,42.52547771,0.384288747,0,0,1266.047771,84.71762208,15.29936306,4.07537155,0.351380042,1.079617834,19.90233546,13.22186837,1.761146497,1.938428875,28.30254777,7.010615711,29.13375796,42.01061571,2.286624204,2.080679406,2.474522293,0.005307856,0,390488.3301,1.52866242,4.420382166
2011,40,24.31691297,37.34646962,0.880131363,0.054187192,0,1242.151067,87.60755337,16.16912972,4.139573071,0.366174056,1.142857143,18.85878489,12.82101806,1.781609195,1.844006568,27.02791461,6.620689655,23.72085386,37.20525452,2.344827586,2.400656814,2.376026273,0.003284072,0.02134647,400309.2151,1.481116585,3.927750411
2011,41,16.06451613,31.98709677,0.374193548,0,0,451.6290323,34.67096774,16.26774194,4.141935484,0.322580645,1.067741935,16.23870968,15.08709677,1.874193548,1.835483871,30.18064516,6.793548387,15.38709677,30.93870968,2.135483871,2.406451613,2.425806452,0.003225806,0.04516129,410160.2935,1.406451613,11.73870968
2011,42,43.89336692,54.59193955,1.307304786,0.140218304,0,1423.434929,63.80604534,15.69353484,4.154492024,0.338371117,1.079764903,20.47355164,12.69269521,1.757346767,1.633921075,28.85894207,7,43.70696893,54.99832074,2.255247691,2.29890848,2.437447523,0.002518892,0.007556675,420596.2427,1.496221662,1.521410579
2011,44,12.66666667,29.01587302,2.253968254,1.571428571,1.571428571,160.2539683,6.396825397,14.33333333,4.428571429,0.428571429,1.047619048,19.25396825,12.73015873,2.206349206,1.285714286,29.38095238,7.079365079,12.53968254,31.12698413,1.698412698,2,2.46031746,0,0,440032,1.301587302,1.492063492
2011,45,72.0208605,76.72359844,0.455019557,0,0,214.3898305,47.36766623,15.28161669,4.221642764,0.430247718,1.079530639,20.63363755,12.68187744,1.737940026,1.353324641,27.56323338,6.619295958,71.9791395,75.97131682,2.149934811,2.363754889,2.391134289,0,0.010430248,450385.0287,1.423728814,2.263363755
2011,46,27.51485149,42.15841584,0.861386139,0,0,349.6039604,79.11881188,14.22772277,4.435643564,0.297029703,1.099009901,12.84158416,14.08910891,1.792079208,1.099009901,25.66336634,7.485148515,27.38613861,39.1980198,2.247524752,2.722772277,2.465346535,0,0.356435644,460051.9406,1.346534653,5.297029703
2011,47,97.03229527,97.44290657,1.385236448,0.188004614,0,649.3748558,96.03575548,15.64705882,4.243367935,0.276816609,1.080738178,21.33217993,17.01614764,1.75432526,1.510957324,31.64359862,6.630911188,97.02537486,97.59515571,2.272202999,2.307958478,2.483275663,0.00461361,0.003460208,470445.3149,1.52710496,3.219146482
2011,48,51.01433692,60.12258065,0.935483871,0.06953405,0.016487455,1808.290323,233.90681,15.83333333,4.141577061,0.3390681,1.094623656,17.39820789,11.76523297,1.91218638,1.92688172,28.22114695,6.601792115,52.27598566,60.29856631,2.344086022,2.361290323,2.35483871,0.001792115,0.011111111,481440.9584,1.513261649,2.771684588
2011,49,20.44642857,36.44196429,0.955357143,0.084821429,0,916.46875,33.16964286,16.00446429,4.40625,0.223214286,1.084821429,16.9375,12.76339286,1.90625,1.40625,29.21875,7.049107143,20.28571429,35.88839286,2.5625,2,2.616071429,0.008928571,0.138392857,490112.5,1.517857143,2.915178571
2011,50,13.58333333,31.22916667,0.375,0,0,358.5208333,16.08333333,13.25,3.8125,0.4375,1.145833333,20.125,13.66666667,1.645833333,1.5625,30.8125,7.125,13.45833333,28.6875,1.979166667,2,2.645833333,0.020833333,0,500024.8125,1.395833333,4.708333333
2011,51,88.85285714,90.69571429,0.698571429,0.027142857,0,349.4485714,222.1771429,15.64285714,4.108571429,0.341428571,1.091428571,22.29428571,12.48,1.638571429,1.308571429,27.06714286,6.837142857,88.82714286,90.66857143,2.115714286,2,2.498571429,0.008571429,0,510354.6857,1.45,1.148571429
2011,53,33.17102138,45.03562945,0.334916865,0.109263658,0,533.1876485,43.41330166,15.80047506,4.401425178,0.396674584,1.078384798,17.83610451,14.06888361,1.809976247,1.42280285,30.64845606,6.760095012,33.03800475,45.49168646,2.273159145,2.042755344,2.857482185,0.004750594,0.121140143,530218.2019,1.439429929,3.425178147
2011,54,56.21875,64.0125,0.38125,0.05625,0,1218.475,52.71875,14.440625,4.184375,0.30625,1.05625,20.9125,13.796875,1.58125,1.496875,26.621875,6.70625,55.965625,62.6875,2.278125,2.084375,2.603125,0.003125,0,540162.65,1.45625,3.190625
2011,55,34.37218045,47.9943609,1.169172932,0.154135338,0,948.7349624,75.84398496,15.64661654,4.234962406,0.385338346,1.093984962,19.68796992,14.55827068,1.693609023,1.603383459,31.13157895,7.080827068,27.23120301,41.41541353,2.093984962,2.360902256,2.283834586,0.009398496,0.013157895,550267.3853,1.484962406,5.285714286
2011,56,32.51666667,44.35,1.191666667,0.166666667,0,94.33333333,19.65,16.45833333,4.075,0.325,1.125,16.675,12.61666667,1.683333333,1.175,26,7.1,31.74166667,44.1,2.433333333,2,2.8,0.008333333,0.025,560060.6083,1.358333333,3.791666667