YEAR,STATE,ARR_HOUR,ARR_MIN,CF1,CF2,CF3,CITY,COUNTY,DAY,DAY_WEEK,DRUNK_DR,FATALS,HARM_EV,HOUR,LGT_COND,MAN_COLL,MINUTE,MONTH,NOT_HOUR,NOT_MIN,PERSONS,RAIL,REL_ROAD,SCH_BUS,SP_JUR,ST_CASE,VE_FORMS,WEATHER
2013,44,13.66129032,28.74193548,0.741935484,0.225806452,0.241935484,155.8870968,6.451612903,13.64516129,4.290322581,0.35483871,1.048387097,19.93548387,12,2.080645161,1.016129032,33.27419355,7.85483871,13.48387097,33.16129032,1.887096774,1,2.580645161,0,0.064516129,440031.5,1.338709677,1.64516129
2013,45,71.94436718,75.68845619,0.607788595,0.019471488,0,299.093185,48.50764951,15.39638387,4.168289291,0.401947149,1.066759388,21.24617524,13.35744089,1.817802503,1.442280946,27.29624478,6.692628651,71.6689847,75.82058414,2.093184979,1.38108484,2.436717663,0.006954103,0,450368.1711,1.432545202,1.997218359
2013,46,38.19008264,46.25619835,0.67768595,0,0,357.3140496,69.52892562,15.2231405,4.330578512,0.314049587,1.115702479,15.1322314,12.59504132,1.636363636,1.768595041,28.31404959,7.247933884,35.8677686,46.20661157,2.454545455,1.495867769,2.495867769,0.008264463,0.380165289,460061,1.520661157,3.867768595
2013,47,98.23819978,98.35016465,1.718990121,0.631174533,0.464324918,706.7189901,98.71899012,15.43688255,4.197585071,0.273326015,1.092206367,21.25246981,16.72118551,1.803512623,1.735455543,32.10428101,6.69154775,98.23710209,98.3402854,2.255762898,1.17453348,2.477497256,0.00219539,0.013172338,470466.4424,1.538968167,2.924259056
2013,48,57.60551362,65.24319002,1.247128323,0.199540532,0.052510666,1730.870692,234.3107975,15.75319987,4.198227765,0.311125697,1.112241549,17.44666885,12.12832294,1.897604201,1.841811618,28.22940597,6.578601904,58.08106334,65.21693469,2.439120446,1.350508697,2.347883164,0.002297342,0.002625533,481556.4362,1.528060387,2.81654086
2013,49,18.98019802,36.27227723,1.059405941,0.168316832,0.074257426,1097.757426,34.0990099,15.68811881,4.084158416,0.173267327,1.089108911,15.68316832,13.43069307,1.732673267,1.272277228,28.04950495,7.168316832,17.20792079,32.54950495,2.143564356,1.767326733,2.846534653,0.004950495,0.079207921,490103.1238,1.430693069,4.48019802
2013,50,15.33333333,32.3015873,0.603174603,0,0,820.6666667,17.34920635,14.73015873,4.206349206,0.365079365,1.095238095,21.07936508,14.17460317,1.666666667,1.349206349,22.88888889,7.301587302,16.50793651,27.82539683,2,1,2.666666667,0.031746032,0,500032,1.412698413,3.936507937
2013,51,71.57771261,76.52199413,0.73313783,0,0,363.4750733,222.6334311,15.6026393,4.164222874,0.347507331,1.085043988,23.30351906,12.71847507,1.74340176,1.318181818,28.07038123,6.778592375,73.36217009,78.48973607,2.086510264,1,2.557184751,0.004398827,0,510344.4853,1.467741935,8.651026393
2013,53,96.26184539,96.53366584,0.845386534,0,0,622.6034913,43.27930175,15.67830424,4.092269327,0.379052369,1.087281796,19.43142145,13.48129676,1.957605985,1.630922693,28.87780549,6.91521197,96.26184539,96.30673317,2.16957606,1,2.668329177,0,0.057356608,530210.1247,1.476309227,4.715710723
2013,54,58.40655738,66.20655738,0.48852459,0,0,1229.252459,49.10491803,15.95737705,4.318032787,0.370491803,1.08852459,20.32131148,13.90491803,1.724590164,1.508196721,28.24590164,6.695081967,57.7704918,66.0295082,2.154098361,1.645901639,2.862295082,0.003278689,0,540154.8131,1.413114754,3.409836066
2013,55,38.48717949,50.43589744,1.343195266,0.250493097,0.027613412,988.6666667,74.12031558,15.86193294,3.966469428,0.380670611,1.071005917,19.6469428,14.43392505,1.715976331,1.897435897,30.81065089,6.921104536,28.44378698,42.13412229,2.301775148,1.437869822,2.291913215,0.007889546,0.017751479,550256.4852,1.579881657,5.433925049
2013,56,21.77333333,36.72,1.226666667,0.72,0,55.6,18.44,17.82666667,3.773333333,0.386666667,1.16,13.37333333,13.44,1.586666667,1.253333333,23.34666667,6.36,21.89333333,34.57333333,2.266666667,1,2.533333333,0,0.08,560038,1.413333333,3.773333333
2014,1,18.88085676,33.61311914,0.854082999,0.136546185,0,631.519411,72.50468541,15.09370817,4.299866131,0.317269076,1.09772423,20.63453815,13.41499331,1.809906292,1.263721553,27.26773762,6.497991968,90.55153949,91.75100402,2.09772423,3.52476573,2.460508701,0.002677376,0,10375.69746,1.427041499,3.443105756
2014,2,37.52941176,50.45588235,0.823529412,0.102941176,0,856.2058824,97.94117647,14.83823529,4.338235294,0.382352941,1.073529412,15.54411765,20.10294118,1.882352941,1.661764706,28.17647059,7.117647059,39.77941176,48.27941176,2.382352941,2,2.029411765,0,0.088235294,20034.5,1.485294118,5.705882353
2014,4,33.93644068,46.17231638,1.333333333,0.31920904,0,230.6483051,14.51977401,15.29519774,4.314971751,0.257062147,1.09180791,16.7259887,14.88135593,2.402542373,5.043785311,31.13841808,6.68220339,33.72740113,47.00423729,2.309322034,2,7.453389831,0.001412429,0.344632768,40365.52401,1.467514124,13.08050847
2014,5,29.23394495,41.71788991,1.016055046,0.518348624,0.45412844,841.9174312,79.41743119,15.48623853,4.121559633,0.263761468,1.077981651,20.44266055,13.28669725,1.802752294,1.538990826,27.83256881,6.814220183,28.94036697,40.7706422,2.327981651,2.401376147,2.591743119,0.004587156,0,50220.16055,1.550458716,1.561926606
2014,8,56.68736142,64.00221729,1.050997783,0.093126386,0,442.172949,56.81818182,16.10199557,4.328159645,0.361419069,1.082039911,16.60310421,13.17960089,1.822616408,1.740576497,27.41241685,6.835920177,53.345898,61.62527716,2.294900222,2.079822616,2.341463415,0.006651885,0.006651885,80227.70953,1.521064302,1.190687361
2014,9,46.37606838,56.78205128,1.628205128,0.683760684,0.581196581,425.4316239,6.683760684,15.67948718,4.141025641,0.333333333,1.05982906,20.64529915,12.18376068,2.025641026,1.987179487,28.14529915,6.824786325,38.82478632,50.37606838,1.982905983,2,2.837606838,0.008547009,0.017094017,90120.99573,1.461538462,3.61965812
2014,10,24.16513761,36.83486239,0.724770642,0,0,43.1559633,3.422018349,15.58715596,4.128440367,0.403669725,1.137614679,17.32110092,12.86238532,1.853211009,1.669724771,27.76146789,6.825688073,24.98165138,37.80733945,2.724770642,2,2.064220183,0,0,100055,1.52293578,3.559633028
2014,11,94.28571429,94.28571429,1.095238095,0,0,10,1,15.33333333,4.380952381,0.238095238,1.095238095,15.0952381,10.57142857,1.952380952,0.761904762,36.76190476,5.904761905,94.28571429,94.28571429,1.666666667,2,1.80952381,0,0,110011.6667,1.238095238,1.380952381
2014,12,97.05393836,97.37756849,0.895547945,0.101455479,0,771.7628425,72.01541096,15.84417808,4.154109589,0.273972603,1.067636986,16.35145548,13.17465753,2.069349315,1.723886986,28.47945205,6.702054795,97.06207192,97.38869863,2.192636986,2.360445205,2.057791096,0.00385274,0,121229.5146,1.511130137,3.01755137
2014,13,44.05648148,53.94814815,0.916666667,0.034259259,0,1119.700926,136.087037,16.07777778,4.205555556,0.232407407,1.077777778,19.83888889,13.07685185,1.693518519,1.796296296,28.79351852,6.69537037,44.3462963,54.3962963,2.187962963,2.489814815,2.299074074,0.003703704,0.002777778,130544.1454,1.510185185,2.840740741
2014,15,11.15957447,31.37234043,0.946808511,0.244680851,0,4355.712766,4.361702128,14.53191489,4,0.340425532,1.010638298,17.44680851,11.28723404,2.042553191,1.180851064,29.04255319,5.808510638,11.24468085,32.64893617,1.946808511,2,2.074468085,0,0,150049.7872,1.361702128,1.35106383
2014,16,19.42285714,34.58285714,0.537142857,0,0,915.6114286,38.31428571,15.33142857,4.354285714,0.314285714,1.062857143,15.56,16.13142857,1.68,1.502857143,31.06857143,6.828571429,19.2,35.30285714,2.114285714,2.84,2.617142857,0,0.262857143,160090.1086,1.331428571,3.28
2014,17,96.70532544,96.9443787,1.41183432,0.224852071,0,2162.024852,94.05088757,16.00710059,4.007100592,0.343195266,1.093491124,18.27810651,12.14792899,1.849704142,1.680473373,28.06627219,6.892307692,12.87337278,29.46272189,2.293491124,2.829585799,2.240236686,0.003550296,0.009467456,170439.0142,1.512426036,2.028402367
2014,18,83.30823864,85.92897727,1.085227273,0.151988636,0,2607.96875,87.87215909,16.00994318,4.160511364,0.215909091,1.058238636,18.38636364,13.03551136,1.690340909,1.768465909,28.10653409,7.061079545,83.49857955,86.31676136,2.305397727,2.822443182,2.173295455,0.005681818,0.001420455,180363.7457,1.596590909,3.146306818
2014,19,41.64583333,51.25694444,0.600694444,0,0,1042.277778,101.4166667,15.11805556,4.34375,0.284722222,1.118055556,18.4375,12.91666667,1.649305556,2.267361111,28.74305556,7.041666667,41.02430556,52.61805556,2.1875,2.944444444,2.277777778,0.006944444,0,190147.566,1.506944444,5.489583333
2014,20,16.66568915,31.4398827,0.947214076,0.055718475,0,1698.155425,119.6920821,15.3255132,4.129032258,0.316715543,1.129032258,16.79178886,15.3255132,1.674486804,2.026392962,31.72140762,6.794721408,16.49560117,34.19648094,2.249266862,2.434017595,2.340175953,0,0.014662757,200172.6422,1.519061584,1.771260997
2014,21,25.48202614,39.00490196,0.982026144,0.037581699,0,852.748366,115.8464052,15.40849673,4.277777778,0.29248366,1.098039216,22.87254902,13.26470588,1.633986928,1.803921569,28.35784314,6.836601307,23.58169935,37.03267974,2.191176471,2.638888889,2.594771242,0.004901961,0,210306.5,1.452614379,3.129084967
2014,22,21.8962406,36.97894737,1.485714286,0.201503759,0.04962406,2330.045113,60.26917293,16.02857143,3.992481203,0.351879699,1.112781955,21.36090226,13.65112782,1.95037594,1.454135338,28.61052632,6.795488722,21.29323308,35.91729323,2.130827068,2.596992481,2.747368421,0.004511278,0.027067669,220334.7895,1.431578947,2.969924812
2014,23,13.35652174,32.33043478,1.208695652,0.860869565,0.860869565,5119.017391,16.14782609,16.99130435,4.069565217,0.426086957,1.139130435,19.64347826,12.54782609,1.782608696,1.52173913,27.73913043,6.834782609,13.26956522,28.26086957,2.060869565,2,2.452173913,0,0,230061.087,1.504347826,2.860869565
2014,24,76.63461538,80.83653846,1.206730769,0.302884615,0.237980769,66.66826923,57.06009615,15.72355769,4.242788462,0.300480769,1.0625,18.33894231,12.88221154,2.050480769,2.165865385,29.42307692,7.004807692,76.59615385,80.91105769,2.216346154,2,2.730769231,0.002403846,0.012019231,240210.2188,1.545673077,2.403846154
2014,25,35.36607143,47.01488095,9.75,8.839285714,8.839285714,739.5,16.75595238,15.27380952,4.056547619,0.300595238,1.053571429,21.96428571,14.75297619,2.047619048,1.973214286,29.28571429,7.050595238,34.7797619,47.40178571,1.922619048,2,3.083333333,0,0.223214286,250172.6071,1.37202381,6.854166667
2014,26,49.51865223,58.52948255,4.486161252,0.19253911,0,1176.845969,104.4969916,16.14440433,4.134777377,0.2755716,1.08423586,17.01444043,12.90373045,1.845968712,1.873646209,28.54512635,6.843561974,48.09747292,58.1022864,2.216606498,2.232250301,2.018050542,0.001203369,0.003610108,260428.4681,1.541516245,3.652226233
2014,27,35.7962963,47.46604938,1.450617284,0.697530864,0.611111111,1551.682099,82.2037037,15.65432099,4.320987654,0.299382716,1.114197531,18.33024691,13.75,1.901234568,3.141975309,28.75617284,6.962962963,22.43209877,36.37962963,2.450617284,3,2.62345679,0.00308642,0.046296296,270166.5556,1.62962963,5.027777778
2014,28,43.75506446,53.53406998,0.548802947,0.049723757,0,322.907919,77.3388582,15.23572744,4.02946593,0.246777164,1.11786372,22.36279926,12.34254144,1.672191529,1.613259669,27.46224678,6.574585635,21.44383057,35.40883978,2.184162063,2.187845304,2.570902394,0.001841621,0.018416206,280275.5285,1.403314917,3.197053407
2014,29,44.91666667,55.17385057,1.033045977,0.061781609,0,1845.646552,134.408046,15.82183908,4.222701149,0.32183908,1.100574713,21.63505747,13.06896552,1.66091954,1.521551724,27.56321839,7.002873563,45.06896552,55.23275862,2.307471264,2.104885057,2.416666667,0.004310345,0.002873563,290357.2098,1.5,3.99137931
2014,30,20.61363636,33.53409091,0.079545455,0,0,35.75,55.65909091,16.66477273,4.278409091,0.471590909,1.090909091,17.60795455,13.32954545,1.721590909,2.153409091,27.17045455,7.017045455,19.63068182,33.85227273,2.051136364,2.215909091,2.846590909,0,0.375,300088.5,1.267045455,5.602272727
2014,31,95.20689655,95.20689655,0.438423645,0,0,975.9458128,88.91133005,16.11330049,3.975369458,0.403940887,1.108374384,15.34975369,20.07881773,1.802955665,2.620689655,34.48275862,6.748768473,95.20689655,95.20689655,2.187192118,2.428571429,2.266009852,0.004926108,0.02955665,310102.7586,1.512315271,3.689655172
2014,32,38.07089552,48.0261194,1.414179104,0.100746269,0.070895522,41.08955224,17.23134328,15.77985075,4.25,0.339552239,1.085820896,14.63059701,12.57089552,2.070895522,1.503731343,29.3619403,6.895522388,30.6119403,44.57835821,2.279850746,2,2.082089552,0,0.070895522,320135.0224,1.514925373,2.791044776
2014,33,16.11235955,33.82022472,0.426966292,0,0,254.2696629,11.29213483,16.13483146,4.370786517,0.348314607,1.06741573,21.40449438,13.65168539,1.640449438,1.303370787,29.78651685,7.04494382,16.02247191,30.91011236,1.921348315,2,2.483146067,0,0,330045,1.415730337,3.04494382
2014,34,28.74378585,42.93116635,0.847036329,0.089866157,0,1562.554493,18.81644359,15.72466539,4.101338432,0.23709369,1.063097514,17.22370937,12.53537285,2.007648184,1.686424474,28.74760994,6.747609943,28.26768642,42.36328872,2.23709369,2,2.411089866,0.007648184,0.005736138,340265.3212,1.508604207,1.701720841
2014,35,41.16176471,51.42647059,2.338235294,1.747058824,1.747058824,345.05,26.68529412,15.67058824,4.420588235,0.308823529,1.135294118,12.44117647,13.18823529,2.070588235,2.926470588,27.63823529,6.938235294,48.45882353,57.75,2.276470588,3.355882353,2.967647059,0,0.385294118,350173.5294,1.4,2.905882353
2014,36,44.20714286,54.90510204,0.437755102,0.115306122,0.101020408,3460.941837,65.50816327,15.91428571,4.043877551,0.218367347,1.062244898,18.09081633,12.3255102,1.889795918,1.420408163,28.98265306,6.829591837,37.92755102,49.28571429,2.064285714,2.070408163,2.315306122,0.004081633,0.031632653,360493.1602,1.434693878,4.810204082
2014,37,29.85521886,43.16666667,0.63047138,0.035353535,0,924.8686869,103.0589226,15.74747475,4.117003367,0.310606061,1.080808081,21.25420875,13.22811448,1.751683502,1.601010101,29.17760943,6.993265993,29.66498316,43.28198653,2.233164983,2.304713805,2.326599327,0.003367003,0,370601.282,1.47979798,2.317340067
2014,38,29.48760331,42.17355372,1.859504132,1.008264463,0.818181818,361.1322314,58.75206612,14.95041322,4.487603306,0.446280992,1.115702479,14.49586777,15.60330579,1.826446281,1.710743802,27.61983471,7.504132231,28.6446281,40.66942149,1.983471074,2.73553719,2.314049587,0,0.272727273,380062.1488,1.462809917,5.033057851
2014,39,24.76881134,38.46892039,1.358778626,0.355507088,0.323882225,1559.400218,84.9476554,16.09160305,4.078516903,0.367502726,1.097055616,21.41548528,12.73282443,1.791712105,2.062159215,28.63358779,7.078516903,24.77208288,38.5997819,2.244274809,2.191930207,2.499454744,0.007633588,0.011995638,390486.0393,1.552889858,4.134133043
2014,40,21.06281834,36.26315789,1.064516129,0.039049236,0,1265.575552,86.86417657,15.72665535,4.23089983,0.256366723,1.13582343,19,13.32088285,1.719864177,2.03565365,31.33955857,6.674023769,20.49745331,36.79966044,2.339558574,3.421052632,2.482173175,0.003395586,0,400297.0323,1.534804754,4.485568761
2014,41,26.39440994,38.73291925,0.621118012,0.046583851,0,386.4782609,35.04968944,16.16459627,4.077639752,0.304347826,1.108695652,16.86956522,16.85714286,1.841614907,1.245341615,29.55900621,7.155279503,23.85403727,37.96273292,2.198757764,2.422360248,2.431677019,0.00310559,0.00310559,410163.5714,1.472049689,9.947204969
2014,42,53.58536585,62.63775971,1.260162602,0.138211382,0.027100271,1417.225836,66.50858175,15.96115628,4.005420054,0.309846432,1.079494128,19.5564589,12.96115628,1.767841012,2.004516712,28.80668473,6.960252936,51.71815718,61.24028907,2.120144535,2.456187895,2.325203252,0.004516712,0.009033424,420554,1.504065041,1.823848238
2014,44,14.11764706,25.50980392,0,0,0,144.2941176,6.098039216,17.60784314,4.098039216,0.274509804,1,21.82352941,13.94117647,2.431372549,1.31372549,29.29411765,7.431372549,13.98039216,28.43137255,1.568627451,2,2.411764706,0,0,440026.8235,1.254901961,1.803921569
2014,45,68.16005291,73.75132275,0.408730159,0,0,208.4761905,46.73015873,15.6984127,4.293650794,0.394179894,1.088624339,20.57407407,12.62037037,1.761904762,1.416666667,26.07804233,6.793650794,68.14153439,72.6031746,2.226190476,2.277777778,2.394179894,0.001322751,0.010582011,450380.9471,1.445767196,2.294973545
2014,46,29.448,44.008,0.224,0,0,344.32,75.432,15.504,4.568,0.368,1.088,13.328,13.584,1.752,1.616,27.408,6.336,28.08,41.448,2.072,2.736,3.272,0.008,0.216,460063,1.448,5.608
2014,47,98.52631579,98.56215006,1.033594625,0.230683091,0.055991041,679.9664054,100.6349384,15.63493841,4.072788354,0.276595745,1.078387458,21.07390817,16.8118701,1.82418813,1.714445689,31.0806271,6.671892497,98.52631579,98.50615901,2.251959686,2.696528555,2.537513998,0.004479283,0.020156775,470458.6036,1.511758119,3.587905935
2014,48,61.49623824,68.27021944,1.19153605,0.134796238,0.048902821,1737.603762,236.4733542,15.59216301,4.132288401,0.303448276,1.10846395,17.09780564,12.19278997,1.906269592,2.039498433,28.79467085,6.702194357,61.54702194,68.27272727,2.424451411,2.560188088,2.489341693,0.003134796,0.010031348,481631.3113,1.532915361,3.115360502
2014,49,19.72972973,35.77477477,1.761261261,0,0,1021.153153,33.47747748,15.30630631,4.423423423,0.234234234,1.153153153,15.0990991,13.96396396,1.833333333,1.635135135,29.6036036,6.851351351,19.41441441,34.94594595,2.666666667,2,2.581081081,0.004504505,0.076576577,490115.6577,1.621621622,4.990990991
2014,50,24.45238095,39.38095238,1.380952381,0,0,1013.809524,14.85714286,16.35714286,3.80952381,0.285714286,1.047619048,17.69047619,14.69047619,1.69047619,1.214285714,24.92857143,6.714285714,22.14285714,33.5,2.5,2,2.595238095,0,0,500021.5,1.452380952,2.80952381
2014,51,41.99241275,51.69195751,1.031866464,0.042488619,0,342.552352,210.9119879,15.6737481,4.068285281,0.309559939,1.06676783,22.76479514,13.08952959,1.757207891,1.429438543,28.4522003,6.792109256,43.18968134,53.90136571,1.904400607,2.22306525,2.464339909,0.006069803,0.004552352,510332.1077,1.452200303,9.054628225
2014,53,98.55011655,98.10955711,0.575757576,0.053613054,0,574.4055944,44.38461538,16.04428904,4.219114219,0.34032634,1.076923077,16.16083916,13.79487179,1.876456876,1.473193473,28.51515152,6.594405594,98.55011655,98.04895105,2.300699301,2.053613054,2.34965035,0,0.17016317,530228.8462,1.456876457,4.216783217
2014,54,58.73140496,65.89669421,0.805785124,0,0,1261.677686,51.20661157,15.62396694,4.119834711,0.347107438,1.123966942,20.99586777,12.73553719,1.623966942,1.363636364,27.61570248,7.103305785,58.04545455,65.72727273,2.210743802,2.925619835,2.623966942,0.004132231,0,540124.3595,1.438016529,3.090909091
2014,55,42.84095861,54.95424837,1.132897603,0.272331155,0.215686275,1001.594771,77.1416122,16.8671024,4.20043573,0.394335512,1.102396514,20.21132898,12.14814815,1.727668845,2.032679739,29.03050109,7.089324619,31.89106754,45.44008715,2.222222222,3.161220044,2.250544662,0.006535948,0.021786492,550231.0719,1.507625272,5.501089325
2014,56,23.17557252,38.06870229,0.694656489,0.175572519,0,131.8854962,19.88549618,15.5648855,3.954198473,0.374045802,1.145038168,13.33587786,14.55725191,1.702290076,1.465648855,29.58015267,6.885496183,22.93129771,38.34351145,2.427480916,2.160305344,2.496183206,0,0.06870229,560066,1.435114504,2.114503817
2015,1,17.97321429,32.74107143,1.073979592,0.119897959,0.06377551,683.692602,74.48469388,14.92091837,4.136479592,0.281887755,1.084183673,20.15306122,12.75,1.801020408,1.665816327,27.99489796,6.920918367,79.67346939,83.48341837,2.242346939,3.369897959,2.350765306,0.005102041,0,10393.37372,1.510204082,3.262755102
2015,2,33.4,46.31666667,1.516666667,0.233333333,0,1025.35,90.11666667,15.23333333,4.566666667,0.4,1.083333333,16.93333333,17.06666667,2.033333333,1.15,30.2,6.883333333,33.31666667,44.53333333,2.416666667,3,2.116666667,0,0,20030.5,1.466666667,3.866666667
2015,4,29.0567201,42.56350185,1.221948212,0.082614057,0.034525277,247.0234279,16.23057953,15.80641184,4.205918619,0.298397041,1.106041924,15.68310727,14.71763255,2.344019729,5.205918619,29.72626387,6.448828607,28.16276202,41.16399507,2.44512947,3,5.961775586,0.002466091,0.443896424,40423.45499,1.536374846,13.08508015
2015,5,25.54378819,39.76374745,1.213849287,0.456211813,0.403258656,925.592668,75.32179226,15.50712831,4.073319756,0.289205703,1.120162933,21.14460285,12.82077393,1.682281059,1.720977597,28.79429735,6.786150713,25.24236253,39.80244399,2.276985743,3.533604888,2.313645621,0.00203666,0.00407332,50254.0998,1.545824847,2.655804481
2015,8,57.13609467,65.79092702,1.284023669,0.193293886,0.045364892,458.9861933,54.01183432,15.29980276,4.120315582,0.347140039,1.078895464,15.76725838,12.68836292,1.794871795,1.652859961,28.84023669,6.558185404,53.68836292,62.75936884,2.374753452,3.009861933,2.309664694,0,0,80257.57594,1.560157791,1.230769231
2015,9,54.09338521,61.22957198,1.443579767,0.13229572,0,432.6303502,6.875486381,14.80544747,4.105058366,0.381322957,1.050583658,19.19455253,12.08560311,1.953307393,1.443579767,29.68871595,6.968871595,43.01945525,53.29571984,2.252918288,3,2.575875486,0.007782101,0.031128405,90132.14786,1.470817121,2.945525292
2015,10,26.4488189,40.62204724,1.267716535,0.779527559,0.779527559,119.1259843,3.188976378,13.99212598,4.149606299,0.307086614,1.031496063,16.2519685,11.90551181,1.858267717,1.913385827,29.57480315,7.141732283,26.33070866,41.81889764,2.173228346,3,1.748031496,0.007874016,0.070866142,100064,1.559055118,2.440944882
2015,11,25.91304348,38.08695652,1,0,0,10,1,16.39130435,4.043478261,0.217391304,1,12.26086957,12.17391304,1.869565217,5.652173913,22.39130435,7.304347826,15.56521739,30.69565217,1.956521739,3,5.869565217,0,0,110012,1.304347826,1.043478261
2015,12,96.89922193,97.33234531,0.682845498,0.034086699,0,766.733605,70.40755835,15.7413857,4.142274917,0.238606891,1.088551315,15.90366803,13.11152279,2.074101519,1.752500926,28.7462023,6.765098185,96.89588737,97.25120415,2.298258614,3.257502779,1.916635791,0.003705076,0.007039644,121413.4042,1.542793627,3.197851056
2015,13,49.06471031,58.15349887,0.80662152,0.063957863,0,1110.251317,135.9601204,15.54928518,4.019563582,0.228743416,1.077501881,19.53875094,13.00902935,1.720090293,1.715575621,27.79608728,6.699021821,48.65086531,57.75771257,2.305492852,3.282919488,2.16854778,0.003009782,0.006019564,130669.4846,1.541760722,3.316779533
2015,15,13.78823529,34.30588235,1.823529412,0.164705882,0,4417.117647,3.941176471,13.17647059,4.070588235,0.317647059,1.094117647,17.03529412,11.81176471,2.282352941,1.6,29.98823529,6.364705882,13.69411765,32.27058824,2.294117647,3,1.952941176,0,0.011764706,150044.2471,1.458823529,3.270588235
2015,16,15.24242424,30.50505051,1.090909091,0.095959596,0,652.4949495,33.67676768,16.09090909,4.095959596,0.363636364,1.090909091,16.02020202,14.85353535,1.636363636,1.833333333,31.18181818,7.065656566,15.01010101,32.5,2.287878788,3.883838384,2.47979798,0.005050505,0.186868687,160100.1616,1.414141414,2.641414141
2015,17,98.1619256,98.2833698,1.743982495,0.388402626,0.238512035,1931.771335,92.95185996,15.72866521,4.112691466,0.331509847,1.09190372,18.07986871,12.54704595,1.89059081,1.725382932,28.70678337,6.964989059,14.07768053,30.10612691,2.164113786,3.36761488,2.284463895,0.003282276,0.002188184,170491.7615,1.491247265,3.373085339
2015,18,98.88297872,98.90292553,0.840425532,0.067819149,0,2581.394947,87.78723404,15.6037234,4.131648936,0.195478723,1.08643617,18.30984043,12.96808511,1.67287234,1.868351064,28.28989362,6.777925532,98.88297872,98.8962766,2.356382979,3.958776596,2.178191489,0.005319149,0.001329787,180399.6662,1.545212766,3.168882979
2015,19,56.67375887,63.42198582,0.840425532,0.432624113,0.35106383,1020.414894,108.3262411,15.9964539,3.989361702,0.290780142,1.134751773,15.90780142,13.12411348,1.790780142,1.74822695,28.76950355,6.80141844,56.58156028,64.45035461,2.237588652,3,2.35106383,0,0.007092199,190142.5674,1.492907801,4.45035461
2015,20,18.97826087,35.29192547,0.931677019,0.071428571,0,1705.040373,116.0372671,15.42546584,4.211180124,0.226708075,1.102484472,17.70496894,15.36645963,1.816770186,1.447204969,29.80434783,6.965838509,18.57142857,33.3447205,2.248447205,3.00931677,2.552795031,0,0.01242236,200167.205,1.450310559,1.704968944
2015,21,23.19884726,37.81123919,1.095100865,0.263688761,0.142651297,810.3227666,116.2103746,15.95533141,4.067723343,0.282420749,1.096541787,20.30259366,12.57492795,1.750720461,1.760806916,27.37896254,6.845821326,22.53170029,37.01729107,2.28962536,3.242074928,2.324207493,0.004322767,0,210348.281,1.556195965,3.468299712
2015,22,24.87679083,39.96991404,2.106017192,0.616045845,0.359598854,979.6504298,62.11174785,15.48567335,4.058739255,0.366762178,1.077363897,19.84383954,14.94985673,1.959885387,1.660458453,29.87106017,6.636103152,23.02578797,37.82234957,2.206303725,3.171919771,2.392550143,0.001432665,0,220365.1819,1.488538682,3.959885387
2015,23,17.0625,33.63888889,1.125,0.6875,0.6875,4895.361111,15.76388889,15.39583333,4.194444444,0.5,1.083333333,21.90972222,13.04861111,1.763888889,1,30.88888889,7.625,17.05555556,34.15277778,1.972222222,3,2.993055556,0,0.111111111,230074.0417,1.319444444,2.861111111
2015,24,52.66388309,60.63465553,0.910229645,0.08559499,0.079331942,40.55114823,62.64300626,15.63048017,4.102296451,0.319415449,1.08559499,18.67014614,12.96242171,1.972860125,2.903966597,29.26096033,7.018789144,52.48851775,60.94363257,2.212943633,3,2.32776618,0.006263048,0.075156576,240240.9228,1.528183716,3.265135699
2015,25,40.14984709,50.11009174,7.146788991,6.055045872,6.055045872,684.9571865,16.48012232,14.80122324,4.128440367,0.23853211,1.051987768,19.00611621,17.31804281,2.131498471,1.360856269,29.05198777,6.883792049,39.59327217,48.97859327,1.883792049,3,2.825688073,0.006116208,0.186544343,250168.7706,1.403669725,6.685015291
2015,26,50.33928571,59.77120536,3.979910714,0.073660714,0,1293.957589,104.0803571,15.16964286,4.186383929,0.2890625,1.079241071,17.78236607,13.18080357,1.905133929,1.765625,29.19084821,7.049107143,48.3125,57.75,2.381696429,3.122767857,2.068080357,0.001116071,0.001116071,260458.9263,1.611607143,3.59375
2015,27,36.46666667,48.384,1.290666667,0.376,0.264,1572.570667,85.45866667,15.68533333,4.034666667,0.333333333,1.096,17.79466667,13.44533333,1.973333333,2.490666667,29.144,7.021333333,24.16533333,37.40266667,2.405333333,3.061333333,2.234666667,0.002666667,0.061333333,270192.216,1.584,4.842666667
2015,28,29.35430464,42.34437086,0.379139073,0.168874172,0.163907285,313.1622517,74.5397351,16.12748344,4,0.210264901,1.120860927,21.38907285,12.67549669,1.65397351,1.561258278,27.26324503,6.855960265,29.11092715,40.93708609,2.241721854,3.144039735,2.475165563,0.008278146,0.001655629,280303.2798,1.445364238,2.816225166