YEAR,STATE,ARR_HOUR,ARR_MIN,CF1,CF2,CF3,CITY,COUNTY,DAY,DAY_WEEK,DRUNK_DR,FATALS,HARM_EV,HOUR,LGT_COND,MAN_COLL,MINUTE,MONTH,NOT_HOUR,NOT_MIN,PERSONS,RAIL,REL_ROAD,SCH_BUS,SP_JUR,ST_CASE,VE_FORMS,WEATHER
2015,29,48.20797011,57.19800747,0.887920299,0.075965131,0,2131.085928,140.6313823,15.48069738,4.04856787,0.266500623,1.083437111,20.15566625,12.9626401,1.739726027,1.689912827,27.23038605,6.841843088,48.11955168,57.13325031,2.303860523,3.230386052,2.306351183,0.00124533,0,290413.9701,1.530510585,4.540473225
2015,30,18.09313725,33.19117647,0.37745098,0,0,40.78431373,51.47058824,16.10784314,4.029411765,0.446078431,1.098039216,15.03431373,13.69117647,1.735294118,1.259803922,26.04411765,7.362745098,17.8627451,32.42647059,2.12745098,3.607843137,2.651960784,0.004901961,0.333333333,300102.5,1.323529412,4.666666667
2015,31,95.51834862,95.51834862,0.463302752,0,0,1125.16055,87.44036697,15.93577982,3.935779817,0.325688073,1.128440367,15.48165138,25.99541284,1.894495413,2.243119266,37.68348624,6.591743119,95.51834862,95.51834862,2.252293578,3.45412844,2.178899083,0,0.004587156,310110.2661,1.52293578,3.201834862
2015,32,47.82491582,56.64646465,1.383838384,0,0,43.78787879,12.25925926,15.87878788,4.094276094,0.333333333,1.097643098,15.88215488,13.26262626,2.124579125,1.774410774,28.72727273,6.942760943,38.94612795,50.78787879,2.424242424,3,2.397306397,0.003367003,0.01010101,320149,1.535353535,3.265993266
2015,33,14.2815534,27.54368932,2.009708738,0.495145631,0,249.8543689,11.58252427,15.25242718,4.009708738,0.32038835,1.106796117,19.9223301,14.09708738,1.650485437,1.27184466,28.40776699,7.485436893,14.09708738,28.96116505,1.951456311,3,2.291262136,0,0,330052,1.388349515,2.582524272
2015,34,47.96161228,57.30710173,1.147792706,0.211132438,0,1554.998081,19.21497121,16.37236084,4.226487524,0.182341651,1.076775432,17.40690979,12.92898273,1.975047985,1.305182342,29.42226488,6.932821497,44.95777351,54.49520154,2.145873321,3.291746641,2.946257198,0.007677543,0.034548944,340266.3551,1.449136276,1.77159309
2015,35,42.92565056,54.66542751,0.349442379,0,0,249.5130112,24.86245353,15.46468401,4.12267658,0.312267658,1.107806691,14.40148699,13.16356877,1.691449814,2.628252788,27.58364312,6.933085502,47.81784387,58.75836431,2.36802974,2.996282528,2.189591078,0,0.442379182,350137.7063,1.423791822,2.342007435
2015,36,48.12252592,57.78510839,0.39868049,0.106503299,0.0933082,3530.453346,66.90763431,15.4128181,4.031102733,0.211121583,1.07068803,17.17153629,12.97737983,1.959472196,1.342130066,29.57587182,6.987747408,41.68520264,52.64090481,2.171536287,3.092365693,2.08671065,0.003770028,0.005655042,360533.6795,1.43732328,3.513666352
2015,37,24.91843137,38.35137255,0.829019608,0.077647059,0,916.3827451,102.9576471,15.2054902,4.058039216,0.312941176,1.081568627,20.13098039,13.12705882,1.75372549,1.792156863,28.98352941,6.795294118,24.79686275,38.54980392,2.271372549,3.102745098,2.231372549,0.002352941,0.01254902,370642.8102,1.528627451,2.459607843
2015,38,32.23423423,46.13513514,0.702702703,0,0,220.4954955,60.8018018,16.25225225,4.333333333,0.459459459,1.18018018,12.75675676,13.9009009,1.747747748,1.495495495,29.0990991,6.846846847,32.08108108,44.91891892,2.531531532,3.387387387,2.396396396,0.018018018,0.351351351,380059.6126,1.513513514,8.315315315
2015,39,21.36054422,36.89212828,0.934888241,0.068027211,0,1754.830904,84.13896987,15.57531584,4.134110787,0.322643343,1.078717201,19.63848397,12.6909621,1.790087464,1.942662779,28.62973761,6.862001944,20.46258503,36.10495627,2.275024295,3.189504373,2.472303207,0.000971817,0.026239067,390539.0914,1.592808552,4.182701652
2015,40,24.69830508,40.19661017,1.288135593,0.201694915,0.045762712,1479.549153,89.84067797,15.83050847,4.189830508,0.276271186,1.093220339,17.61864407,14.00677966,1.710169492,1.776271186,29.47118644,6.684745763,24.71525424,38.61525424,2.374576271,3.130508475,2.228813559,0.001694915,0.001694915,400298,1.513559322,4.137288136
2015,41,27.05839416,39.85644769,0.785888078,0,0,405.1678832,37.54014599,16.09002433,3.9756691,0.379562044,1.085158151,17.14841849,14.69586375,1.914841849,2.172749392,29.79075426,6.715328467,23.85158151,38.10462287,2.236009732,3.778588808,2.608272506,0.00486618,0.00729927,410207.3236,1.457420925,10.80048662
2015,42,50.74954628,59.85753176,1.227767695,0.104355717,0,1226.595281,64.54446461,15.43194192,4.007259528,0.304900181,1.08892922,19.91288566,13.22686025,1.794010889,1.872050817,29.24682396,6.88384755,50.14519056,60.37114338,2.249546279,3.140653358,2.51814882,0.007259528,0.012704174,420552.4501,1.523593466,1.695099819
2015,44,12.73170732,28.95121951,0.512195122,0,0,154.195122,6.512195122,17.63414634,3.780487805,0.43902439,1.097560976,23.92682927,12.75609756,2.024390244,1.195121951,25.6097561,7.146341463,12.6097561,28.36585366,2.463414634,3,2.43902439,0,0,440021.7317,1.414634146,1.585365854
2015,45,68.06256861,73.14379802,0.473106476,0.041712404,0,248.8660812,46.74313941,15.40175631,4.218441273,0.332601537,1.074643249,20.59165752,13.11635565,2.004390779,1.633369923,28.09330406,6.688254665,67.91108672,72.77277717,2.316136114,3.34248079,2.27881449,0.003293085,0,450457.8013,1.546652031,2.241492865
2015,46,27.96551724,39.95689655,0.775862069,0,0,320.0862069,74.93103448,14.52586207,4.275862069,0.353448276,1.155172414,12.79310345,12.5,1.620689655,1.620689655,27.43103448,7.129310345,26.37068966,40.18103448,2.448275862,3,2.603448276,0,0.198275862,460059.1724,1.465517241,2.663793103
2015,47,97.66779279,97.8963964,1.186936937,0.370495495,0.137387387,616.9369369,97.06531532,15.5213964,4.236486486,0.309684685,1.083333333,20.63626126,17.42342342,1.876126126,1.513513514,31.75112613,6.961711712,97.69144144,97.95382883,2.259009009,3.228603604,2.359234234,0.003378378,0.023648649,470465.8097,1.537162162,3.658783784
2015,48,64.70783699,71.05329154,1.305956113,0.210344828,0.035736677,1741.855486,235.7705329,15.53949843,4.04137931,0.273040752,1.122884013,16.62633229,12.22194357,1.927272727,1.896865204,28.27084639,6.710344828,64.59090909,70.85642633,2.43322884,3.239498433,2.319435737,0.002507837,0.000626959,481634.6345,1.565517241,3.223197492
2015,49,23.64728682,36.91472868,0.934108527,0.07751938,0,1428.290698,35.58914729,16.26356589,4.240310078,0.170542636,1.07751938,14.30620155,13.15891473,1.868217054,1.546511628,27.63178295,6.755813953,22.33333333,36.25968992,2.546511628,4.236434109,2.007751938,0.003875969,0.042635659,490132.1163,1.643410853,4.069767442
2015,50,19.24,29.3,1.66,0,0,1143.82,14.32,14.58,4.36,0.28,1.14,18.28,15.92,1.64,1.16,29.16,7.7,20.72,36.1,2.08,3,2.44,0,0,500025.5,1.4,1.58
2015,51,48.00280899,57.7261236,0.804775281,0,0,293.491573,203.627809,15.55477528,4.025280899,0.313202247,1.058988764,22.24438202,12.49578652,1.691011236,1.289325843,28.42134831,6.893258427,52.13061798,61.76825843,2.060393258,3.105337079,2.570224719,0.001404494,0.005617978,510356.8581,1.429775281,9.046348315
2015,53,72.46693387,76.7254509,0.631262525,0.094188377,0,568.01002,44.12625251,14.78957916,4.112224449,0.326653307,1.104208417,16.34068136,13.35470942,1.855711423,1.799599198,28.7254509,6.935871743,71.71342685,76.16032064,2.531062124,3.230460922,2.138276553,0.004008016,0.170340681,530263.3467,1.539078156,3.591182365
2015,54,59.82520325,66.68292683,0.882113821,0.402439024,0.402439024,1313.873984,52.07317073,15.94308943,4.12601626,0.284552846,1.089430894,20.3902439,12.67886179,1.682926829,1.451219512,27.70731707,6.638211382,59.72357724,67.46341463,2.146341463,3,2.902439024,0,0,540124.6829,1.443089431,2.369918699
2015,55,51.87380497,60.50478011,1.168260038,0.225621415,0.043977055,1352.049713,75.50095602,15.7208413,4.198852772,0.353728489,1.082217973,19.52772467,13.32695985,1.79541109,1.956022945,30.56978967,6.885277247,41.64244742,53.99235182,2.265774379,3.198852772,2.260038241,0.007648184,0.045889101,550266.0057,1.533460803,4.766730402
2015,56,21.07751938,36.48837209,1.395348837,0.217054264,0,50.54263566,19.85271318,14.91472868,4.333333333,0.418604651,1.124031008,15.43410853,15.86821705,1.635658915,1.348837209,29.73643411,6.689922481,20.87596899,35.48837209,2.496124031,3,2.627906977,0,0.147286822,560065.6512,1.488372093,3.418604651
2016,1,18.70684372,33.97139939,1.212461696,0.08988764,0.037793667,692.2665986,72.03983657,15.81716037,4.139938713,0.28804903,1.106230848,21.41062308,13.36057201,1.769152196,1.553626149,28.25740552,6.824310521,59.56792646,67.58835546,2.187946885,1.702757916,2.423901941,0.00102145,0.00102145,10492.90398,1.446373851,2.984678243
2016,2,30.93589744,44.79487179,5.641025641,4.08974359,3.807692308,1211.435897,124.9487179,16.73076923,4.064102564,0.461538462,1.076923077,17.88461538,17.53846154,2.08974359,2.653846154,30.73076923,7.025641026,28.87179487,41.25641026,2.333333333,1,2.423076923,0,0,20039.5,1.397435897,6.243589744
2016,4,27.65303738,41.12616822,1.455607477,0.227803738,0.033878505,236.9252336,15.13434579,15.6682243,4.119158879,0.245327103,1.112149533,15.14836449,14.32827103,2.299065421,5.033878505,29.84345794,6.526869159,27.08761682,40.92640187,2.468457944,1,5.299065421,0.003504673,0.360981308,40440.41238,1.539719626,8.235981308
2016,5,25.18055556,37.87301587,1.013888889,0.027777778,0,931.5079365,78.18650794,16.03373016,4.001984127,0.244047619,1.113095238,20.0515873,13.29365079,1.666666667,1.813492063,29.4702381,6.823412698,24.8234127,39.42460317,2.257936508,2.067460317,2.287698413,0.003968254,0.001984127,50258.55357,1.525793651,2.78968254
2016,8,50.40860215,59.12544803,1.52688172,0.034050179,0,514.3602151,53.64516129,15.81362007,4.025089606,0.347670251,1.089605735,15.43369176,13.19713262,1.826164875,1.85483871,28.40681004,6.860215054,46.40143369,56.35483871,2.388888889,1.209677419,2.137992832,0,0.003584229,80279.94444,1.584229391,85.11648746
2016,9,30.94178082,45.00684932,2.602739726,1.773972603,1.695205479,442.8767123,6.246575342,15.97945205,4.315068493,0.311643836,1.04109589,19.8630137,13.55136986,1.941780822,1.561643836,30.85616438,6.863013699,27.32191781,41.84589041,2.226027397,1,2.301369863,0.003424658,0.04109589,90147.92466,1.530821918,2.075342466
2016,10,23.09482759,37.75862069,3.301724138,1.318965517,0.853448276,34.00862069,3.068965517,15.92241379,4.49137931,0.336206897,1.025862069,18.56896552,13.51724138,1.887931034,2.396551724,30.59482759,6.474137931,22.20689655,37.30172414,2.224137931,1,3.060344828,0,0,100058.5,1.474137931,2.25
2016,11,37.23076923,51.5,39.11538462,35.57692308,34.26923077,10,1,16.23076923,4.423076923,0.384615385,1.038461538,18.03846154,10.11538462,2.884615385,0.692307692,31.11538462,7.269230769,20.57692308,40.57692308,2.153846154,5.923076923,2.192307692,0,0.038461538,110013.5,1.461538462,4.884615385
2016,12,97.9076661,98.16388416,0.515843271,0.044293015,0,776.5775128,70.69846678,15.71277683,4.085178876,0.226575809,1.082112436,15.72061329,12.73764906,2.083134583,1.826575809,28.60954003,6.603407155,97.88006814,98.09914821,2.310391823,1.229301533,1.955025554,0.00306644,0.000681431,121564.5203,1.567632027,2.703918228
2016,13,55.95435393,64.30688202,0.986657303,0.171348315,0.139044944,1329.242978,136.4859551,15.54143258,4.125702247,0.221207865,1.092696629,18.96839888,12.95646067,1.725421348,1.714185393,29.87570225,6.700140449,55.67766854,63.9613764,2.270365169,1.155196629,2.186797753,0.005617978,0.009129213,130718.2121,1.521067416,3.30758427
2016,15,18.68807339,32.91743119,0.697247706,0,0,4528.577982,3.844036697,14.7706422,4.155963303,0.302752294,1.100917431,19.14678899,12.89908257,2.027522936,1.293577982,28.51376147,6.963302752,17.75229358,33.06422018,1.981651376,1,3.027522936,0,0,150057.3578,1.422018349,3.678899083
2016,16,15.57758621,31.11637931,1.021551724,0.168103448,0,175.0344828,38.84482759,16.72413793,4.172413793,0.280172414,1.090517241,15.63362069,13.56465517,1.806034483,1.413793103,29.20689655,7.004310345,15.87068966,32.69396552,2.228448276,1,2.392241379,0,0.090517241,160117.2629,1.400862069,3.961206897
2016,17,98.242,98.342,1.298,0.155,0.05,2092.215,90.268,15.596,4.136,0.315,1.078,17.446,12.538,1.898,1.884,28.111,6.624,97.468,97.73,2.259,1.601,2.164,0.001,0,170533.114,1.568,2.406
2016,18,98.97164948,98.84664948,0.952319588,0.070876289,0.059278351,2634.806701,89.30927835,15.65979381,4.06314433,0.198453608,1.068298969,19.29252577,12.79896907,1.800257732,1.920103093,28.08762887,6.87371134,98.97164948,98.84793814,2.322164948,1.637886598,2.25257732,0.00257732,0.00128866,180406.4291,1.56056701,3.845360825
2016,19,58.44225352,66.25070423,0.994366197,0,0,972.9211268,105.6704225,15.57464789,4.214084507,0.270422535,1.132394366,16.14929577,12.14084507,1.785915493,2.025352113,29.25070423,6.887323944,58.36901408,65.83661972,2.335211268,1.191549296,2.335211268,0.008450704,0,190179.6225,1.532394366,4.63943662
2016,20,19.98425197,35.15748031,0.748031496,0.086614173,0.060367454,1842.687664,121.5669291,15.51181102,4.083989501,0.223097113,1.125984252,16.96325459,15.69816273,1.734908136,1.86351706,30.0656168,6.93175853,19.31233596,34.75590551,2.083989501,1.517060367,2.280839895,0,0,200193.0394,1.467191601,63.85564304
2016,21,22.58453473,37.12450852,1.221494102,0.154652687,0.129750983,898.2844037,121.6264744,15.45216252,4.104849279,0.252948886,1.093053735,19.59239843,13.01179554,1.69593709,1.829619921,28.44954128,6.823066841,22.1559633,36.63564875,2.344692005,1.129750983,2.259501966,0.003931848,0,210383.7143,1.54259502,2.963302752
2016,22,22.90767045,37.61079545,1.769886364,0.457386364,0.211647727,977.5838068,61.375,15.94176136,4.012784091,0.325284091,1.075284091,18.39630682,14.44886364,1.954545455,1.828125,28.87215909,6.580965909,22.10369318,36.92045455,2.302556818,1.657670455,2.319602273,0.005681818,0.022727273,220362.2031,1.539772727,3.1875
2016,23,17.68,33.13333333,0,0,0,4936.793333,15.74666667,15.44666667,4.333333333,0.38,1.066666667,23.54,13.08666667,1.713333333,1.086666667,29.95333333,7.306666667,17.71333333,31.74,2.02,1,3.1,0,0.026666667,230078.1333,1.366666667,2.66
2016,24,48.31818182,58.25206612,1.626033058,0.57231405,0.440082645,4.338842975,68.43801653,15.98760331,4.252066116,0.258264463,1.078512397,18.13842975,13.01446281,2.119834711,2.588842975,30.10743802,6.768595041,47.71900826,57.63636364,2.245867769,1,2.200413223,0.004132231,0.016528926,240248.2004,1.578512397,6.053719008
2016,25,45.94101124,56.3988764,4.151685393,3.098314607,3.058988764,740.252809,16.00561798,16.1994382,4.185393258,0.300561798,1.087078652,19.62921348,15.78370787,2.058988764,1.761235955,29.60674157,6.870786517,45.93539326,57.24719101,2.011235955,1,2.699438202,0.011235955,0.056179775,250189.2612,1.407303371,4.926966292
2016,26,53.16513761,62.2293578,15.55759429,13.12334353,12.91743119,1233.634047,103.5463812,15.4617737,4.163098879,0.262996942,1.085626911,17.11518858,13.0988787,1.910295617,2.059123344,28.47808359,7.054026504,51.54638124,61.06625892,2.329255861,1.186544343,1.931702345,0,0.001019368,260501.3038,1.566768603,4.092762487
2016,27,20.21568627,35.16526611,1.047619048,0.277310924,0.277310924,1732.383754,79.66666667,15.68347339,4.086834734,0.274509804,1.098039216,15.71148459,12.6442577,1.831932773,2.232492997,31.02521008,6.941176471,16.25210084,32.98039216,2.271708683,1.49859944,2.19047619,0.005602241,0.033613445,270186.9524,1.599439776,4.983193277
2016,28,39.7744,51.3632,0.5456,0.1584,0.1584,314.7248,79.736,15.456,4.128,0.1712,1.0992,20.6384,12.7216,1.6816,1.36,27.2352,6.6976,38.4112,49.8688,2.2048,1.408,2.4672,0.0032,0.0048,280320.9264,1.4688,2.5968
2016,29,47.81307339,56.95298165,0.569954128,0.060779817,0,1929.729358,139.7924312,15.48279817,4.240825688,0.285550459,1.086009174,20.24885321,13.09288991,1.637614679,1.597477064,28.05045872,6.871559633,47.66972477,56.83944954,2.199541284,1.298165138,2.383027523,0.001146789,0,290451.3567,1.489678899,3.751146789
2016,30,18.12865497,34.75438596,0.269005848,0,0,21.43274854,53.24561404,14.19298246,4.064327485,0.479532164,1.111111111,15.52631579,12.23391813,1.789473684,0.783625731,26.64327485,6.590643275,15.98245614,31.71345029,1.98245614,1,2.736842105,0,0.49122807,300086,1.245614035,5.046783626
2016,31,47.91237113,57.72164948,0.324742268,0,0,921.9845361,86.69072165,15.70103093,4.015463918,0.402061856,1.12371134,17.84536082,25.2628866,1.819587629,2.525773196,38.53608247,6.788659794,48.30412371,58.46391753,2.221649485,2.319587629,2.288659794,0,0.051546392,310098.4021,1.567010309,2.742268041
2016,32,48.05921053,58.74671053,1.703947368,0,0,56.64802632,20.85855263,15.42434211,4.368421053,0.319078947,1.082236842,14,13.86842105,2.049342105,1.506578947,28.31907895,6.707236842,41.69736842,52.35197368,2.358552632,1,1.868421053,0.003289474,0.072368421,320153.0526,1.536184211,2.608552632
2016,33,14.17692308,30.66153846,0.892307692,0.261538462,0,245.7461538,10.87692308,15.99230769,4.076923077,0.3,1.046153846,22.3,13.92307692,1.638461538,0.923076923,33.40769231,6.853846154,13.93846154,33.43076923,1.861538462,1,2.630769231,0,0,330065.5,1.338461538,3.392307692
2016,34,60.59473684,67.9245614,1.003508772,0.119298246,0.024561404,1527.908772,18.49473684,16.14385965,4.21754386,0.236842105,1.056140351,18.07192982,12.26666667,2.029824561,2.01754386,28.65263158,6.822807018,58.86315789,66.37192982,2.168421053,1.245614035,3.250877193,0.012280702,0,340288.593,1.463157895,2.664912281
2016,35,24.47645429,38.07756233,0.576177285,0.202216066,0,346.7091413,23.82548476,15.38227147,4.216066482,0.299168975,1.121883657,12.86980609,13.7534626,1.91966759,1.523545706,29.48199446,6.620498615,24.4598338,38.54293629,2.48199446,1.074792244,2.844875346,0,0.362880886,350181.7839,1.415512465,3.537396122
2016,36,42.8980632,53.57084608,0.701325178,0,0,3539.839959,63.96839959,15.71151886,4.155963303,0.181447503,1.06116208,17.21712538,12.92762487,1.933741081,1.405708461,28.95310907,6.819571865,39.45259939,50.68909276,2.057084608,1.145769623,1.9490316,0.00509684,0,360493.3476,1.423037717,3.76146789
2016,37,28.9962908,42.68768546,0.615727003,0.042284866,0,918.8998516,103.4480712,15.84495549,4.087537092,0.298219585,1.075667656,20.29599407,13.08308605,1.74851632,1.640207715,29.48071217,6.768545994,28.95252226,42.12833828,2.169881306,1.067507418,2.269287834,0.003709199,0.013353116,370679.451,1.50074184,2.409495549
2016,38,30.19607843,43.60784314,1.049019608,0,0,340.9313725,52.84313725,15.04901961,4.362745098,0.490196078,1.107843137,14.25490196,14.88235294,1.87254902,1.470588235,29.31372549,6.950980392,28.46078431,40.62745098,2.068627451,1.235294118,2.539215686,0,0.441176471,380051.5,1.362745098,6.784313725
2016,39,15.24976258,32.11016144,1.066476733,0.191832858,0.094017094,1608.220323,83.79582146,15.67806268,4.220322887,0.34662868,1.075023742,20.0674264,13.13295347,1.804368471,1.869895537,29.40930674,6.881291548,15.35612536,32.04273504,2.305792972,1.209876543,2.320037987,0.002849003,0.036087369,390552.3561,1.558404558,4.421652422
2016,40,24.82643312,38.92515924,1.487261146,0.257961783,0,1484.60828,86.35350318,15.35191083,4.152866242,0.28343949,1.093949045,18.77388535,14.58917197,1.78343949,1.78343949,30.22292994,6.72133758,24.42038217,39.08598726,2.251592357,1.426751592,2.331210191,0,0,400316.4825,1.503184713,5.164012739
2016,41,26.88616071,41.53348214,0.426339286,0.102678571,0,374.6361607,36.92857143,16.30803571,4.122767857,0.290178571,1.111607143,16.12946429,14.48883929,1.848214286,1.575892857,29.21875,6.785714286,23.93973214,38.71651786,2.238839286,1.53125,2.158482143,0,0.006696429,410225.3906,1.502232143,10.53571429
2016,42,44.54227941,54.88786765,1.054227941,0.121323529,0.012867647,1474.582721,63.69301471,15.87775735,4.177389706,0.255514706,1.091911765,19.35569853,12.79595588,1.747242647,1.65625,29.32536765,6.767463235,42.02205882,53.25459559,2.251838235,1.117647059,2.316176471,0.006433824,0,420546.5322,1.560661765,3.500919118
2016,44,11.91666667,28.83333333,1.041666667,0,0,127.4791667,6.583333333,15.25,4.104166667,0.375,1.0625,19.77083333,11.8125,1.854166667,0.8125,28.41666667,6.5625,11.8125,29.25,1.9375,1,2.458333333,0,0,440024.5,1.375,1.875
2016,45,74.01381509,77.83103082,0.564293305,0.015940489,0,276.8395324,47.02125399,15.78639745,4.182784272,0.344314559,1.083953241,19.55579171,12.60998937,1.95749203,1.7141339,27.86822529,6.62911796,73.95855473,78.20935175,2.151965994,1.089266738,2.247608927,0.004250797,0,450471.9171,1.498405951,1.953241233
2016,46,38.01941748,49.3592233,0,0,0,175.1456311,80.47572816,15.2815534,4.087378641,0.427184466,1.126213592,12.30097087,14.05825243,1.766990291,1.194174757,31.19417476,6.883495146,35.63106796,49.21359223,2.155339806,1,2.640776699,0,0.40776699,460052,1.349514563,2.533980583
2016,47,61.24844075,67.8960499,0.996881497,0.11954262,0,670.8950104,100.7172557,15.77858628,4.151767152,0.244282744,1.077962578,19.74428274,16.62370062,1.821205821,1.83991684,31.22557173,6.762993763,61.002079,67.82848233,2.255717256,1.154885655,2.465696466,0.004158004,0.043659044,470495.7027,1.51975052,3.269230769
2016,48,65.95914794,72.27808579,1.488473884,0.184709659,0.050773271,1894.448497,230.8949519,15.81879195,4.098336738,0.267872775,1.107966151,16.84768019,12.16224103,1.929092501,1.899620659,27.94309892,6.625036475,65.88503064,71.95535454,2.397432156,1.19258827,2.327691859,0.002626204,0.007878611,481767.3735,1.554128976,2.904873067
2016,49,25.1969112,39.71428571,0.640926641,0.088803089,0,963.1467181,33.61776062,15.94208494,4.16988417,0.200772201,1.084942085,14.44401544,13.27799228,1.760617761,1.953667954,28.54054054,6.752895753,24.84942085,38.91505792,2.61003861,1.984555985,3.517374517,0.003861004,0.061776062,490134.722,1.552123552,6.621621622
2016,50,20.75438596,34.94736842,0.912280702,0,0,983.8947368,14.71929825,16.38596491,4.157894737,0.49122807,1.087719298,20.70175439,12.96491228,1.649122807,1,28.35087719,6.877192982,17.45614035,31,1.912280702,1,2.807017544,0,0,500029,1.350877193,4.298245614
2016,51,51.03601108,60.48891967,0.844875346,0.090027701,0,332.3601108,219.9252078,16.12465374,4.186980609,0.300554017,1.052631579,21.47922438,12.7465374,1.761772853,1.325484765,28.19252078,6.976454294,48.34626039,57.65927978,2.006925208,1,2.372576177,0.004155125,0.006925208,510365.6413,1.448753463,87.55124654
2016,53,79.45039683,82.09722222,0.906746032,0,0,609.2380952,42.75793651,15.71626984,4.075396825,0.319444444,1.063492063,16.58333333,13.2281746,1.922619048,1.878968254,29.90079365,6.876984127,79.4702381,82.39880952,2.301587302,1.089285714,2.369047619,0.003968254,0.113095238,530264.5972,1.521825397,5.517857143
2016,54,62.84,69.56,1.12,0,0,1251.908,50.384,15.712,4.192,0.276,1.076,18.664,13.1,1.552,1.308,26.456,6.924,62.08,68.068,2.092,1,2.42,0.004,0.004,540127.644,1.452,2.328
2016,55,49.20588235,59.13602941,1.181985294,0.386029412,0.229779412,1039.507353,74.16911765,15.39154412,4.189338235,0.334558824,1.115808824,19.31985294,15.42279412,1.737132353,1.847426471,30.07904412,6.685661765,40.89338235,51.81433824,2.248161765,1.262867647,2.358455882,0.005514706,0.03125,550275.1158,1.46875,5.452205882
2016,56,18.47,35.34,1.35,0,0,63.1,22.88,14.71,3.83,0.3,1.12,12.55,12.93,1.56,1.28,26.64,7.1,18.23,32.96,2.63,1,2.46,0,0.16,560050.5,1.53,1.48
2017,1,19.30324074,33.85648148,1.232638889,0.121527778,0,670.9340278,73.0162037,16.23958333,4.060185185,0.252314815,1.097222222,20.94328704,13.08333333,1.855324074,1.84837963,28.68171296,6.516203704,32.28472222,72.59259259,2.072916667,1.716435185,2.47337963,0,0,10436.62269,1.461805556,3.788194444
2017,2,35.02666667,42.90666667,2.08,1.32,1.32,1160.293333,112.2533333,15.64,4.346666667,0.293333333,1.053333333,18.06666667,21.97333333,2.32,2.853333333,37.2,6.746666667,35.84,49.66666667,2.28,1,3.653333333,0,0.12,20038,1.373333333,7.826666667
2017,4,31.69465649,44.79280262,1.346782988,0.221374046,0,204.002181,14.41221374,15.5910578,4.223555071,0.258451472,1.088331516,15.04471101,14.05016358,2.219193021,3.268266085,29.4263904,6.647764449,30.42202835,43.21155943,2.375136314,1.0087241,5.780806979,0.005452563,0.378407852,40476.30862,1.522355507,9.113413304
2017,5,23.00617284,37.40123457,1.257201646,0.088477366,0,905.2860082,80.48971193,15.71399177,4.216049383,0.265432099,1.080246914,20.77572016,12.58230453,1.742798354,1.775720165,27.85596708,6.526748971,22.70164609,37.11522634,2.146090535,1.718106996,2.541152263,0,0,50252.47119,1.491769547,2.251028807
2017,8,55.96333333,63.53666667,1.261666667,0.07,0.038333333,442.5966667,53.36833333,15.37666667,4.096666667,0.335,1.08,16.13833333,13.15333333,1.771666667,1.753333333,27.96166667,6.81,47.925,56.96666667,2.31,1.463333333,2.173333333,0.001666667,0.011666667,80303.04167,1.573333333,82.745
2017,9,37.94676806,49.48669202,3.870722433,2.258555133,2.258555133,448.7414449,6.353612167,15.79467681,4.140684411,0.3878327,1.068441065,20.18250951,14.3269962,2.022813688,2.019011407,30.12547529,6.566539924,36.14068441,48.65779468,2.064638783,1,2.201520913,0.003802281,0,90136.41825,1.463878327,2.190114068
2017,10,21.91071429,36.41071429,4.696428571,1.267857143,0.883928571,45.22321429,3.321428571,16.8125,4.258928571,0.232142857,1.0625,15.60714286,12.50892857,1.892857143,2.008928571,27.91964286,7.303571429,21.01785714,34.19642857,2.107142857,1,2.678571429,0.008928571,0,100056.5,1.544642857,2.642857143
2017,11,51.34482759,55.20689655,5.586206897,3.413793103,3.413793103,10,1,18.31034483,3.862068966,0.448275862,1.068965517,17.96551724,12.72413793,2.620689655,1.206896552,26.20689655,6.75862069,30.51724138,39.27586207,1.827586207,1,2.482758621,0,0,110015.6207,1.310344828,1.068965517
2017,12,95.75316239,96.51145299,0.620512821,0.054017094,0.005128205,764.9907692,72.11384615,15.50632479,4.156923077,0.228034188,1.065299145,15.86017094,12.99384615,2.060512821,1.928888889,28.07623932,6.469059829,95.75692308,96.49846154,2.313504274,1.37982906,2.016410256,0.001709402,0.00034188,121545.7453,1.586324786,2.671111111
2017,13,53.88958333,61.975,0.835416667,0.041666667,0,1259.794444,140.8416667,15.31319444,4.129166667,0.206944444,1.069444444,18.59791667,12.90625,1.677083333,1.902083333,28.5125,6.524305556,53.74305556,62.18055556,2.377777778,1.175,2.120833333,0.004861111,0.00625,130722.4368,1.595833333,3.008333333
2017,15,16.41666667,29.40625,0.9375,0,0,4507.447917,3.3125,15.58333333,4.239583333,0.385416667,1.114583333,19.15625,15.6875,2.145833333,1.729166667,31.35416667,6.78125,16.67708333,33.76041667,2.166666667,1,2.114583333,0,0.020833333,150050.5938,1.5,6.0625
2017,16,18.86160714,36.05357143,1.169642857,0,0,286.0580357,38.99107143,16.15625,4.107142857,0.294642857,1.09375,15.78571429,14.04464286,1.754464286,1.986607143,29.66517857,7.178571429,17.80357143,34.27678571,2.352678571,2.571428571,2.424107143,0,0.142857143,160112.5,1.473214286,3.28125
2017,17,98.37875752,98.40581162,1.528056112,0.294589178,0.137274549,2112.471944,91.27254509,15.39679359,4.137274549,0.326653307,1.092184369,17.90280561,13.49398798,1.841683367,2.016032064,28.95390782,6.695390782,97.87074148,98.06212425,2.340681363,1.44488978,2.21743487,0.002004008,0.001002004,170524.8136,1.570140281,2.137274549