YEAR,STATE,ARR_HOUR,ARR_MIN,CF1,CF2,CF3,CITY,COUNTY,DAY,DAY_WEEK,DRUNK_DR,FATALS,HARM_EV,HOUR,LGT_COND,MAN_COLL,MINUTE,MONTH,NOT_HOUR,NOT_MIN,PERSONS,RAIL,REL_ROAD,SCH_BUS,SP_JUR,ST_CASE,VE_FORMS,WEATHER
2017,18,99,98.80310263,0.88902148,0.072792363,0,2650.686158,87.38186158,15.90214797,4.235083532,0.196897375,1.093078759,18.90334129,13.07756563,1.707637232,2.394988067,28.11097852,6.65274463,99,98.80310263,2.262529833,1.712410501,2.175417661,0.003579952,0,180430.6838,1.571599045,2.840095465
2017,19,57.19269103,64.18604651,0.661129568,0,0,829.7840532,109.0332226,15.24584718,4.019933555,0.265780731,1.096345515,13.7807309,13.10963455,1.744186047,1.667774086,29.77740864,6.877076412,57.16611296,64.82724252,2.083056478,1.428571429,2.362126246,0.006644518,0.009966777,190156.608,1.49833887,5.405315615
2017,20,18.38820639,32.9017199,1.425061425,0.28992629,0.243243243,1737.176904,114.1449631,15.46437346,4.117936118,0.211302211,1.132678133,16.9017199,15.14987715,1.769041769,2.144963145,29.42751843,6.545454545,17.33660934,33.18918919,2.277641278,1.877149877,2.262899263,0,0.004914005,200207.5749,1.538083538,66.15233415
2017,21,20.2260749,34.37447989,0.821081831,0,0,865.6407767,111.8127601,15.72538141,4.063800277,0.262135922,1.084604716,20.58807212,13.45076283,1.74479889,2.198335645,28.68238558,6.762829404,19.55478502,35.15533981,2.234396671,1.39667129,2.248266297,0,0,210363.1567,1.524271845,3.110957004
2017,22,21.86241135,38.06524823,1.65106383,0.568794326,0.421276596,1278.6,62.93758865,15.97446809,4.243971631,0.330496454,1.092198582,19.53758865,13.09078014,1.926241135,1.492198582,29.86950355,6.418439716,21.00283688,37.31489362,2.130496454,1.392907801,2.384397163,0,0.011347518,220362.6397,1.510638298,3.109219858
2017,23,21.57055215,37.45398773,0.331288344,0,0,4609.803681,14.88957055,15.34969325,4.165644172,0.294478528,1.061349693,19.66257669,13.34355828,1.742331288,1.791411043,29.1595092,7.208588957,21.57055215,36.6993865,2.153374233,1,2.36196319,0.012269939,0.055214724,230084.6319,1.539877301,2.441717791
2017,24,50.48648649,60.74710425,0.71042471,0.061776062,0,3.571428571,62.5965251,15.7027027,4.138996139,0.308880309,1.077220077,18.2972973,13.11389961,2.121621622,2.776061776,30.26061776,6.654440154,50.33976834,60.46718147,2.245173745,1.266409266,2.814671815,0.005791506,0.055984556,240265.5618,1.536679537,10.27220077
2017,25,14.87987988,31.29429429,14.55555556,13.12612613,13.08108108,672.5765766,16.1951952,15.81681682,3.807807808,0.321321321,1.042042042,20.32132132,15.15915916,2.093093093,1.438438438,28.83183183,6.375375375,14.36336336,30.37537538,1.918918919,1.648648649,2.441441441,0,0.333333333,250176.973,1.411411411,3.642642643
2017,26,50.79787234,60.36489362,24.32978723,19.82340426,19.50851064,1262.920213,103.2255319,15.34255319,4.177659574,0.342553191,1.096808511,17.2287234,13.42021277,1.827659574,1.895744681,28.97340426,6.741489362,49.20212766,59.47340426,2.329787234,1.073404255,1.960638298,0.003191489,0.009574468,260476.2394,1.59787234,3.805319149
2017,27,20.35483871,35.59237537,1.290322581,0.06744868,0,1857.067449,82.90029326,16.91202346,4.049853372,0.307917889,1.049853372,16.75953079,12.61876833,1.753665689,2.366568915,29.85043988,6.818181818,17.26099707,33.36070381,2.278592375,1,2.120234604,0,0.041055718,270179.5865,1.565982405,4.11143695
2017,28,84.98850575,87.34318555,23.76847291,23.408867,23.408867,451.407225,79.98850575,15.48768473,4.078817734,0.187192118,1.124794745,19.60755337,13.11494253,1.719211823,1.591133005,28.61576355,6.720853859,80.79146141,83.98522167,2.302134647,1.239737274,2.625615764,0.004926108,0.004926108,280310.1839,1.530377668,3.24137931
2017,29,42.06589595,52.98612717,0.941040462,0.132947977,0.031213873,2213.408092,141.2092486,15.58034682,4.190751445,0.277456647,1.077456647,20.91445087,12.6300578,1.683236994,1.624277457,28.45433526,6.812716763,41.81618497,52.75722543,2.359537572,1.209248555,2.343352601,0.005780347,0,290444.1584,1.543352601,4.976878613
2017,30,19.08284024,35.05325444,0.704142012,0,0,48.22485207,51.66272189,14.76923077,4.159763314,0.402366864,1.100591716,15.37278107,13.84615385,1.568047337,1.177514793,26.09467456,6.875739645,17.04733728,32.04733728,2.26035503,1,3.266272189,0.01183432,0.426035503,300085,1.366863905,3.710059172
2017,31,44.53809524,53.30952381,0.371428571,0.10952381,0,1007.071429,91.58095238,15.98095238,4.133333333,0.323809524,1.085714286,15.64285714,23.92857143,1.838095238,1.819047619,37.63809524,6.733333333,44.07619048,53.1,2.1,1.157142857,2.352380952,0.004761905,0.042857143,310107.9571,1.519047619,5.028571429
2017,32,63.03082192,69.68150685,1.267123288,0.065068493,0,43.39726027,13.81164384,14.70205479,4.181506849,0.256849315,1.065068493,13.02054795,12.92123288,2.023972603,1.671232877,30.57534247,6.455479452,59.61986301,68.89726027,2.352739726,1,1.828767123,0.003424658,0.065068493,320146.9555,1.575342466,2.712328767
2017,33,14.65306122,31.51020408,2.224489796,0.336734694,0,260.2040816,10.3877551,14.89795918,4.132653061,0.244897959,1.040816327,22.2244898,14.2755102,1.673469388,1.071428571,28.12244898,6.408163265,15.03061224,29.66326531,2.040816327,1,3.316326531,0,0,330050.2653,1.448979592,3.408163265
2017,34,36.76311337,48.12351946,1.764805415,0.609137056,0.502538071,1634.505922,19.12182741,15.6751269,3.986463621,0.204737733,1.055837563,18.05922166,13.02538071,2.062605753,1.394247039,29.28426396,7.093062606,35.66835871,47.04906937,2.084602369,1.230118443,2.015228426,0.003384095,0.016920474,340301.8376,1.470389171,2.275803723
2017,35,31.81524927,44.37243402,1.642228739,0.190615836,0,487.7096774,24.12316716,15.74780059,4.19941349,0.299120235,1.114369501,13.37829912,13.71554252,1.914956012,4.008797654,29.02052786,6.762463343,31.80058651,43.8914956,2.551319648,1.017595308,2.146627566,0,0.37829912,350172.6305,1.574780059,2.642228739
2017,36,46.49414271,56.79233227,0.373801917,0,0,3517.99787,64.3056443,16.25772098,4.033013845,0.182108626,1.071352503,17.32055378,13.07348243,1.937167199,1.703940362,28.79765708,6.73056443,43.92332268,54.33546326,2.206602769,1.265175719,1.95314164,0.003194888,0.003194888,360480.2236,1.465388711,4.728434505
2017,37,29.62251149,43.03981623,0.487748851,0.015313936,0,1193.08193,99.8575804,15.33996937,4.059724349,0.284839204,1.081163859,20.20290965,12.94716692,1.737366003,1.712863706,29.31393568,6.590352221,29.2856049,42.8575804,2.282542113,1.394333844,2.211332312,0.00229709,0.008422665,370657.9181,1.544410413,2.287901991
2017,38,26.51886792,40.76415094,3.358490566,2.801886792,2.801886792,786.2169811,60.05660377,14.74528302,3.943396226,0.462264151,1.094339623,14.50943396,18.29245283,2.5,1.594339623,30.74528302,6.443396226,25,38.83018868,2.08490566,1.603773585,4.160377358,0,0.349056604,380053.5,1.41509434,15.82075472
2017,39,17.37751371,32.25137112,0.853747715,0.106032907,0,1682.222121,84.55575868,15.61060329,4.055758684,0.321755027,1.077696527,20.08592322,12.83820841,1.81809872,1.751371115,29.31078611,6.877513711,17.39396709,33.52285192,2.327239488,1.277879342,2.229433272,0.000914077,0.027422303,390566.2559,1.540219378,4.095978062
2017,40,25.31484502,39.73898858,1.453507341,0.212071778,0,1524.884176,84.69331158,15.42251223,4.181076672,0.262642741,1.07177814,18.07830343,14.91843393,1.778140294,1.748776509,29.42251223,6.838499184,24.85644372,38.77487765,2.32137031,1.27406199,2.140293638,0.003262643,0,400308.6672,1.526916803,4.169657423
2017,41,25.93548387,40.70967742,0.277915633,0,0,463.4665012,36.35483871,15.9751861,4.05707196,0.330024814,1.089330025,17.09925558,14.95037221,1.833746898,1.40942928,30.81389578,7.106699752,24.61538462,39.75930521,2.136476427,1,2.506203474,0.00248139,0.022332506,410205.9206,1.481389578,8.17369727
2017,42,52.23084026,61.36288089,1.091412742,0.117266851,0,1411.484765,64.37950139,15.93167128,4.083102493,0.255771006,1.049861496,20.24746076,12.58818098,1.764542936,1.762696214,28.20221607,6.639889197,50.60110803,59.55124654,2.216989843,1.094182825,2.261311173,0.004616805,0.000923361,420543.2373,1.579870729,57.69621422
2017,44,12.66233766,28.93506494,1.584415584,0,0,148.1428571,6.324675325,16.28571429,4.025974026,0.38961039,1.090909091,21.14285714,12.94805195,2.12987013,1.090909091,31.19480519,6.792207792,12.53246753,30.14285714,1.896103896,1,2.298701299,0,0,440039,1.38961039,1.857142857
2017,45,79.88648649,82.89081081,0.437837838,0,0,256.8443243,46.4572973,15.43567568,4.171891892,0.336216216,1.069189189,18.98918919,13.11243243,2.00972973,1.465945946,26.84540541,6.504864865,79.86162162,82.7372973,2.165405405,1.433513514,2.308108108,0.003243243,0,450468.6357,1.474594595,1.67027027
2017,46,36.10810811,46.61261261,0.378378378,0,0,415,82.44144144,15.62162162,3.990990991,0.351351351,1.162162162,12.09009009,14.76576577,1.648648649,1.567567568,28.83783784,7.72972973,33.45945946,45.62162162,2.018018018,1,2.378378378,0,0.351351351,460056.5405,1.432432432,4.099099099
2017,47,16.95647558,32.32377919,0.803609342,0.229299363,0,609.2388535,102.4288747,15.7059448,4.110403397,0.23566879,1.087048832,19.90976645,16.74734607,1.770700637,1.645435244,31.69214437,6.595541401,16.53821656,32.83970276,2.270700637,1.497876858,2.303609342,0,0.013800425,470486.0149,1.536093418,3.281316348
2017,48,70.81921241,76.01879475,1.457338902,0.164081146,0.036396181,1829.323389,236.1843675,15.64707637,4.066527446,0.278341289,1.113365155,17.17064439,12.63365155,1.923031026,1.82398568,28.71270883,6.704057279,70.78072792,75.83591885,2.37052506,1.121718377,2.390214797,0.003878282,0.001193317,481722.7524,1.576372315,2.911097852
2017,49,16.14574899,31.78947368,0.566801619,0,0,1504.862348,32.36842105,15.37246964,4.299595142,0.222672065,1.105263158,15.06477733,13.44129555,1.769230769,1.858299595,30.68421053,6.91902834,15.20242915,33.14574899,2.51417004,1,2.789473684,0,0.056680162,490128.5101,1.607287449,4.20242915
2017,50,17.20634921,33.80952381,0.317460317,0,0,815.5238095,16.42857143,15.01587302,4.317460317,0.333333333,1.095238095,21.3015873,13.61904762,1.698412698,1.428571429,30.33333333,7.095238095,16.12698413,30.65079365,1.968253968,1,2.396825397,0,0.015873016,500032,1.492063492,4.333333333
2017,51,86.61047254,88.97573436,0.978288633,0.062579821,0,376.7484036,227.3729246,15.98084291,4.11366539,0.292464879,1.071519796,21.26309068,13.42911877,1.716475096,1.457215837,27.51213282,6.853128991,87.22733078,91.06768838,2.042145594,1.218390805,2.346104725,0.005108557,0,510394.0358,1.487867178,87.97956577
2017,53,72.23970037,76.22284644,0.74906367,0.080524345,0,630.0524345,43.65168539,15.76217228,4.020599251,0.323970037,1.054307116,16.56554307,12.86891386,2.001872659,1.63670412,28.8071161,6.844569288,72.19475655,76.55805243,2.168539326,1.842696629,2.117977528,0,0.168539326,530276.2378,1.529962547,3.689138577
2017,54,70.66071429,76.26071429,0.203571429,0.082142857,0,1367.489286,51.62142857,14.86785714,3.985714286,0.267857143,1.085714286,21.36071429,13.325,1.642857143,1.271428571,27.52857143,6.910714286,70.11071429,75.26071429,2.035714286,1,2.603571429,0,0,540144.9429,1.421428571,3.246428571
2017,55,38.27109515,50.96588869,1.283662478,0.400359066,0.177737882,1315.140036,74.83842011,15.45421903,4.107719928,0.373429084,1.1005386,18.84560144,13.68402154,1.833034111,1.978456014,28.22800718,6.734290844,31.3572711,44.38958707,2.190305206,1.421903052,2.233393178,0.003590664,0.032315978,550280.2118,1.506283662,5.436265709
2017,56,19.96190476,36.51428571,1.257142857,0.180952381,0,59.71428571,20.6952381,16.27619048,4.047619048,0.371428571,1.171428571,17.00952381,13.58095238,1.828571429,2.133333333,26.77142857,6.276190476,17.74285714,31.58095238,2.133333333,1,2.761904762,0,0.219047619,560053,1.380952381,4.00952381
2018,1,17.89041096,32.21347032,1.205479452,0.116438356,0.017123288,698.5114155,72.57305936,15.82305936,4.126712329,0.242009132,1.087899543,20.50456621,13.23744292,1.799086758,1.720319635,29.08333333,6.494292237,30.82191781,54.7956621,2.190639269,1.496575342,2.267123288,0.002283105,0,10442.88242,1.507990868,3.680365297
2018,2,46.43478261,54.53623188,2.362318841,0,0,1364.724638,105.4782609,15.98550725,3.855072464,0.463768116,1.15942029,17.07246377,13.79710145,1.84057971,1.666666667,27.94202899,6.913043478,44.07246377,54.26086957,2.376811594,1,2.130434783,0,0,20035,1.507246377,5.579710145
2018,4,41.99017467,53.0709607,6.1069869,5.255458515,5.100436681,327.4661572,15.64737991,15.65502183,4.1430131,0.21069869,1.102620087,16.56113537,15.62663755,2.653930131,6.021834061,31.54803493,6.310043668,41.56550218,53.21834061,2.31441048,1.114628821,8.329694323,0.004366812,0.296943231,40474.48581,1.532751092,22.99454148
2018,5,24.55720339,37.76059322,1.118644068,0.052966102,0,954.6525424,77.12288136,16.09322034,4.042372881,0.269067797,1.093220339,20.02542373,13.27118644,1.656779661,1.608050847,27.06779661,6.625,24.80084746,37.94915254,2.381355932,1.824152542,2.536016949,0.004237288,0.008474576,50246.99576,1.55720339,3.336864407
2018,8,56.43877551,63.33503401,0.930272109,0.204081633,0,509.5748299,53.8962585,15.52040816,4.181972789,0.338435374,1.074829932,15.64795918,13.33333333,1.799319728,1.729591837,28.72619048,6.797619048,46.69557823,56.81462585,2.258503401,1.386054422,2.214285714,0.005102041,0.006802721,80296.73639,1.525510204,86.92176871
2018,9,45.27173913,54.76086957,4.710144928,2.615942029,2.510869565,435.3369565,6.630434783,15.82608696,4.155797101,0.235507246,1.065217391,20.0942029,14.08695652,1.992753623,1.489130435,28.86956522,6.833333333,45.04347826,54.7173913,2.112318841,1,2.525362319,0,0.028985507,90140.22101,1.510869565,2.014492754
2018,10,19.95192308,35.06730769,3.923076923,0,0,135.3557692,3.173076923,13.63461538,4.403846154,0.269230769,1.067307692,16.88461538,13.11538462,1.663461538,1.692307692,29.91346154,6.923076923,20.61538462,36.22115385,2.278846154,1.634615385,1.817307692,0.009615385,0,100052.8173,1.615384615,3.163461538
2018,11,72.86666667,78.3,0.466666667,0,0,10,1,13.26666667,4.366666667,0.166666667,1.033333333,13.76666667,13.3,2.133333333,1.766666667,32.5,7.1,70.06666667,75.36666667,2,1,1.533333333,0,0.066666667,110016.4667,1.466666667,1.1
2018,12,96.54682676,96.95540309,0.655574614,0.037392796,0,786.5234991,71.43053173,15.31526587,4.046655232,0.212349914,1.074785592,15.64013722,12.91149228,2.080960549,1.827787307,27.832247,6.531389365,96.5186964,96.86723842,2.232933105,1.083018868,1.885077187,0.002058319,0.002744425,121568.9468,1.565694683,2.805145798
2018,13,39.02416489,50.28571429,1.025586354,0.126510306,0.070362473,1076.878465,135.1336176,15.6851457,4.203269367,0.196162047,1.068941009,18.93461265,12.851457,1.762615494,1.760483298,28.05046198,6.643212509,37.9978678,49.03411514,2.254442075,1.299218195,2.194029851,0.006396588,0.007818053,130715.2217,1.538734897,4.071783937
2018,15,13.77272727,30.21818182,1.327272727,0,0,4162.9,3.454545455,14.93636364,4.163636364,0.263636364,1.063636364,16.28181818,13.34545455,2.2,1.3,30.17272727,6.909090909,13.37272727,32.6,1.981818182,1,2.936363636,0,0.018181818,150056.3273,1.427272727,4.663636364
2018,16,17.19811321,34.22641509,0.764150943,0,0,325.5330189,37.51886792,14.96226415,4.202830189,0.25,1.089622642,14.57075472,12.63679245,1.716981132,1.523584906,28.30188679,6.886792453,15.85377358,31.4245283,2.344339623,2.731132075,2.278301887,0,0,160109.3726,1.490566038,2.933962264
2018,17,98.42827004,98.6149789,1.779535865,0.356540084,0.208860759,2112.185654,92.39662447,16.17088608,4.028481013,0.30907173,1.087552743,17.33755274,13.58227848,1.976793249,1.580168776,28.91666667,6.535864979,96.83122363,97.2257384,2.358649789,1.319620253,2.324894515,0.002109705,0,170494.5285,1.562236287,2.849156118
2018,18,99,98.8372093,1.058139535,0.089147287,0.018087855,2672.20155,87.28165375,15.38113695,4.167958656,0.158914729,1.108527132,17.74677003,12.68604651,1.753229974,2.289405685,29.38501292,6.795865633,99,98.8372093,2.264857881,2.149870801,2.028423773,0.006459948,0,180408.1434,1.573643411,3.012919897
2018,19,55.73539519,62.6975945,0.804123711,0.079037801,0,780.3608247,103.6666667,15.75601375,3.951890034,0.233676976,1.092783505,15.21993127,13.48453608,1.862542955,1.883161512,28.24398625,6.694158076,55.35738832,63.74914089,2.24742268,1.498281787,2.092783505,0,0.034364261,190149.0309,1.611683849,4.384879725
2018,20,26.54371585,41,1.084699454,0.06284153,0.038251366,1503.5,119.4918033,15.26229508,4.010928962,0.169398907,1.103825137,16.34699454,18.7568306,1.726775956,2.453551913,33.99180328,6.535519126,24.69125683,39.74590164,2.191256831,1.338797814,2.521857923,0.00273224,0.035519126,200189.5847,1.551912568,59
2018,21,14.81475904,30.77409639,1.222891566,0.042168675,0,895.9578313,121.0090361,15.85843373,4.173192771,0.233433735,1.090361446,20.64307229,12.87650602,1.71686747,2.088855422,28.47891566,6.852409639,14.48795181,30.5496988,2.230421687,1.115963855,2.439759036,0.003012048,0.006024096,210338.0964,1.555722892,4.064759036
2018,22,22.35614525,35.70391061,1.984636872,0.899441341,0.710893855,5435.650838,59.83240223,15.54050279,4.132681564,0.297486034,1.072625698,17.34217877,13.38268156,1.896648045,1.663407821,28.85195531,6.688547486,22.21368715,36.44972067,2.247206704,1.259776536,2.255586592,0.004189944,0,220365.1383,1.494413408,3.022346369
2018,23,18.375,33.5703125,0.1328125,0,0,5100.867188,15.921875,15.421875,3.9609375,0.328125,1.0703125,21.0625,12.828125,1.6875,1.2578125,28.6796875,7.2109375,18.5078125,35.6328125,2.0625,1,3.046875,0.015625,0.0703125,230066.8906,1.3984375,3.1015625
2018,24,99,99,1.111814346,0.040084388,0,4.367088608,55.09915612,15.46624473,3.983122363,0.257383966,1.056962025,17.78059072,12.50421941,1.978902954,1.489451477,29.81223629,6.82278481,99,99,2.314345992,1.050632911,2.02742616,0.002109705,0.05907173,240250.4726,1.563291139,6.371308017
2018,25,13.95918367,30.62390671,3.501457726,2.396501458,2.309037901,779.0437318,16.37609329,15.85714286,4.195335277,0.329446064,1.049562682,20.22740525,13.32944606,2.020408163,1.67638484,29.00874636,6.594752187,13.73177843,30.49271137,1.868804665,1.239067055,2.373177843,0,0.364431487,250179.7638,1.43148688,4.463556851
2018,26,53.7359116,62.55801105,26.59337017,22.8640884,22.46629834,1140.803315,103.1878453,15.20552486,4.029834254,0.306077348,1.076243094,17.33812155,12.93149171,1.872928177,2.040883978,30.15359116,6.872928177,52.79226519,62.44198895,2.384530387,1,2.029834254,0.00441989,0,260460.1878,1.635359116,3.845303867
2018,27,20.12034384,35.73925501,1.510028653,0.326647564,0.283667622,2010.13467,74.00286533,15.44126074,4.29226361,0.329512894,1.091690544,17.42406877,13.49283668,1.876790831,2.040114613,29.54441261,7.134670487,18.37249284,34.27507163,2.217765043,1.091690544,2.392550143,0.00286533,0.05730659,270178.8797,1.541547278,4.687679083
2018,28,50.75041876,60.81239531,1.358458961,0.994974874,0.994974874,411.7939698,78.33333333,15.48073702,4.150753769,0.179229481,1.112227806,19.20268007,12.7638191,1.817420436,1.671691792,29.00335008,6.618090452,50.75041876,60.16750419,2.224455611,1.445561139,2.281407035,0.005025126,0.006700168,280302.8241,1.504187605,4.336683417
2018,29,37.46580189,48.49528302,1.470518868,0.247641509,0,2068.762972,137.0341981,15.30660377,4.029481132,0.259433962,1.086084906,19.89150943,14.12382075,1.669811321,1.587264151,27.86320755,6.686320755,37.36438679,48.85495283,2.416273585,1.568396226,2.319575472,0.004716981,0.003537736,290430.4375,1.58490566,5.293632075
2018,30,17.99404762,32.1547619,0.904761905,0.136904762,0,59.4047619,56.54761905,15.80952381,4.25,0.482142857,1.083333333,17.29761905,12.39880952,1.595238095,1.517857143,26.56547619,7.208333333,16.8452381,32.91071429,2.053571429,1.130952381,3.857142857,0,0.511904762,300084.5,1.273809524,4.404761905
2018,31,47.8159204,57.13930348,0.537313433,0.114427861,0,946.3681592,90.09452736,15.18905473,4.014925373,0.323383085,1.144278607,14.82089552,21.77114428,1.92039801,2.094527363,35.91044776,6.855721393,47.34328358,56.48756219,2.616915423,3.2039801,1.965174129,0.004975124,0,310101.6766,1.756218905,4.223880597
2018,32,78.2,83.46666667,1.453333333,0.376666667,0.33,53.98333333,12.13333333,15.14,4.016666667,0.26,1.1,13.96,12.87,2.006666667,1.773333333,30.96,6.513333333,78.58,83.95333333,2.193333333,1,1.89,0.003333333,0.02,320151.4267,1.506666667,2.863333333
2018,33,13.51492537,28.31343284,0.694029851,0,0,233.3432836,10.89552239,16.6119403,3.992537313,0.305970149,1.097014925,22.29104478,13.24626866,1.731343284,1.365671642,29.36567164,7.26119403,13.3358209,29.61940299,2.037313433,1,3.156716418,0.014925373,0,330067.5,1.440298507,3.619402985
2018,34,98.79428571,98.86285714,1.024761905,0.055238095,0.028571429,1566.068571,18.6152381,16.18857143,3.933333333,0.211428571,1.074285714,16.19047619,13.2,2.045714286,1.546666667,30.5847619,6.780952381,98.79428571,98.8552381,2.203809524,1.36,2.895238095,0.003809524,0,340266.6952,1.48952381,2.192380952
2018,35,37.16,47,1.342857143,0.122857143,0,510.5257143,24.50857143,15.33428571,4.214285714,0.285714286,1.117142857,13.35428571,13.28857143,1.917142857,2.354285714,28.94857143,6.857142857,37.64,49.74285714,2.64,1.017142857,2.074285714,0,0.437142857,350176.9143,1.485714286,2.334285714
2018,36,42.60967379,53.19235096,0.596175478,0.015748031,0,3542.821147,64.72553431,15.37570304,4.215973003,0.231721035,1.060742407,17.93250844,13.29808774,1.923509561,1.688413948,28.7007874,7.03712036,41.51406074,51.96062992,2.042744657,1,2.070866142,0.007874016,0.014623172,360456.2857,1.452193476,4.411698538
2018,37,31.54201363,44.62604088,0.72672218,0.060560182,0,873.7358062,99.99621499,15.12036336,4.146101438,0.274034822,1.087812263,19.2346707,13.38455715,1.750189251,1.722180167,29.79106737,6.476154428,31.44360333,44.49583649,2.27327782,1.264950795,2.105980318,0.003785011,0.00681302,370662.9591,1.56320969,2.582134746
2018,38,33.17894737,47.13684211,0.357894737,0,0,434.2105263,52.89473684,16.37894737,3.978947368,0.336842105,1.105263158,16.65263158,15.81052632,1.926315789,1.484210526,27.8,7.378947368,32.21052632,44.51578947,2.2,1.578947368,2.157894737,0,0.094736842,380048,1.515789474,6.063157895
2018,39,15.01907631,32.69879518,1.143574297,0.068273092,0.023092369,1632.871486,84.02409639,15.52208835,4.214859438,0.304216867,1.072289157,20.16767068,12.88052209,1.875502008,1.985943775,28.41164659,6.661646586,14.8935743,30.78915663,2.294176707,1.236947791,2.315261044,0.001004016,0.055220884,390517.6546,1.582329317,4.28815261
2018,40,47.68325041,57.00995025,1.325041459,0.273631841,0,1452.943615,86.64179104,15.78606965,4.074626866,0.247097844,1.086235489,17.35655058,14.16583748,1.759535655,2.084577114,30.0199005,6.525704809,47.44112769,57.20729685,2.311774461,1.474295191,2.08291874,0.001658375,0,400302.9917,1.616915423,5.001658375
2018,41,34.82,47.11333333,8.417777778,7.92,7.92,420.9577778,36.71111111,15.25111111,4.088888889,0.257777778,1.124444444,16.59111111,14.95333333,2.58,2.846666667,30.66666667,6.94,32.57111111,45.38666667,2.144444444,1,8.228888889,0,0.033333333,410228.0089,1.477777778,25.2
2018,42,49.75883953,59.31459655,1.463281958,0.137805984,0.024478694,1670.726201,63.99728015,15.68087035,4.187669991,0.249320036,1.078875793,19.28921124,13.11786038,1.771532185,1.805983681,29.23209429,6.744333636,49.5394379,59.08159565,2.171350861,1.135086129,2.460562103,0.004533092,0.014505893,420552.7987,1.528558477,74.33363554
2018,44,21.01785714,34.25,2.732142857,1.767857143,1.767857143,316.3571429,23.85714286,13.44642857,4.178571429,0.375,1.053571429,22.41071429,14.78571429,2.464285714,3.464285714,29.51785714,6.892857143,20.92857143,34.08928571,2.017857143,1,4.053571429,0,0.160714286,440028.8571,1.464285714,3.875
2018,45,95.68865979,95.66391753,0.657731959,0.02371134,0,284.5247423,48.57731959,15.3371134,4.191752577,0.278350515,1.069072165,19.66494845,12.8,1.984536082,1.474226804,27.25154639,6.694845361,95.68865979,95.66391753,2.182474227,1.188659794,2.196907216,0,0,450486.8093,1.520618557,1.9
2018,46,42.61818182,53.99090909,0.445454545,0,0,243.2272727,74.16363636,14.52727273,4.136363636,0.363636364,1.181818182,14.93636364,13.28181818,1.7,1.445454545,30.04545455,6.936363636,38.72727273,50.22727273,2.445454545,1.254545455,2.4,0.009090909,0.327272727,460056.2182,1.345454545,3.763636364
2018,47,16.22073922,31.85626283,0.9137577,0.344969199,0.23100616,697.113963,99.07597536,15.41581109,4.189938398,0.211498973,1.068788501,19.09034908,16.6036961,1.891170431,1.990759754,31.0523614,6.829568789,16.0338809,32.36344969,2.27926078,1.211498973,2.155030801,0,0.001026694,470497.8758,1.558521561,2.929158111
2018,48,75.50892587,79.79939486,1.58214826,0.188502269,0.03086233,1726.119213,238.0130106,15.67594554,4.049621785,0.254765507,1.101966717,16.75491679,12.20998487,1.93827534,1.923751891,28.60363086,6.488048411,75.50529501,79.66898638,2.337972769,1.11376702,2.387291982,0.001210287,0.000605144,481700.1065,1.580030257,3.085325265
2018,49,14.62869198,30.6835443,0.510548523,0.080168776,0,1880.687764,34.35021097,16.6835443,4.042194093,0.248945148,1.097046414,15.71729958,13.00421941,1.894514768,1.544303797,29.46413502,6.544303797,14.26582278,31.08438819,2.565400844,1.974683544,2.198312236,0.012658228,0.021097046,490127.3122,1.58649789,5.105485232
2018,50,15.91666667,32.71666667,0.533333333,0,0,1060.683333,14.9,14.03333333,4.3,0.316666667,1.133333333,21.81666667,12.01666667,1.65,1.683333333,29.11666667,7.516666667,14.73333333,33.75,2.216666667,1,2.416666667,0,0,500030.5,1.433333333,3.45
2018,51,99,99,0.727506427,0.053984576,0,375.6323907,228.496144,15.3933162,4.16066838,0.307197943,1.053984576,21.15809769,12.84318766,1.800771208,1.394601542,28.84832905,6.705655527,99,99,2.080976864,1.185089974,2.35218509,0.005141388,0.001285347,510391.5103,1.483290488,84.97172237
2018,53,98.06841046,97.44265594,0.704225352,0,0,731.0503018,43.01207243,14.71629779,4.050301811,0.301810865,1.098591549,15.65794769,13.0945674,2.012072435,1.824949698,28.32394366,6.905432596,98.06841046,97.38430584,2.167002012,1.253521127,2.360160966,0.004024145,0.120724346,530253.5775,1.533199195,3.84305835
2018,54,70.55471698,74.83396226,0.486792453,0.056603774,0,1253.592453,47.0754717,15.17358491,4.109433962,0.218867925,1.109433962,19.26415094,13.53962264,1.569811321,1.939622642,26.83018868,6.841509434,70.81509434,74.60377358,2.18490566,1,3.067924528,0.00754717,0,540137.8642,1.543396226,2.8
2018,55,36.90943396,50.9,1.60754717,0.303773585,0.086792453,1037.466038,72.42264151,15.77735849,4.173584906,0.39245283,1.109433962,19.43207547,13.09622642,1.788679245,1.767924528,29.01886792,6.618867925,30.98113208,45.61509434,2.152830189,1.050943396,2.460377358,0.003773585,0.013207547,550282.7226,1.50754717,5.237735849
2018,56,27.54,39.61,0.4,0.23,0,55.5,19.52,15.14,4.23,0.33,1.11,11.61,12.23,1.72,1.41,26.19,6.77,26.35,39.69,2.14,1,2.44,0,0.15,560050.6,1.37,3.25