YEAR,STATE,ARR_HOUR,ARR_MIN,CF1,CF2,CF3,CITY,COUNTY,DAY,DAY_WEEK,DRUNK_DR,FATALS,HARM_EV,HOUR,LGT_COND,MAN_COLL,MINUTE,MONTH,NOT_HOUR,NOT_MIN,PERSONS,RAIL,REL_ROAD,SCH_BUS,SP_JUR,ST_CASE,VE_FORMS,WEATHER
75,6,86.61958004,86.85355877,4.669757295,3.888191983,3.779656395,1136.083992,55.35996728,15.59721843,4.127352059,0.407144805,1.115898555,13.63921462,12.91818926,1.95827652,1.092446141,26.78674666,6.695118626,86.91546223,87.06844832,2.599400055,1,1.968366512,0,0.000818107,61834,1.420234524,1.259067358
76,6,89.35738126,89.50115533,8.597432606,7.561745828,7.430808729,1127.578434,55.46213094,15.82284981,4.133247754,0.397175866,1.128369705,13.69833119,13.20179718,1.950962773,1.136842105,26.39255456,6.745571245,89.70269576,89.7915276,2.643132221,1,1.88703466,0,0.001026958,61948,1.411810013,1.134017972
77,6,89.59204781,89.7032866,6.737531602,5.7310963,5.631349115,1121.001379,54.77154677,15.61434153,4.148011951,0.504711561,1.112158125,13.55044817,13.07906228,1.978855436,1.125718226,26.85060906,6.848310733,89.85336704,89.90806711,2.573201563,1,1.905538957,0.001608826,0.003217651,62979.51528,1.439898874,1.188922087
78,6,90.85753599,90.98052498,7.212955123,5.880186283,5.75211685,1148.933954,55.79000847,15.76397121,4.049110923,0.461473328,1.124047417,13.4661304,12.88907705,1.959991533,1.176545301,26.37933954,6.845258256,91.03937341,91.10838273,2.556308213,1,1.799534293,0.001058425,0.0042337,62400.71888,1.455122777,1.229043184
79,6,92.42291457,92.49527638,7.366432161,6.499497487,6.414070352,1200.734472,55.72482412,15.64,4.162211055,0.497286432,1.113969849,13.95155779,13.08482412,1.987135678,1.147537688,26.67698492,6.789346734,92.61346734,92.67417085,2.522211055,4.734070352,1.908944724,0.001809045,0.000201005,62510.49568,1.447437186,1.168643216
80,6,93.49188641,93.6484787,7.032657201,5.989046653,5.903042596,1229.36714,56.10973631,15.76551724,4.118864097,0.543813387,1.114807302,13.90872211,12.96085193,1.957606491,1.031034483,26.39858012,6.695740365,94.39939148,94.43549696,2.507707911,3.500811359,1.952738337,0.002028398,0.002434077,62473.81116,1.415618661,1.145030426
81,6,93.18779443,93.4379015,7.531905782,6.443468951,6.380942184,1182.577944,55.92591006,15.49528908,4.144753747,0.55888651,1.107066381,13.79057816,12.97194861,1.959957173,1.04111349,26.38672377,6.601927195,94.14946467,94.19892934,2.585224839,2.828479657,1.917987152,0.001284797,0.001070664,62350.75867,1.430192719,1.14111349
82,6,93.25345958,93.64238893,5.392571012,5.360281622,5.359796067,1167.673707,56.24933236,15.78174314,4.140082544,0.533624666,1.120417577,16.42534596,13.03471716,1.971837825,1.019179412,26.32920612,6.714251032,94.36319495,94.52439913,2.663996116,3.063607672,1.911386259,0.000971109,0.000242777,62074.42729,1.450352027,1.174314154
83,6,93.84128149,94.23893372,4.528246515,4.341892883,4.33382245,1201.437271,56.13034972,15.66422108,4.163120567,0.499388604,1.118366349,16.00440205,13.64514551,1.92809978,1.025923209,27.22646124,6.779652727,95.10833945,95.26950355,2.797016385,1.923208608,1.978234287,0.00171191,0.000733676,62050.18709,1.495964784,1.16776718
84,6,92.16426832,92.71396945,4.130617667,3.950409564,3.94576046,1171.544831,55.72835953,15.77064423,4.101173345,0.503874253,1.111357095,16.50653088,13.84923622,1.922293558,1.031215408,27.60128404,6.693380562,93.61744521,93.824441,2.702014611,3.413106044,2.065972991,0.001328315,0.000885544,62269.17335,1.478857649,1.143015276
85,6,92.90263099,93.5295705,3.432651226,3.261299753,3.250281088,1202.709017,55.97593884,15.71531369,4.147065437,0.462109287,1.115358669,16.03980211,13.92444345,1.923993704,1.057117158,27.93006521,6.578592309,94.86125478,95.08724983,2.727006971,2.238138071,2.00652125,0.001574095,0.018439397,62240.2649,1.487969418,1.177647852
86,6,91.89728806,92.45633141,3.497757848,3.281229981,3.255605381,1153.085629,56.5142003,16.08904548,4.125987615,0.459534486,1.121716848,15.27888106,14.57783472,1.907537903,1.103352552,28.46978433,6.806747811,93.55455904,93.77877429,2.716634636,2.56523596,2.142216528,0.00128123,0.024770446,62359.61862,1.492846466,1.136664531
87,6,90.42431611,91.21823708,3.219858156,3.009118541,3.009118541,1159.375076,56.35400203,15.52198582,4.139412361,0.478014184,1.115298886,15.44599797,14.39067882,1.90881459,1.076595745,28.50111449,6.740628166,92.62755826,92.97203647,2.768186424,2.316919959,2.24964539,0.002634245,0.012563323,62480.76515,1.503546099,1.127254306
88,6,91.51610256,92.19794872,2.939076923,2.721230769,2.721230769,1176.462564,56.02605128,15.72348718,4.127179487,0.437538462,1.106051282,14.94502564,13.84041026,1.924717949,1.06974359,28.05230769,6.831794872,93.34974359,93.66851282,2.789538462,2.986666667,2.126153846,0.001025641,0.017435897,62448.50215,1.504820513,1.115692308
89,6,88.90403937,90.01045725,3.298954275,2.877793726,2.862210375,1171.177568,56.69530449,15.60467501,4.123641583,0.44679106,1.109698585,15.27885995,14.39491491,1.908345294,1.076071355,27.94545827,6.692843961,90.88066434,91.51712118,2.814845192,3.206479393,2.210580275,0.001230265,0.011687513,62451.18474,1.49149067,1.135739184
90,6,89.16520811,90.48303095,3.490074707,3.043116329,3.021771612,1202.476841,55.30437567,15.62881537,4.064674493,0.441622199,1.108217716,15.74813234,13.88175027,1.906083244,1.059338314,27.56776948,6.631163287,91.14493063,91.9810032,2.844397012,3.051654216,2.185699039,0.000640342,0.0226254,62351.24909,1.472572038,1.080469584
91,6,88.87124464,90.0884597,3.446828803,2.875536481,2.856223176,1192.438245,54.75441106,15.31855031,4.066285169,0.411063424,1.117787315,15.6509299,14.20600858,1.906056271,1.061516452,28.40391035,6.761325703,90.68907964,91.61373391,2.926084883,2.774439676,2.181688126,0.003814974,0.02360515,62101.78612,1.510252742,1.141392465
92,6,90.97796883,92.03439011,3.51074691,2.921816228,2.899247716,1255.169533,55.26598603,15.62976894,4.103976357,0.400322407,1.126276196,15.56851155,14.3412144,1.901128426,1.157979581,27.97474476,6.669801182,93.01531435,93.59081139,2.96587856,3.517732402,2.148844707,0.001074691,0.010478238,61874.26787,1.515045674,1.12090274
93,6,94.30946569,94.91619203,2.019528072,1.383238405,1.346623271,1213.389205,55.81475454,15.58774071,4.103878492,0.352318959,1.129373474,15.33496067,14.07567128,1.893138053,1.065907242,28.28722539,6.809330079,95.57282343,95.8855438,2.873881204,3.110116626,2.005153241,0.001084893,0.01437483,61852.02821,1.484404665,1.117982099
94,6,94.88090837,95.51227885,1.416160549,0.481911804,0.449432268,1235.619752,55.90256139,15.75600739,4.04594666,0.336149987,1.117507262,15.2754159,14.62265646,1.861103776,1.084235543,28.38288883,6.781093214,96.32770003,96.63638764,2.916820702,2.440982308,1.986796937,0.002376551,0.025349881,61897.81965,1.512278849,1.121732242
95,6,96.51757972,96.84764241,1.496047969,0.685200327,0.647587899,1219.301717,55.87980376,15.54129191,4.050967566,0.339329518,1.142545653,15.71599891,14.18043064,1.869174162,1.099754702,28.24611611,6.959389479,97.53829381,97.74652494,2.914145544,3.162714636,2.043063505,0.001635323,0.011992368,61845.53884,1.501226492,1.152357591
96,6,96.15268456,96.58333333,3.804809843,2.956935123,2.906879195,1226.402964,56.60206935,15.7287472,4.130313199,0.326621924,1.11549217,15.60934004,13.79837808,1.904362416,1.086689038,28.45497763,6.535514541,97.21532438,97.42673378,2.933724832,4.973713647,2.031040268,0.000559284,0.006431767,61793.98182,1.510346756,1.144854586
97,6,96.42360476,96.91613297,2.539493748,1.782555657,1.751143641,1190.633425,56.20341568,15.48886856,4.100030497,0.294602013,1.12473315,15.73559012,14.31747484,1.855443733,1.085391888,28.62153095,6.702043306,97.75693809,98.0073193,2.892345227,4.541628545,2.056114669,0.002134797,0.00884416,61643.05337,1.497102775,1.117413846
1998,6,96.79209512,97.1722365,2.447622108,1.760604113,1.722365039,1186.432841,56.68251928,15.26156812,4.087724936,0.30751928,1.122750643,15.71658098,13.96465296,1.849614396,1.053020566,29.43026992,6.703084833,97.84415167,98.03791774,2.96433162,4.055269923,2.103470437,0.001285347,0.011568123,61557.92352,1.530205656,1.166773779
1999,6,96.09847522,96.52382465,3.971410419,3.014612452,2.956162643,1188.669632,56.12325286,15.75984752,4.057496823,0.474904701,1.130559085,16.50127065,14.16709022,1.869758577,0.978716645,29.11531131,6.784942821,97.09307497,97.24841169,2.865628971,3.686149936,2.209974587,0.001270648,0.00476493,61577.19346,1.469504447,1.151524778
2000,6,96.47013142,96.85155317,3.92921147,2.945937873,2.86827957,1270.809737,57.41577061,15.74970131,4.042114695,0.473416965,1.120967742,16.26583035,14.09109916,1.856033453,1.100657109,28.97252091,6.707885305,97.10543608,97.3823178,2.892771804,1.853942652,2.198028674,0.001493429,0.009856631,61678.86559,1.530167264,1.140979689
2001,6,97.20745131,97.50014112,3.652554332,2.468811741,2.403048264,1188.454699,57.18656506,15.44651425,4.019475021,0.476996895,1.11656788,16.69545583,14.04854643,1.870166526,1.037538809,29.14309907,6.681625741,97.84956252,98.01495907,2.865086085,1.852667231,2.375952583,0.00254022,0.010725374,61773.95625,1.50635055,1.147050522
2002,6,98.16666667,98.31527094,3.881773399,2.681718664,2.558839628,1161.373016,56.80021894,15.43842365,4.060481664,0.479474548,1.118773946,16.50437876,13.93377121,1.900656814,1.334975369,28.46113848,6.665845649,98.53393541,98.60673235,2.860974275,2.591133005,2.237821565,0.001915709,0.002463054,61828.54187,1.521893815,1.149151615
2003,6,98.11149826,98.25783972,3.505226481,2.495041544,2.418922541,1186.250335,56.73036719,15.76011793,4.04315197,0.451889574,1.132136157,16.05414098,14.34199946,1.847493969,1.4902171,29.50683463,6.783972125,98.40203699,98.48860895,2.939962477,2.712677566,2.157330474,0.002680247,0.009648888,61868.92897,1.539533637,1.141248995
2004,6,98.23262678,98.34451301,3.133619533,2.210625168,2.116715857,1197.55326,57.35363563,15.910652,4.123423665,0.459082372,1.10544674,16.52213577,13.93184867,1.889991951,1.46927824,29.3463912,6.577944728,98.46686343,98.50415884,2.806278508,2.477595922,2.213576603,0.000536625,0.004561309,61865.40944,1.528038637,1.151864771
2005,6,98.5604053,98.63600935,1.411015848,0.553650299,0.49363471,1235.560145,57.76383476,15.79163419,4.152507145,0.458300857,1.125746947,16.34632372,13.69550533,1.899714211,1.453624318,28.94076383,6.859703819,98.6944661,98.76123668,2.834762276,1.391010652,2.263964666,0.001299039,0.015328657,61926.63939,1.51208106,1.146531567
2006,6,98.37431623,98.45610836,1.484501172,0.478510029,0.416254233,1247.294347,56.75827038,15.56889815,4.065902579,0.463401928,1.104454285,16.62047408,14.25319094,1.930450638,1.43579057,29.41495181,6.671789529,98.54206825,98.57384736,2.773899453,2.540765824,2.347486325,0.00286533,0.008335504,61920.34827,1.518103673,1.127637406
2007,6,98.45920356,98.54859371,0.866332498,0.116959064,0.082706767,1236.982178,56.61013645,15.62155388,4.091896408,0.47925369,1.112503481,16.82428293,14.18017265,1.931773879,1.410470621,29.73739905,6.591478697,97.84405458,98.12587023,2.796992481,3.420495684,2.487607909,0.00139237,0.004455583,61798.92036,1.548315233,1.115009747
2008,6,98.23847377,98.32146264,1.036883943,0.213672496,0.074721781,1272.47027,56.19872814,15.93990461,4.153895072,0.33608903,1.091891892,16.83020668,14.17678855,1.906518283,1.347535771,29.54753577,6.639427663,98.17615262,98.40826709,2.717647059,1.255325914,2.260413355,0.002225755,0.007949126,61573,1.510015898,1.119236884
2009,6,98.49415929,98.59327434,1.071504425,0.172035398,0.036814159,1279.390442,56.51646018,15.6700885,4.114690265,0.346548673,1.09380531,16.96353982,13.75539823,1.943716814,1.270088496,28.97840708,6.604955752,98.70265487,98.76920354,2.704070796,2.367079646,2.280707965,0.002477876,0.00460177,61416.48248,1.493451327,1.106548673
2010,6,97.98961661,98.16813099,1.380990415,0.279552716,0.1014377,1291.738818,56.62619808,15.92691693,4.096645367,0.308306709,1.086261981,16.93410543,13.95207668,1.995207668,1.450878594,29.11501597,6.763578275,94.08746006,95.04592652,2.356629393,2.208865815,2.170527157,0.002795527,0.004792332,61255.54952,1.476038339,2.743610224
2011,6,98.25831104,98.36301108,1.298815438,0.131448223,0.052350019,1343.048147,57.70156668,15.38517386,4.049293084,0.299579671,1.076041269,16.84371418,13.91555216,1.955674436,1.358043561,29.16507451,6.708062667,97.87466565,98.12342377,2.279327474,2.235384028,2.087504776,0.000764234,0.005349637,61310.46618,1.45892243,2.829193733
2012,6,98.50676912,98.5744603,1.202707647,0.1276985,0,1392.619832,56.00329308,15.74935968,4.087815587,0.301500183,1.085254299,16.72008782,14.18258324,1.964507867,1.335528723,30.09001098,6.709476765,98.57336261,98.64068789,2.239297475,1.325649469,2.248444932,0.002927186,0.003658983,61373.28064,1.463959019,2.371020856
2013,6,98.33531469,98.42797203,1.891608392,0.293006993,0.090559441,1376.53042,56.63076923,15.55874126,4.03006993,0.30034965,1.086363636,16.48496503,13.98986014,1.967482517,1.387762238,29.93146853,6.754545455,98.60944056,98.6986014,2.308041958,1.214335664,2.192307692,0.001748252,0.005944056,61433.95699,1.490559441,2.368881119
2014,6,98.17663519,98.40118923,1.806225953,0.273172438,0.084644981,1398.140609,57.06575726,15.48513466,4.14270724,0.303602658,1.084994753,16.99335432,14.30535152,2.026232949,1.482686254,30.05981112,6.713536201,97.8926198,98.1035327,2.323889472,2.193074502,2.164043372,0.001049318,0.01189227,61436.11647,1.502273522,2.605806226
2015,6,98.46205572,98.56900416,1.849823887,0.193723983,0.063400576,1409.287224,57.11079091,15.60518732,4.087736151,0.321805956,1.084534102,16.71725905,14.20204931,2.038744797,1.471982069,29.88504643,6.67275056,98.48575088,98.53954531,2.269612552,3.276016651,2.106308037,0.002561639,0.003842459,61566.19084,1.510726865,2.320204931
2016,6,98.55621469,98.64943503,1.846045198,0.331638418,0.070903955,1400.893503,56.27118644,16.04322034,4.121468927,0.297175141,1.083898305,16.84011299,13.84039548,2.051977401,1.537570621,29.63418079,6.807627119,98.65621469,98.72344633,2.305932203,1.170621469,2.102542373,0.000847458,0.001129944,61798.00282,1.511299435,2.350847458
2017,6,98.29251891,98.40207341,1.943121322,0.430092463,0.205940039,1404.959933,55.80806949,15.90753713,4.073129728,0.300364248,1.088260017,16.57915382,14.64359765,2.045671056,1.559540488,30.10282992,6.729055758,98.46259456,98.73269823,2.284113197,1.103950686,2.108153544,0.000280191,0.022415242,61823.09835,1.540487532,2.311011488
2018,6,98.78981283,98.85118134,1.740718012,0.22154035,0,1354.463946,57.79349494,15.50751764,4.057993249,0.255293035,1.093280147,16.27861307,14.66462105,2.04142375,1.519791347,30.15250077,6.429579626,98.91899356,98.94231359,2.233814053,1.102178582,2.177355017,0.001534213,0.010739491,61653.49095,1.529917153,2.157103406